Internal ID,Date,Document Number,Remark,Internal ID,Subsidiary (no hierarchy),Item,Amount,Blue Collar Project,Expense/COGS Account,Intercompany Expense/COGS Account,Amount (Transaction Total),Type,Account,Amount,Date,Created From,Created By,Posting,Period
6759,04-12-2024,43649,delete,6759,Graniti Vicentia LLC,,"24,638.96",,,,"24,638.96",,,0,,,,Yes,
6762,09-12-2024,43733,delete,6762,Graniti Vicentia LLC,,"7,230.80",,,,"7,230.80",,,0,,,,Yes,
6776,31-12-2024,44751,delete,6776,Graniti Vicentia LLC,,"6,390.15",,,,"6,390.15",Vendor Prepayment,10110 GV Truist Bank - 4637,"-6,390.15",22-07-2025,,PITLA SURESH,Yes,Jul-25
6778,13-11-2024,43029,delete,6778,Graniti Vicentia LLC,,"20,195.30",,,,"20,195.30",,,0,,,,Yes,
6779,11-11-2024,42938,delete,6779,Graniti Vicentia LLC,,"20,665.28",,,,"20,665.28",,,0,,,,Yes,
6780,11-11-2024,42940,delete,6780,Graniti Vicentia LLC,,"13,799.83",,,,"13,799.83",,,0,,,,Yes,
6781,11-11-2024,42941,delete,6781,Graniti Vicentia LLC,,"8,892.51",,,,"8,892.51",,,0,,,,Yes,
6782,45622,42941,delete,6782,Graniti Vicentia LLC,,36229.65,,,,36229.65,,,0,,,,Yes,
6783,28-10-2024,42375,delete,6783,Graniti Vicentia LLC,,"7,700.00",,,,"7,700.00",,,0,,,,Yes,
6785,29-10-2024,42526,delete,6785,Graniti Vicentia LLC,,771.6,,,,771.6,,,0,,,,Yes,
6786,18-11-2024,43126,delete,6786,Graniti Vicentia LLC,,"3,240.00",,,,"3,240.00",,,0,,,,Yes,
6811,13-12-2024,43830,delete,6811,Graniti Vicentia LLC,,"97,670.00",,,,"97,670.00",Vendor Prepayment,10110 GV Truist Bank - 4637,-620.58,22-07-2025,,PITLA SURESH,Yes,Jul-25
9811,07-11-2024,42876,Delete,9811,Graniti Vicentia LLC,,"2,309.01",,,,"2,309.01",,,0,,,,Yes,
9818,09-11-2024,42805,Delete,9818,Graniti Vicentia LLC,,"49,651.39",,,,"49,651.39",,,0,,,,Yes,
9819,07-11-2024,42759,Delete,9819,Graniti Vicentia LLC,,"31,399.58",,,,"31,399.58",,,0,,,,Yes,
9855,25-11-2024,43317,Delete,9855,Graniti Vicentia LLC,,"13,440.62",,,,"13,440.62",,,0,,,,Yes,
9858,20-11-2024,43253,Delete,9858,Graniti Vicentia LLC,,"11,383.08",,,,"11,383.08",,,0,,,,Yes,
9859,06-12-2024,43272,Delete,9859,Graniti Vicentia LLC,,"18,491.04",,,,"18,491.04",,,0,,,,Yes,
9865,16-12-2024,43244,Delete,9865,Graniti Vicentia LLC,,"18,918.00",,,,"18,918.00",,,0,,,,Yes,
9878,04-09-2024,41515,Delete,9878,Graniti Vicentia LLC,,"42,705.20",,,,"42,705.20",,,0,,,,Yes,
9879,24-09-2024,41808,Delete,9879,Graniti Vicentia LLC,,"32,477.00",,,,"32,477.00",,,0,,,,Yes,
9884,19-11-2024,43216,Delete,9884,Graniti Vicentia LLC,,"58,066.88",,,,"58,066.88",,,0,,,,Yes,
9885,19-11-2024,43218,Delete,9885,Graniti Vicentia LLC,,"3,15,182.76",,,,"3,15,182.76",,,0,,,,Yes,
9888,25-11-2024,43374,Delete,9888,Graniti Vicentia LLC,,"79,881.76",,,,"79,881.76",,,0,,,,Yes,
9889,11-12-2024,43790,Delete,9889,Graniti Vicentia LLC,,"93,304.00",,,,"93,304.00",,,0,,,,Yes,
9890,21-11-2024,43308,Delete,9890,Graniti Vicentia LLC,,"17,108.68",,,,"17,108.68",,,0,,,,Yes,
9891,26-11-2024,43424,Delete,9891,Graniti Vicentia LLC,,"42,216.00",,,,"42,216.00",,,0,,,,Yes,
9893,02-12-2024,43565,Delete,9893,Graniti Vicentia LLC,,"3,858.39",,,,"3,858.39",,,0,,,,Yes,
9896,18-12-2024,43919,Delete,9896,Graniti Vicentia LLC,,"6,784.96",,,,"6,784.96",,,0,,,,Yes,
9897,18-12-2024,43921,Delete,9897,Graniti Vicentia LLC,,"3,072.00",,,,"3,072.00",,,0,,,,Yes,
9899,18-12-2024,43924,Delete,9899,Graniti Vicentia LLC,,"1,683.32",,,,"1,683.32",,,0,,,,Yes,
9900,18-12-2024,43926,Delete,9900,Graniti Vicentia LLC,,"18,528.11",,,,"18,528.11",,,0,,,,Yes,
9901,18-12-2024,43928,Delete,9901,Graniti Vicentia LLC,,342.51,,,,342.51,Vendor Prepayment,10110 GV Truist Bank - 4637,-342.51,22-07-2025,,PITLA SURESH,Yes,Jul-25
9903,03-10-2024,41993,Delete,9903,Graniti Vicentia LLC,,"3,413.00",,,,"3,413.00",,,0,,,,Yes,
9904,09-12-2024,43727,Delete,9904,Graniti Vicentia LLC,,"5,686.00",,,,"5,686.00",,,0,,,,Yes,
17474,20-11-2024,43230,Delete,17474,Graniti Vicentia LLC,,"17,549.78",,,,"17,549.78",,,0,,,,Yes,
17487,24-11-2024,43351,Delete,17487,Graniti Vicentia LLC,,"19,324.52",,,,"19,324.52",,,0,,,,Yes,
17724,13-12-2024,43769,delete,17724,Graniti Vicentia LLC,,"1,692.00",,,,"1,692.00",,,0,,,,Yes,
6784,29-10-2024,42376,no records found/delete,6784,Graniti Vicentia LLC,,"3,795.05",,,,"3,795.05",,,0,,,,Yes,
9894,19-11-2024,43219,No records found/delete,9894,Graniti Vicentia LLC,,"54,985.50",,,,"54,985.50",,,0,,,,Yes,
17971,20-12-2024,43144,No records /Delete,17971,Graniti Vicentia LLC,,"1,143.80",,,,"1,143.80",,,0,,,,Yes,
6720,03-09-2024,41474,Please delete the bills and PO,6720,Graniti Vicentia LLC,,"33,154.00",,,,"33,154.00",,,0,,,,Yes,
6721,18-10-2024,42302,There is no records for this in 2025,6721,Graniti Vicentia LLC,,"2,09,550.85",,,,"2,09,550.85",,,0,,,,Yes,
6722,11-11-2024,42903,There is no records for this in 2025,6722,Graniti Vicentia LLC,,"76,925.61",,,,"76,925.61",,,0,,,,Yes,
6724,26-08-2024,42297,Please delete the bills and PO,6724,Graniti Vicentia LLC,,"77,900.16",,,,"77,900.16",,,0,,,,Yes,
6728,26-08-2024,41545,Please delete the bills and PO,6728,Graniti Vicentia LLC,,"6,783.20",,,,"6,783.20",,,0,,,,Yes,
6729,26-08-2024,41546,There is no records for this in 2025,6729,Graniti Vicentia LLC,,"36,158.00",,,,"36,158.00",,,0,,,,Yes,
6732,26-08-2024,42904,There is no records for this in 2025,6732,Graniti Vicentia LLC,,"1,06,375.42",,,,"1,06,375.42",,,0,,,,Yes,
6734,26-08-2024,41548,There is no records for this in 2025,6734,Graniti Vicentia LLC,,460,,,,460,,,0,,,,Yes,
6739,26-08-2024,42847,There is no records for this in 2025,6739,Graniti Vicentia LLC,,"5,264.00",,,,"5,264.00",,,0,,,,Yes,
6740,26-08-2024,42026,There is no records for this in 2025,6740,Graniti Vicentia LLC,,"10,719.82",,,,"10,719.82",,,0,,,,Yes,
6744,26-08-2024,43034,There is no records for this in 2025,6744,Graniti Vicentia LLC,,"28,444.00",,,,"28,444.00",,,0,,,,Yes,
