External ID,Not uploaded,Item ID,Item,Invoice ID/Reference,Vendor ID,Netsuite Name,Vendor Name,Date,Amount,Subsidiary Id,Subsidiary,Memo,Account,Bin,Bin ID,Serial/lot
NSOPENBALBILL330,#N/A,40391,cogs,W-0617,2517,,HARMONY HOSPITALITY CO LTD,06/17/2025,-28020.20,3,Graniti Vicentia LLC,Import SPS data by Invoice in NetSuite,A20032,CW-001,17,1743
NSOPENBALBILL333,#N/A,40391,cogs,W-0623,2517,,HARMONY HOSPITALITY CO LTD,06/23/2025,-69985.30,3,Graniti Vicentia LLC,Import SPS data by Invoice in NetSuite,A20035,CW-002,17,1744
NSOPENBALBILL336,#N/A,40391,cogs,851642-2071,2943,HD Expo,"HD EXPO/Hunter Hotel Investment Conference,",06/20/2025,34757.10,3,Graniti Vicentia LLC,Import SPS data by Invoice in NetSuite,A20038,CW-003,17,1745
NSOPENBALBILL337,#N/A,40391,cogs,DO24-00152,2039,HEBEIVI,HEBEI VINCENTAA SCULPTURE ENGINEER CO LTD,05/20/2025,22000.00,3,Graniti Vicentia LLC,Import SPS data by Invoice in NetSuite,A20039,CW-004,17,1746
NSOPENBALBILL338,#N/A,40391,cogs,W-0612,2157,,Hilltop Stones Inc.,06/12/2025,-10557.02,3,Graniti Vicentia LLC,Import SPS data by Invoice in NetSuite,A20040,CW-005,17,1747
NSOPENBALBILL339,#N/A,40391,cogs,11569,2464,,HJ sink,06/16/2025,-9900.00,3,Graniti Vicentia LLC,Import SPS data by Invoice in NetSuite,A20041,CW-006,17,1748
NSOPENBALBILL351,#N/A,40391,cogs,25069285668,130,,Hotel Engine,06/02/2025,151.77,3,Graniti Vicentia LLC,Import SPS data by Invoice in NetSuite,A20053,CW-007,17,1749
NSOPENBALBILL352,#N/A,40391,cogs,25069285680,130,,Hotel Engine,06/02/2025,225.49,3,Graniti Vicentia LLC,Import SPS data by Invoice in NetSuite,A20054,CW-008,17,1750
NSOPENBALBILL353,#N/A,40391,cogs,W-0521,2468,,Indus Trade & Technology,05/21/2025,-1248.37,3,Graniti Vicentia LLC,Import SPS data by Invoice in NetSuite,A20055,CW-009,17,1751
NSOPENBALBILL418,#N/A,40391,cogs,22JS010701,137,,"Jasfer Industry Co., Limited",05/26/2022,1032.65,3,Graniti Vicentia LLC,Import SPS data by Invoice in NetSuite,A20120,CW-010,17,1752
NSOPENBALBILL434,#N/A,40391,cogs,PrePayment  -,137,,"Jasfer Industry Co., Limited",03/07/2024,-8873.01,3,Graniti Vicentia LLC,Import SPS data by Invoice in NetSuite,A20136,CW-011,17,1753
NSOPENBALBILL442,#N/A,40391,cogs,W-0429,137,,"Jasfer Industry Co., Limited",04/29/2024,-1089.48,3,Graniti Vicentia LLC,Import SPS data by Invoice in NetSuite,A20144,CW-012,17,1754
NSOPENBALBILL444,#N/A,40391,cogs,24JSF04108-A (R002) - PI,137,,"Jasfer Industry Co., Limited",05/06/2024,22837.50,3,Graniti Vicentia LLC,Import SPS data by Invoice in NetSuite,A20146,CW-013,17,1755
NSOPENBALBILL445,#N/A,40391,cogs,24JSF04108-B (R002) - PI,137,,"Jasfer Industry Co., Limited",05/06/2024,5887.00,3,Graniti Vicentia LLC,Import SPS data by Invoice in NetSuite,A20147,CW-014,17,1756
NSOPENBALBILL452,#N/A,40391,cogs,W-0618 $105602.53,137,,"Jasfer Industry Co., Limited",06/18/2024,-13149.33,3,Graniti Vicentia LLC,Import SPS data by Invoice in NetSuite,A20154,CW-015,17,1757
NSOPENBALBILL454,#N/A,40391,cogs,24JS010303 23GBCI392,137,,"Jasfer Industry Co., Limited",06/26/2024,-3160.00,3,Graniti Vicentia LLC,Import SPS data by Invoice in NetSuite,A20156,CW-016,17,1758
NSOPENBALBILL455,#N/A,40391,cogs,PrePayment  - PO34677/SPS,137,,"Jasfer Industry Co., Limited",06/30/2024,-799.20,3,Graniti Vicentia LLC,Import SPS data by Invoice in NetSuite,A20157,CW-017,17,1759
NSOPENBALBILL456,#N/A,40391,cogs,PrePayment  - PO33742/SPS,137,,"Jasfer Industry Co., Limited",07/01/2024,10590.91,3,Graniti Vicentia LLC,Import SPS data by Invoice in NetSuite,A20158,CW-018,17,1760
NSOPENBALBILL457,#N/A,40391,cogs,PrePayment  - PO38987/SPS,137,,"Jasfer Industry Co., Limited",07/02/2024,-13009.33,3,Graniti Vicentia LLC,Import SPS data by Invoice in NetSuite,A20159,CW-019,17,1761
NSOPENBALBILL491,#N/A,40391,cogs,W-1008,137,,"Jasfer Industry Co., Limited",10/08/2024,-1069.62,3,Graniti Vicentia LLC,Import SPS data by Invoice in NetSuite,A20193,CW-020,17,1762
NSOPENBALBILL504,#N/A,40391,cogs,W-1104,137,,"Jasfer Industry Co., Limited",11/04/2024,-4361.42,3,Graniti Vicentia LLC,Import SPS data by Invoice in NetSuite,A20206,CW-021,17,1763
NSOPENBALBILL510,#N/A,40391,cogs,5642,137,,"Jasfer Industry Co., Limited",11/21/2024,-427.39,3,Graniti Vicentia LLC,Import SPS data by Invoice in NetSuite,A20212,CW-022,17,1764
NSOPENBALBILL518,#N/A,40391,cogs,W-1204,137,,"Jasfer Industry Co., Limited",12/04/2024,-1466.25,3,Graniti Vicentia LLC,Import SPS data by Invoice in NetSuite,A20220,CW-023,17,1765
NSOPENBALBILL528,#N/A,40391,cogs,W-0103,137,,"Jasfer Industry Co., Limited",01/03/2025,-1061.27,3,Graniti Vicentia LLC,Import SPS data by Invoice in NetSuite,A20230,CW-024,17,1766
NSOPENBALBILL532,#N/A,40391,cogs,W-0109,137,,"Jasfer Industry Co., Limited",01/09/2025,-228.07,3,Graniti Vicentia LLC,Import SPS data by Invoice in NetSuite,A20234,CW-025,17,1767
NSOPENBALBILL536,#N/A,40391,cogs,W-0117,137,,"Jasfer Industry Co., Limited",01/17/2025,-8140.67,3,Graniti Vicentia LLC,Import SPS data by Invoice in NetSuite,A20238,CW-026,17,1768
NSOPENBALBILL552,#N/A,40391,cogs,W-0124,137,,"Jasfer Industry Co., Limited",01/24/2025,-26290.30,3,Graniti Vicentia LLC,Import SPS data by Invoice in NetSuite,A20254,CW-027,17,1769
NSOPENBALBILL564,#N/A,40391,cogs,W-0402,137,,"Jasfer Industry Co., Limited",04/02/2025,-8206.78,3,Graniti Vicentia LLC,Import SPS data by Invoice in NetSuite,A20266,CW-028,17,1770
NSOPENBALBILL565,#N/A,40391,cogs,W-0414,137,,"Jasfer Industry Co., Limited",04/14/2025,-4884.00,3,Graniti Vicentia LLC,Import SPS data by Invoice in NetSuite,A20267,CW-029,17,1771
NSOPENBALBILL567,#N/A,40391,cogs,W-0422,137,,"Jasfer Industry Co., Limited",04/22/2025,-81156.24,3,Graniti Vicentia LLC,Import SPS data by Invoice in NetSuite,A20269,CW-030,17,1772
NSOPENBALBILL571,#N/A,40391,cogs,W-0506,137,,"Jasfer Industry Co., Limited",05/06/2025,-385253.20,3,Graniti Vicentia LLC,Import SPS data by Invoice in NetSuite,A20273,CW-031,17,1773
NSOPENBALBILL572,#N/A,40391,cogs,W-0508,137,,"Jasfer Industry Co., Limited",05/08/2025,-536297.22,3,Graniti Vicentia LLC,Import SPS data by Invoice in NetSuite,A20274,CW-032,17,1774
NSOPENBALBILL576,#N/A,40391,cogs,INVOICE  NO.:25BL012401,137,,"Jasfer Industry Co., Limited",05/11/2025,10.70,3,Graniti Vicentia LLC,Import SPS data by Invoice in NetSuite,A20278,CW-033,17,1775
NSOPENBALBILL577,#N/A,40391,cogs,INVOICE  NO.:25RT030503,137,,"Jasfer Industry Co., Limited",05/11/2025,243.70,3,Graniti Vicentia LLC,Import SPS data by Invoice in NetSuite,A20279,CW-034,17,1776
NSOPENBALBILL610,#N/A,40391,cogs,W-0522,137,,"Jasfer Industry Co., Limited",05/22/2025,-600000.00,3,Graniti Vicentia LLC,Import SPS data by Invoice in NetSuite,A20312,CW-035,17,1777
NSOPENBALBILL654,#N/A,40391,cogs,W-0610,137,,"Jasfer Industry Co., Limited",06/10/2025,-19228.35,3,Graniti Vicentia LLC,Import SPS data by Invoice in NetSuite,A20356,CW-036,17,1778
NSOPENBALBILL677,#N/A,40391,cogs,W-0415,2395,,Juniper Design Group,04/15/2025,-6489.69,3,Graniti Vicentia LLC,Import SPS data by Invoice in NetSuite,A20379,CW-037,17,1779
NSOPENBALBILL685,#N/A,40391,cogs,W-0625,2563,Kronos USA,KRONOS CERAMICHE,06/25/2025,-18135.00,3,Graniti Vicentia LLC,Import SPS data by Invoice in NetSuite,A20387,CW-038,17,1780
NSOPENBALBILL694,#N/A,40391,cogs,Projects-2024,163,"Marvelous Surfaces LLC	",Marvelous Surfaces,12/23/2024,19029.32,3,Graniti Vicentia LLC,Import SPS data by Invoice in NetSuite,A20396,CW-039,17,1781
NSOPENBALBILL697,#N/A,40391,cogs,W-0220,1266,,MASOMEX GLOBAL,02/20/2025,-1951.83,3,Graniti Vicentia LLC,Import SPS data by Invoice in NetSuite,A20399,CW-040,17,1782
NSOPENBALBILL699,#N/A,40391,cogs,41186415,1267,MDC Interior Solutions,MDC Wallcovering,04/10/2025,2019.56,3,Graniti Vicentia LLC,Import SPS data by Invoice in NetSuite,A20401,CW-041,17,1783
NSOPENBALBILL700,#N/A,40391,cogs,41188101,1267,MDC Interior Solutions,MDC Wallcovering,06/22/2025,-1748.55,3,Graniti Vicentia LLC,Import SPS data by Invoice in NetSuite,A20402,CW-042,17,1784
NSOPENBALBILL701,#N/A,40391,cogs,credit from overpayment,167,Mediterranean Shipping Co. USA Inc,Mediterranean Shipping Company MSC,03/03/2025,-1247.44,3,Graniti Vicentia LLC,Import SPS data by Invoice in NetSuite,A20403,CW-043,17,1785
NSOPENBALBILL702,#N/A,40391,cogs,W-0811,168,,MELLOWLAND FURNISHING INC,08/11/2023,-90.03,3,Graniti Vicentia LLC,Import SPS data by Invoice in NetSuite,A20404,CW-044,17,1786
NSOPENBALBILL703,#N/A,40391,cogs,W-0817,168,,MELLOWLAND FURNISHING INC,08/17/2023,-513.70,3,Graniti Vicentia LLC,Import SPS data by Invoice in NetSuite,A20405,CW-045,17,1787
NSOPENBALBILL704,#N/A,40391,cogs,W-0116,168,,MELLOWLAND FURNISHING INC,01/16/2024,-102.74,3,Graniti Vicentia LLC,Import SPS data by Invoice in NetSuite,A20406,CW-046,17,1788
NSOPENBALBILL709,#N/A,40391,cogs,90457176 - 60294,1962,,"MileStone Florim USA, Inc.",06/30/2025,23819.04,3,Graniti Vicentia LLC,Import SPS data by Invoice in NetSuite,A20411,CW-047,17,1789
NSOPENBALBILL711,#N/A,40391,cogs,PrePayment  - PO60188,1269,,Milliken,06/13/2025,-1026.14,3,Graniti Vicentia LLC,Import SPS data by Invoice in NetSuite,A20413,CW-048,17,1790
NSOPENBALBILL712,#N/A,40391,cogs,25336/VE,173,MirageGranitoCeramico S.p.A,Mirage Granito Ceramico S.p.A.,08/01/2024,2790.19,3,Graniti Vicentia LLC,Import SPS data by Invoice in NetSuite,A20414,CW-049,17,1791
NSOPENBALBILL713,#N/A,40391,cogs,30934/VE,173,MirageGranitoCeramico S.p.A,Mirage Granito Ceramico S.p.A.,10/01/2024,0.14,3,Graniti Vicentia LLC,Import SPS data by Invoice in NetSuite,A20415,CW-050,17,1792
NSOPENBALBILL714,#N/A,40391,cogs,45453/VE,173,MirageGranitoCeramico S.p.A,Mirage Granito Ceramico S.p.A.,11/12/2024,924.60,3,Graniti Vicentia LLC,Import SPS data by Invoice in NetSuite,A20416,CW-051,17,1793
NSOPENBALBILL715,#N/A,40391,cogs,48449/VE,173,MirageGranitoCeramico S.p.A,Mirage Granito Ceramico S.p.A.,12/04/2024,10276.70,3,Graniti Vicentia LLC,Import SPS data by Invoice in NetSuite,A20417,CW-052,17,1794
NSOPENBALBILL716,#N/A,40391,cogs,266/VE,173,MirageGranitoCeramico S.p.A,Mirage Granito Ceramico S.p.A.,01/08/2025,13717.17,3,Graniti Vicentia LLC,Import SPS data by Invoice in NetSuite,A20418,CW-053,17,1795
NSOPENBALBILL717,#N/A,40391,cogs,1200/VE,173,MirageGranitoCeramico S.p.A,Mirage Granito Ceramico S.p.A.,01/14/2025,19523.40,3,Graniti Vicentia LLC,Import SPS data by Invoice in NetSuite,A20419,CW-054,17,1796
NSOPENBALBILL718,#N/A,40391,cogs,6262/VE,173,MirageGranitoCeramico S.p.A,Mirage Granito Ceramico S.p.A.,02/18/2025,924.49,3,Graniti Vicentia LLC,Import SPS data by Invoice in NetSuite,A20420,CW-055,17,1797
NSOPENBALBILL719,#N/A,40391,cogs,7130/VE,173,MirageGranitoCeramico S.p.A,Mirage Granito Ceramico S.p.A.,02/21/2025,17010.00,3,Graniti Vicentia LLC,Import SPS data by Invoice in NetSuite,A20421,CW-056,17,1798
NSOPENBALBILL720,#N/A,40391,cogs,7266/VE,173,MirageGranitoCeramico S.p.A,Mirage Granito Ceramico S.p.A.,02/24/2025,7572.03,3,Graniti Vicentia LLC,Import SPS data by Invoice in NetSuite,A20422,CW-057,17,1799
NSOPENBALBILL721,#N/A,40391,cogs,7302/VE,173,MirageGranitoCeramico S.p.A,Mirage Granito Ceramico S.p.A.,02/24/2025,12700.80,3,Graniti Vicentia LLC,Import SPS data by Invoice in NetSuite,A20423,CW-058,17,1800
NSOPENBALBILL722,#N/A,40391,cogs,8906/VE,173,MirageGranitoCeramico S.p.A,Mirage Granito Ceramico S.p.A.,03/05/2025,106.92,3,Graniti Vicentia LLC,Import SPS data by Invoice in NetSuite,A20424,CW-059,17,1801
NSOPENBALBILL723,#N/A,40391,cogs,9937/VE,173,MirageGranitoCeramico S.p.A,Mirage Granito Ceramico S.p.A.,03/12/2025,2482.32,3,Graniti Vicentia LLC,Import SPS data by Invoice in NetSuite,A20425,CW-060,17,1802
NSOPENBALBILL724,#N/A,40391,cogs,15341/VE,173,MirageGranitoCeramico S.p.A,Mirage Granito Ceramico S.p.A.,04/10/2025,13337.65,3,Graniti Vicentia LLC,Import SPS data by Invoice in NetSuite,A20426,CW-061,17,1803
NSOPENBALBILL725,#N/A,40391,cogs,15364/VE,173,MirageGranitoCeramico S.p.A,Mirage Granito Ceramico S.p.A.,04/10/2025,12171.60,3,Graniti Vicentia LLC,Import SPS data by Invoice in NetSuite,A20427,CW-062,17,1804
NSOPENBALBILL726,#N/A,40391,cogs,19542/VE,173,MirageGranitoCeramico S.p.A,Mirage Granito Ceramico S.p.A.,05/08/2025,2116.80,3,Graniti Vicentia LLC,Import SPS data by Invoice in NetSuite,A20428,CW-063,17,1805
NSOPENBALBILL727,#N/A,40391,cogs,21576/VE,173,MirageGranitoCeramico S.p.A,Mirage Granito Ceramico S.p.A.,05/19/2025,6526.80,3,Graniti Vicentia LLC,Import SPS data by Invoice in NetSuite,A20429,CW-064,17,1806
NSOPENBALBILL728,#N/A,40391,cogs,24874/VE,173,MirageGranitoCeramico S.p.A,Mirage Granito Ceramico S.p.A.,06/05/2025,13230.00,3,Graniti Vicentia LLC,Import SPS data by Invoice in NetSuite,A20430,CW-065,17,1807
NSOPENBALBILL729,#N/A,40391,cogs,24905/VE,173,MirageGranitoCeramico S.p.A,Mirage Granito Ceramico S.p.A.,06/05/2025,13230.00,3,Graniti Vicentia LLC,Import SPS data by Invoice in NetSuite,A20431,CW-066,17,1808
NSOPENBALBILL730,#N/A,40391,cogs,24802/VE,173,MirageGranitoCeramico S.p.A,Mirage Granito Ceramico S.p.A.,06/05/2025,8467.20,3,Graniti Vicentia LLC,Import SPS data by Invoice in NetSuite,A20432,CW-067,17,1809
