NSOPENBALBILL052,40391,cogs,240412USA/254,13,1233,"Beijing Topli Decorative Materials Co., LTD",06/14/2024,06/14/2024,217.11,3,Graniti Vicentia LLC,Import SPS data by Invoice in NetSuite,A20001,966
NSOPENBALBILL053,40391,cogs,240919USA/714,13,1233,"Beijing Topli Decorative Materials Co., LTD",10-01-2024,01/10/2024,240.00,3,Graniti Vicentia LLC,Import SPS data by Invoice in NetSuite,A20001,966
NSOPENBALBILL054,40391,cogs,240923USA/725,13,1233,"Beijing Topli Decorative Materials Co., LTD",10-01-2024,01/10/2024,260.00,3,Graniti Vicentia LLC,Import SPS data by Invoice in NetSuite,A20001,966
NSOPENBALBILL055,40391,cogs,241024USA/832,13,1233,"Beijing Topli Decorative Materials Co., LTD",11-01-2024,01/11/2024,9.86,3,Graniti Vicentia LLC,Import SPS data by Invoice in NetSuite,A20001,966
NSOPENBALBILL056,40391,cogs,241024USA/836,13,1233,"Beijing Topli Decorative Materials Co., LTD",11-01-2024,01/11/2024,2381.39,3,Graniti Vicentia LLC,Import SPS data by Invoice in NetSuite,A20001,966
NSOPENBALBILL057,40391,cogs,241115USA/919,13,1233,"Beijing Topli Decorative Materials Co., LTD",11/15/2024,11/15/2024,1478.00,3,Graniti Vicentia LLC,Import SPS data by Invoice in NetSuite,A20001,966
NSOPENBALBILL058,40391,cogs,241120USA/938,13,1233,"Beijing Topli Decorative Materials Co., LTD",11/20/2024,11/20/2024,2763.97,3,Graniti Vicentia LLC,Import SPS data by Invoice in NetSuite,A20001,966
NSOPENBALBILL059,40391,cogs,241115USA/925,13,1233,"Beijing Topli Decorative Materials Co., LTD",12-01-2024,01/12/2024,589.41,3,Graniti Vicentia LLC,Import SPS data by Invoice in NetSuite,A20001,966
NSOPENBALBILL060,40391,cogs,250331USA/225,13,1233,"Beijing Topli Decorative Materials Co., LTD",03/31/2025,03/31/2025,6700.08,3,Graniti Vicentia LLC,Import SPS data by Invoice in NetSuite,A20001,966
NSOPENBALBILL061,40391,cogs,W/0409,6,1233,"Beijing Topli Decorative Materials Co., LTD",04-09-2025,09/04/2025,29627.25,3,Graniti Vicentia LLC,Import SPS data by Invoice in NetSuite,A20001,966
NSOPENBALBILL062,40391,cogs,250605USA/411,13,1233,"Beijing Topli Decorative Materials Co., LTD",06-05-2025,05/06/2025,381.36,3,Graniti Vicentia LLC,Import SPS data by Invoice in NetSuite,A20001,966
NSOPENBALBILL068,40391,cogs,GV2024101,9,1237,"Cambodian Zulite Stone Co., Ltd.",01-01-2025,01/01/2025,0.01,3,Graniti Vicentia LLC,Import SPS data by Invoice in NetSuite,A20001,966
NSOPENBALBILL069,40391,cogs,GV2024001,9,1237,"Cambodian Zulite Stone Co., Ltd.",04-01-2025,01/04/2025,58501.75,3,Graniti Vicentia LLC,Import SPS data by Invoice in NetSuite,A20001,966
NSOPENBALBILL070,40391,cogs,GV2024100/Balance,17,1237,"Cambodian Zulite Stone Co., Ltd.",04-03-2025,03/04/2025,3820.32,3,Graniti Vicentia LLC,Import SPS data by Invoice in NetSuite,A20001,966
NSOPENBALBILL071,40391,cogs,GV2025003/Balance,17,1237,"Cambodian Zulite Stone Co., Ltd.",04-03-2025,03/04/2025,5805.00,3,Graniti Vicentia LLC,Import SPS data by Invoice in NetSuite,A20001,966
NSOPENBALBILL072,40391,cogs,GV2025007,9,1237,"Cambodian Zulite Stone Co., Ltd.",04-03-2025,03/04/2025,6106.03,3,Graniti Vicentia LLC,Import SPS data by Invoice in NetSuite,A20001,966
NSOPENBALBILL073,40391,cogs,GV2025009,9,1237,"Cambodian Zulite Stone Co., Ltd.",04-03-2025,03/04/2025,17005.63,3,Graniti Vicentia LLC,Import SPS data by Invoice in NetSuite,A20001,966
NSOPENBALBILL074,40391,cogs,GV2025010,9,1237,"Cambodian Zulite Stone Co., Ltd.",04-03-2025,03/04/2025,9861.86,3,Graniti Vicentia LLC,Import SPS data by Invoice in NetSuite,A20001,966
NSOPENBALBILL075,40391,cogs,GV2025011,9,1237,"Cambodian Zulite Stone Co., Ltd.",04-03-2025,03/04/2025,12713.89,3,Graniti Vicentia LLC,Import SPS data by Invoice in NetSuite,A20001,966
NSOPENBALBILL076,40391,cogs,GV2025008,9,1237,"Cambodian Zulite Stone Co., Ltd.",04-06-2025,06/04/2025,24828.74,3,Graniti Vicentia LLC,Import SPS data by Invoice in NetSuite,A20001,966
NSOPENBALBILL077,40391,cogs,GV2025014,9,1237,"Cambodian Zulite Stone Co., Ltd.",04/14/2025,04/14/2025,7942.62,3,Graniti Vicentia LLC,Import SPS data by Invoice in NetSuite,A20001,966
NSOPENBALBILL078,40391,cogs,GV2025012/1&2,13,1237,"Cambodian Zulite Stone Co., Ltd.",04/19/2025,04/19/2025,70855.65,3,Graniti Vicentia LLC,Import SPS data by Invoice in NetSuite,A20001,966
NSOPENBALBILL079,40391,cogs,GV2025012/3&4,13,1237,"Cambodian Zulite Stone Co., Ltd.",05/17/2025,05/17/2025,95584.70,3,Graniti Vicentia LLC,Import SPS data by Invoice in NetSuite,A20001,966
NSOPENBALBILL080,40391,cogs,GV2025013,9,1237,"Cambodian Zulite Stone Co., Ltd.",06-01-2025,01/06/2025,7741.34,3,Graniti Vicentia LLC,Import SPS data by Invoice in NetSuite,A20001,966
NSOPENBALBILL081,40391,cogs,GV2025017,9,1237,"Cambodian Zulite Stone Co., Ltd.",06-01-2025,01/06/2025,2354.56,3,Graniti Vicentia LLC,Import SPS data by Invoice in NetSuite,A20001,966
NSOPENBALBILL082,40391,cogs,GV2025019,9,1237,"Cambodian Zulite Stone Co., Ltd.",06-01-2025,01/06/2025,4876.07,3,Graniti Vicentia LLC,Import SPS data by Invoice in NetSuite,A20001,966
NSOPENBALBILL088,40391,cogs,112294,6,1244,Easy Stones,05/21/2025,05/21/2025,1776.70,3,Graniti Vicentia LLC,Import SPS data by Invoice in NetSuite,A20001,966
NSOPENBALBILL089,40391,cogs,112662,6,1244,Easy Stones,05/27/2025,05/27/2025,2100.57,3,Graniti Vicentia LLC,Import SPS data by Invoice in NetSuite,A20001,966
NSOPENBALBILL090,40391,cogs,112673,6,1244,Easy Stones,06-03-2025,03/06/2025,5251.42,3,Graniti Vicentia LLC,Import SPS data by Invoice in NetSuite,A20001,966
NSOPENBALBILL091,40391,cogs,W/0530,6,2660,F.B. STONES S.R.L.,05/30/2025,05/30/2025,19276.89,3,Graniti Vicentia LLC,Import SPS data by Invoice in NetSuite,A20001,966
NSOPENBALBILL100,40391,cogs,INV24801,8,2289,Fil Doux Textiles,06/20/2025,06/20/2025,37.49,3,Graniti Vicentia LLC,Import SPS data by Invoice in NetSuite,A20001,966
NSOPENBALBILL101,40391,cogs,20240524,8,1252,FPD SHPK,05/24/2024,05/24/2024,2192.40,3,Graniti Vicentia LLC,Import SPS data by Invoice in NetSuite,A20001,966
NSOPENBALBILL102,40391,cogs,26919 / Invoice,15,1252,FPD SHPK,06/30/2025,06/30/2025,27074.77,3,Graniti Vicentia LLC,Import SPS data by Invoice in NetSuite,A20001,966
NSOPENBALBILL103,40391,cogs,2022/FE/0000488,15,1253,GIBAM SHOPS SPA,10/13/2022,10/13/2022,15010.14,3,Graniti Vicentia LLC,Import SPS data by Invoice in NetSuite,A20001,966
NSOPENBALBILL104,40391,cogs,2022/FE/0000590,15,1253,GIBAM SHOPS SPA,12/23/2022,12/23/2022,353.77,3,Graniti Vicentia LLC,Import SPS data by Invoice in NetSuite,A20001,966
NSOPENBALBILL105,40391,cogs,"215, 216, 217, 218",18,1253,GIBAM SHOPS SPA,05-06-2023,06/05/2023,3763.20,3,Graniti Vicentia LLC,Import SPS data by Invoice in NetSuite,A20001,966
NSOPENBALBILL107,40391,cogs,2023/FE/0000289,15,1253,GIBAM SHOPS SPA,07/26/2023,07/26/2023,77.36,3,Graniti Vicentia LLC,Import SPS data by Invoice in NetSuite,A20001,966
NSOPENBALBILL108,40391,cogs,2023/FE/0000325,15,1253,GIBAM SHOPS SPA,08-04-2023,04/08/2023,76.52,3,Graniti Vicentia LLC,Import SPS data by Invoice in NetSuite,A20001,966
NSOPENBALBILL109,40391,cogs,"335, 342, 374, 550",18,1253,GIBAM SHOPS SPA,09/29/2023,09/29/2023,4370.13,3,Graniti Vicentia LLC,Import SPS data by Invoice in NetSuite,A20001,966
NSOPENBALBILL111,40391,cogs,"337, 343, 376, 552",18,1253,GIBAM SHOPS SPA,09/29/2023,09/29/2023,2121.17,3,Graniti Vicentia LLC,Import SPS data by Invoice in NetSuite,A20001,966
NSOPENBALBILL112,40391,cogs,2023/FE/0000353,15,1253,GIBAM SHOPS SPA,10-05-2023,05/10/2023,113.05,3,Graniti Vicentia LLC,Import SPS data by Invoice in NetSuite,A20001,966
NSOPENBALBILL113,40391,cogs,"357, 358, 359",13,1253,GIBAM SHOPS SPA,10/17/2023,10/17/2023,28363.48,3,Graniti Vicentia LLC,Import SPS data by Invoice in NetSuite,A20001,966
NSOPENBALBILL114,40391,cogs,2023/FE/0000360,15,1253,GIBAM SHOPS SPA,10/19/2023,10/19/2023,2026.26,3,Graniti Vicentia LLC,Import SPS data by Invoice in NetSuite,A20001,966
NSOPENBALBILL115,40391,cogs,2023/FE/0000361,15,1253,GIBAM SHOPS SPA,10/19/2023,10/19/2023,8549.34,3,Graniti Vicentia LLC,Import SPS data by Invoice in NetSuite,A20001,966
NSOPENBALBILL116,40391,cogs,2023/FE/0000362,15,1253,GIBAM SHOPS SPA,10/19/2023,10/19/2023,474.15,3,Graniti Vicentia LLC,Import SPS data by Invoice in NetSuite,A20001,966
NSOPENBALBILL117,40391,cogs,2023/FE/0000363,15,1253,GIBAM SHOPS SPA,10/19/2023,10/19/2023,499.63,3,Graniti Vicentia LLC,Import SPS data by Invoice in NetSuite,A20001,966
NSOPENBALBILL118,40391,cogs,2023/FE/0000371,15,1253,GIBAM SHOPS SPA,10/24/2023,10/24/2023,1315.54,3,Graniti Vicentia LLC,Import SPS data by Invoice in NetSuite,A20001,966
NSOPENBALBILL119,40391,cogs,2023/FE/0000373,15,1253,GIBAM SHOPS SPA,10/26/2023,10/26/2023,617.38,3,Graniti Vicentia LLC,Import SPS data by Invoice in NetSuite,A20001,966
NSOPENBALBILL121,40391,cogs,2023/FE/0000394,15,1253,GIBAM SHOPS SPA,11-02-2023,02/11/2023,98.70,3,Graniti Vicentia LLC,Import SPS data by Invoice in NetSuite,A20001,966
NSOPENBALBILL122,40391,cogs,2023/FE/0000395,15,1253,GIBAM SHOPS SPA,11-02-2023,02/11/2023,128.39,3,Graniti Vicentia LLC,Import SPS data by Invoice in NetSuite,A20001,966
NSOPENBALBILL123,40391,cogs,2023/FE/0000396,15,1253,GIBAM SHOPS SPA,11-02-2023,02/11/2023,105.42,3,Graniti Vicentia LLC,Import SPS data by Invoice in NetSuite,A20001,966
NSOPENBALBILL125,40391,cogs,2023/FE/0000418,15,1253,GIBAM SHOPS SPA,11/16/2023,11/16/2023,464.73,3,Graniti Vicentia LLC,Import SPS data by Invoice in NetSuite,A20001,966
NSOPENBALBILL126,40391,cogs,2023/FE/0000420,15,1253,GIBAM SHOPS SPA,11/16/2023,11/16/2023,4017.52,3,Graniti Vicentia LLC,Import SPS data by Invoice in NetSuite,A20001,966
NSOPENBALBILL127,40391,cogs,"426,427,429, 431",16,1253,GIBAM SHOPS SPA,11/24/2023,11/24/2023,18493.66,3,Graniti Vicentia LLC,Import SPS data by Invoice in NetSuite,A20001,966
NSOPENBALBILL128,40391,cogs,"428, 430",8,1253,GIBAM SHOPS SPA,11/24/2023,11/24/2023,3012.03,3,Graniti Vicentia LLC,Import SPS data by Invoice in NetSuite,A20001,966
NSOPENBALBILL129,40391,cogs,2023/FE/0000434,15,1253,GIBAM SHOPS SPA,11/29/2023,11/29/2023,406.75,3,Graniti Vicentia LLC,Import SPS data by Invoice in NetSuite,A20001,966
NSOPENBALBILL131,40391,cogs,"366, 458, 547",13,1253,GIBAM SHOPS SPA,11/30/2023,11/30/2023,7652.58,3,Graniti Vicentia LLC,Import SPS data by Invoice in NetSuite,A20001,966
NSOPENBALBILL133,40391,cogs,2023/FE/0000438,15,1253,GIBAM SHOPS SPA,11/30/2023,11/30/2023,1152.50,3,Graniti Vicentia LLC,Import SPS data by Invoice in NetSuite,A20001,966
NSOPENBALBILL134,40391,cogs,2023/FE/0000439,15,1253,GIBAM SHOPS SPA,11/30/2023,11/30/2023,2487.10,3,Graniti Vicentia LLC,Import SPS data by Invoice in NetSuite,A20001,966
NSOPENBALBILL135,40391,cogs,2023/FE/0000441,15,1253,GIBAM SHOPS SPA,11/30/2023,11/30/2023,11450.08,3,Graniti Vicentia LLC,Import SPS data by Invoice in NetSuite,A20001,966
NSOPENBALBILL136,40391,cogs,2023/FE/0000455,15,1253,GIBAM SHOPS SPA,11/30/2023,11/30/2023,696.59,3,Graniti Vicentia LLC,Import SPS data by Invoice in NetSuite,A20001,966
NSOPENBALBILL137,40391,cogs,2023/FE/0000456,15,1253,GIBAM SHOPS SPA,11/30/2023,11/30/2023,9825.87,3,Graniti Vicentia LLC,Import SPS data by Invoice in NetSuite,A20001,966
NSOPENBALBILL138,40391,cogs,2023/FE/0000457,15,1253,GIBAM SHOPS SPA,11/30/2023,11/30/2023,4505.11,3,Graniti Vicentia LLC,Import SPS data by Invoice in NetSuite,A20001,966
NSOPENBALBILL139,40391,cogs,"421, 440",8,1253,GIBAM SHOPS SPA,11/30/2023,11/30/2023,2580.30,3,Graniti Vicentia LLC,Import SPS data by Invoice in NetSuite,A20001,966
NSOPENBALBILL140,40391,cogs,"442, 475",8,1253,GIBAM SHOPS SPA,11/30/2023,11/30/2023,6708.68,3,Graniti Vicentia LLC,Import SPS data by Invoice in NetSuite,A20001,966
NSOPENBALBILL141,40391,cogs,"465, 466",8,1253,GIBAM SHOPS SPA,12-05-2023,05/12/2023,2367.23,3,Graniti Vicentia LLC,Import SPS data by Invoice in NetSuite,A20001,966
NSOPENBALBILL142,40391,cogs,2023/FE/0000474,15,1253,GIBAM SHOPS SPA,12/14/2023,12/14/2023,4874.12,3,Graniti Vicentia LLC,Import SPS data by Invoice in NetSuite,A20001,966
NSOPENBALBILL144,40391,cogs,"489, 502, 506",13,1253,GIBAM SHOPS SPA,12/20/2023,12/20/2023,5824.31,3,Graniti Vicentia LLC,Import SPS data by Invoice in NetSuite,A20001,966
NSOPENBALBILL145,40391,cogs,"490, 493, 495, 503",18,1253,GIBAM SHOPS SPA,12/20/2023,12/20/2023,15220.37,3,Graniti Vicentia LLC,Import SPS data by Invoice in NetSuite,A20001,966
NSOPENBALBILL147,40391,cogs,2023/FE/0000514,15,1253,GIBAM SHOPS SPA,12/27/2023,12/27/2023,2594.64,3,Graniti Vicentia LLC,Import SPS data by Invoice in NetSuite,A20001,966
NSOPENBALBILL148,40391,cogs,"511, 512, 517, 520",18,1253,GIBAM SHOPS SPA,12/27/2023,12/27/2023,37869.09,3,Graniti Vicentia LLC,Import SPS data by Invoice in NetSuite,A20001,966
NSOPENBALBILL149,40391,cogs,2023/FE/0000513,15,1253,GIBAM SHOPS SPA,12/28/2023,12/28/2023,1529.86,3,Graniti Vicentia LLC,Import SPS data by Invoice in NetSuite,A20001,966
NSOPENBALBILL150,40391,cogs,2023/FE/0000515,15,1253,GIBAM SHOPS SPA,12/28/2023,12/28/2023,9659.23,3,Graniti Vicentia LLC,Import SPS data by Invoice in NetSuite,A20001,966
NSOPENBALBILL151,40391,cogs,2023/FE/0000516,15,1253,GIBAM SHOPS SPA,12/28/2023,12/28/2023,1422.94,3,Graniti Vicentia LLC,Import SPS data by Invoice in NetSuite,A20001,966
NSOPENBALBILL152,40391,cogs,"518, 521",8,1253,GIBAM SHOPS SPA,12/28/2023,12/28/2023,6957.88,3,Graniti Vicentia LLC,Import SPS data by Invoice in NetSuite,A20001,966
NSOPENBALBILL153,40391,cogs,"522, 527, 537, 539",18,1253,GIBAM SHOPS SPA,12/28/2023,12/28/2023,5599.05,3,Graniti Vicentia LLC,Import SPS data by Invoice in NetSuite,A20001,966
NSOPENBALBILL154,40391,cogs,2023/FE/0000531,15,1253,GIBAM SHOPS SPA,12/31/2023,12/31/2023,4225.59,3,Graniti Vicentia LLC,Import SPS data by Invoice in NetSuite,A20001,966
NSOPENBALBILL155,40391,cogs,2023/FE/0000533,15,1253,GIBAM SHOPS SPA,12/31/2023,12/31/2023,1573.68,3,Graniti Vicentia LLC,Import SPS data by Invoice in NetSuite,A20001,966
NSOPENBALBILL156,40391,cogs,2023/FE/0000535,15,1253,GIBAM SHOPS SPA,12/31/2023,12/31/2023,3966.62,3,Graniti Vicentia LLC,Import SPS data by Invoice in NetSuite,A20001,966
NSOPENBALBILL157,40391,cogs,2023/FE/0000538,15,1253,GIBAM SHOPS SPA,12/31/2023,12/31/2023,14318.36,3,Graniti Vicentia LLC,Import SPS data by Invoice in NetSuite,A20001,966
NSOPENBALBILL158,40391,cogs,2023/FE/0000544,15,1253,GIBAM SHOPS SPA,12/31/2023,12/31/2023,21576.50,3,Graniti Vicentia LLC,Import SPS data by Invoice in NetSuite,A20001,966
NSOPENBALBILL159,40391,cogs,2023/FE/0000549,15,1253,GIBAM SHOPS SPA,12/31/2023,12/31/2023,296.84,3,Graniti Vicentia LLC,Import SPS data by Invoice in NetSuite,A20001,966
NSOPENBALBILL160,40391,cogs,2023/FE/0000553,15,1253,GIBAM SHOPS SPA,12/31/2023,12/31/2023,7368.88,3,Graniti Vicentia LLC,Import SPS data by Invoice in NetSuite,A20001,966
NSOPENBALBILL162,40391,cogs,"530, 536",8,1253,GIBAM SHOPS SPA,12/31/2023,12/31/2023,568.76,3,Graniti Vicentia LLC,Import SPS data by Invoice in NetSuite,A20001,966
NSOPENBALBILL164,40391,cogs,36065 / PI,10,1253,GIBAM SHOPS SPA,01-01-2024,01/01/2024,30910.47,3,Graniti Vicentia LLC,Import SPS data by Invoice in NetSuite,A20001,966
NSOPENBALBILL165,40391,cogs,2023/FE/0000392,15,1253,GIBAM SHOPS SPA,01-01-2024,01/01/2024,1425.18,3,Graniti Vicentia LLC,Import SPS data by Invoice in NetSuite,A20001,966
NSOPENBALBILL166,40391,cogs,2024/FE/0000001,15,1253,GIBAM SHOPS SPA,01-11-2024,11/01/2024,997.21,3,Graniti Vicentia LLC,Import SPS data by Invoice in NetSuite,A20001,966
NSOPENBALBILL167,40391,cogs,2024/FE/0000010,15,1253,GIBAM SHOPS SPA,01/31/2024,01/31/2024,778.75,3,Graniti Vicentia LLC,Import SPS data by Invoice in NetSuite,A20001,966
NSOPENBALBILL168,40391,cogs,"16, 17, 18, 19",14,1253,GIBAM SHOPS SPA,02/15/2024,02/15/2024,65859.13,3,Graniti Vicentia LLC,Import SPS data by Invoice in NetSuite,A20001,966
NSOPENBALBILL169,40391,cogs,2024/FE/0000025,15,1253,GIBAM SHOPS SPA,02/22/2024,02/22/2024,12002.19,3,Graniti Vicentia LLC,Import SPS data by Invoice in NetSuite,A20001,966
NSOPENBALBILL170,40391,cogs,"22, 23, 24, 26, 27",18,1253,GIBAM SHOPS SPA,02/22/2024,02/22/2024,72378.73,3,Graniti Vicentia LLC,Import SPS data by Invoice in NetSuite,A20001,966
NSOPENBALBILL171,40391,cogs,2024/FE/0000037,15,1253,GIBAM SHOPS SPA,02/28/2024,02/28/2024,17327.87,3,Graniti Vicentia LLC,Import SPS data by Invoice in NetSuite,A20001,966
NSOPENBALBILL172,40391,cogs,2024/FE/0000036,15,1253,GIBAM SHOPS SPA,02/28/2024,02/28/2024,854.09,3,Graniti Vicentia LLC,Import SPS data by Invoice in NetSuite,A20001,966
NSOPENBALBILL173,40391,cogs,2024/FE/0000035,15,1253,GIBAM SHOPS SPA,02/28/2024,02/28/2024,1265.60,3,Graniti Vicentia LLC,Import SPS data by Invoice in NetSuite,A20001,966
NSOPENBALBILL174,40391,cogs,2024/FE/0000038,15,1253,GIBAM SHOPS SPA,02/28/2024,02/28/2024,3526.96,3,Graniti Vicentia LLC,Import SPS data by Invoice in NetSuite,A20001,966
NSOPENBALBILL175,40391,cogs,"39, 40, 41, 50, 56",18,1253,GIBAM SHOPS SPA,02/28/2024,02/28/2024,61328.73,3,Graniti Vicentia LLC,Import SPS data by Invoice in NetSuite,A20001,966
NSOPENBALBILL176,40391,cogs,"2024/FE/0000052, 88",19,1253,GIBAM SHOPS SPA,02/29/2024,02/29/2024,9330.63,3,Graniti Vicentia LLC,Import SPS data by Invoice in NetSuite,A20001,966
NSOPENBALBILL177,40391,cogs,2024/FE/0000054,15,1253,GIBAM SHOPS SPA,02/29/2024,02/29/2024,1166.89,3,Graniti Vicentia LLC,Import SPS data by Invoice in NetSuite,A20001,966
NSOPENBALBILL178,40391,cogs,2024/FE/0000053,15,1253,GIBAM SHOPS SPA,02/29/2024,02/29/2024,581.54,3,Graniti Vicentia LLC,Import SPS data by Invoice in NetSuite,A20001,966
NSOPENBALBILL179,40391,cogs,2024/FE/0000058,15,1253,GIBAM SHOPS SPA,03-01-2024,01/03/2024,14947.40,3,Graniti Vicentia LLC,Import SPS data by Invoice in NetSuite,A20001,966
NSOPENBALBILL180,40391,cogs,"59, 66, 67, 68",14,1253,GIBAM SHOPS SPA,03-01-2024,01/03/2024,44105.01,3,Graniti Vicentia LLC,Import SPS data by Invoice in NetSuite,A20001,966
NSOPENBALBILL181,40391,cogs,2024/FE/0000062,15,1253,GIBAM SHOPS SPA,03-04-2024,04/03/2024,119.10,3,Graniti Vicentia LLC,Import SPS data by Invoice in NetSuite,A20001,966
NSOPENBALBILL182,40391,cogs,2024/FE/0000063,15,1253,GIBAM SHOPS SPA,03-04-2024,04/03/2024,109.35,3,Graniti Vicentia LLC,Import SPS data by Invoice in NetSuite,A20001,966
NSOPENBALBILL183,40391,cogs,2024/FE/0000069,15,1253,GIBAM SHOPS SPA,03-08-2024,08/03/2024,8243.17,3,Graniti Vicentia LLC,Import SPS data by Invoice in NetSuite,A20001,966
NSOPENBALBILL184,40391,cogs,"2024/FE/0000077,78",18,1253,GIBAM SHOPS SPA,03/15/2024,03/15/2024,52.59,3,Graniti Vicentia LLC,Import SPS data by Invoice in NetSuite,A20001,966
NSOPENBALBILL185,40391,cogs,2024/FE/0000074,15,1253,GIBAM SHOPS SPA,03/15/2024,03/15/2024,20216.38,3,Graniti Vicentia LLC,Import SPS data by Invoice in NetSuite,A20001,966
NSOPENBALBILL186,40391,cogs,2024/FE/0000075,15,1253,GIBAM SHOPS SPA,03/15/2024,03/15/2024,2765.95,3,Graniti Vicentia LLC,Import SPS data by Invoice in NetSuite,A20001,966
NSOPENBALBILL188,40391,cogs,2024/FE/0000085,15,1253,GIBAM SHOPS SPA,03/21/2024,03/21/2024,212.86,3,Graniti Vicentia LLC,Import SPS data by Invoice in NetSuite,A20001,966
NSOPENBALBILL189,40391,cogs,2024/FE/0000084,15,1253,GIBAM SHOPS SPA,03/21/2024,03/21/2024,196.17,3,Graniti Vicentia LLC,Import SPS data by Invoice in NetSuite,A20001,966
NSOPENBALBILL190,40391,cogs,2024/FE/0000086,15,1253,GIBAM SHOPS SPA,03/21/2024,03/21/2024,210.84,3,Graniti Vicentia LLC,Import SPS data by Invoice in NetSuite,A20001,966
NSOPENBALBILL191,40391,cogs,2024/FE/0000082,15,1253,GIBAM SHOPS SPA,03/21/2024,03/21/2024,9027.12,3,Graniti Vicentia LLC,Import SPS data by Invoice in NetSuite,A20001,966
NSOPENBALBILL192,40391,cogs,2024/FE/0000083,15,1253,GIBAM SHOPS SPA,03/21/2024,03/21/2024,220.00,3,Graniti Vicentia LLC,Import SPS data by Invoice in NetSuite,A20001,966
NSOPENBALBILL193,40391,cogs,2024/FE/0000081,15,1253,GIBAM SHOPS SPA,03/21/2024,03/21/2024,244.03,3,Graniti Vicentia LLC,Import SPS data by Invoice in NetSuite,A20001,966
NSOPENBALBILL194,40391,cogs,"95, 96, 97",10,1253,GIBAM SHOPS SPA,03/28/2024,03/28/2024,46656.74,3,Graniti Vicentia LLC,Import SPS data by Invoice in NetSuite,A20001,966
NSOPENBALBILL196,40391,cogs,108109,6,1253,GIBAM SHOPS SPA,05-04-2024,04/05/2024,54.26,3,Graniti Vicentia LLC,Import SPS data by Invoice in NetSuite,A20001,966
NSOPENBALBILL197,40391,cogs,2023/FE/0000499,15,1253,GIBAM SHOPS SPA,06-01-2024,01/06/2024,109.44,3,Graniti Vicentia LLC,Import SPS data by Invoice in NetSuite,A20001,966
NSOPENBALBILL198,40391,cogs,2023/FE/0000509,15,1253,GIBAM SHOPS SPA,06-01-2024,01/06/2024,9403.44,3,Graniti Vicentia LLC,Import SPS data by Invoice in NetSuite,A20001,966
NSOPENBALBILL199,40391,cogs,2023/FE/0000510,15,1253,GIBAM SHOPS SPA,06-01-2024,01/06/2024,513.27,3,Graniti Vicentia LLC,Import SPS data by Invoice in NetSuite,A20001,966
NSOPENBALBILL201,40391,cogs,2024/FE/0000191,15,1253,GIBAM SHOPS SPA,06/24/2024,06/24/2024,0.91,3,Graniti Vicentia LLC,Import SPS data by Invoice in NetSuite,A20001,966
NSOPENBALBILL202,40391,cogs,"194, 195",8,1253,GIBAM SHOPS SPA,06/26/2024,06/26/2024,22.49,3,Graniti Vicentia LLC,Import SPS data by Invoice in NetSuite,A20001,966
NSOPENBALBILL203,40391,cogs,2024/FE/0000197,15,1253,GIBAM SHOPS SPA,06/28/2024,06/28/2024,0.01,3,Graniti Vicentia LLC,Import SPS data by Invoice in NetSuite,A20001,966
NSOPENBALBILL205,40391,cogs,"222, 223, 224",13,1253,GIBAM SHOPS SPA,06/28/2024,06/28/2024,360.01,3,Graniti Vicentia LLC,Import SPS data by Invoice in NetSuite,A20001,966
NSOPENBALBILL206,40391,cogs,2024/FE/0000236,15,1253,GIBAM SHOPS SPA,07-12-2024,12/07/2024,2577.97,3,Graniti Vicentia LLC,Import SPS data by Invoice in NetSuite,A20001,966
NSOPENBALBILL207,40391,cogs,2024/FE/0000238,15,1253,GIBAM SHOPS SPA,07/22/2024,07/22/2024,1694.15,3,Graniti Vicentia LLC,Import SPS data by Invoice in NetSuite,A20001,966
NSOPENBALBILL208,40391,cogs,2024/FE/0000243,15,1253,GIBAM SHOPS SPA,07/23/2024,07/23/2024,178.90,3,Graniti Vicentia LLC,Import SPS data by Invoice in NetSuite,A20001,966
NSOPENBALBILL209,40391,cogs,2024/FE/0000244,15,1253,GIBAM SHOPS SPA,07/23/2024,07/23/2024,544.11,3,Graniti Vicentia LLC,Import SPS data by Invoice in NetSuite,A20001,966
NSOPENBALBILL210,40391,cogs,2024/FE/0000267,15,1253,GIBAM SHOPS SPA,07/31/2024,07/31/2024,14790.76,3,Graniti Vicentia LLC,Import SPS data by Invoice in NetSuite,A20001,966
NSOPENBALBILL211,40391,cogs,2024/FE/0000266,15,1253,GIBAM SHOPS SPA,07/31/2024,07/31/2024,1735.67,3,Graniti Vicentia LLC,Import SPS data by Invoice in NetSuite,A20001,966
NSOPENBALBILL212,40391,cogs,2024/FE/0000168,15,1253,GIBAM SHOPS SPA,08-01-2024,01/08/2024,19051.06,3,Graniti Vicentia LLC,Import SPS data by Invoice in NetSuite,A20001,966
NSOPENBALBILL213,40391,cogs,2023/FE/0000364,15,1253,GIBAM SHOPS SPA,08-01-2024,01/08/2024,6194.25,3,Graniti Vicentia LLC,Import SPS data by Invoice in NetSuite,A20001,966
NSOPENBALBILL214,40391,cogs,"269, 270. 272, 311",18,1253,GIBAM SHOPS SPA,08-02-2024,02/08/2024,36810.02,3,Graniti Vicentia LLC,Import SPS data by Invoice in NetSuite,A20001,966
NSOPENBALBILL216,40391,cogs,2024/FE/0000264,15,1253,GIBAM SHOPS SPA,08-07-2024,07/08/2024,17241.56,3,Graniti Vicentia LLC,Import SPS data by Invoice in NetSuite,A20001,966
NSOPENBALBILL218,40391,cogs,"280, 281, 283, 285",18,1253,GIBAM SHOPS SPA,08/28/2024,08/28/2024,41698.42,3,Graniti Vicentia LLC,Import SPS data by Invoice in NetSuite,A20001,966
NSOPENBALBILL219,40391,cogs,"282, 284",8,1253,GIBAM SHOPS SPA,08/28/2024,08/28/2024,3622.29,3,Graniti Vicentia LLC,Import SPS data by Invoice in NetSuite,A20001,966
NSOPENBALBILL220,40391,cogs,2024/FE/0000288,15,1253,GIBAM SHOPS SPA,09-09-2024,09/09/2024,1886.60,3,Graniti Vicentia LLC,Import SPS data by Invoice in NetSuite,A20001,966
NSOPENBALBILL221,40391,cogs,"291, 292",8,1253,GIBAM SHOPS SPA,09-12-2024,12/09/2024,33.13,3,Graniti Vicentia LLC,Import SPS data by Invoice in NetSuite,A20001,966
NSOPENBALBILL222,40391,cogs,"300, 302, 304",13,1253,GIBAM SHOPS SPA,09/23/2024,09/23/2024,33433.33,3,Graniti Vicentia LLC,Import SPS data by Invoice in NetSuite,A20001,966
NSOPENBALBILL223,40391,cogs,2024/FE/0000298,15,1253,GIBAM SHOPS SPA,09/23/2024,09/23/2024,3415.51,3,Graniti Vicentia LLC,Import SPS data by Invoice in NetSuite,A20001,966
NSOPENBALBILL224,40391,cogs,2024/FE/0000297,15,1253,GIBAM SHOPS SPA,09/23/2024,09/23/2024,17556.60,3,Graniti Vicentia LLC,Import SPS data by Invoice in NetSuite,A20001,966
NSOPENBALBILL225,40391,cogs,2024/FE/0000300,15,1253,GIBAM SHOPS SPA,09/23/2024,09/23/2024,9093.95,3,Graniti Vicentia LLC,Import SPS data by Invoice in NetSuite,A20001,966
NSOPENBALBILL226,40391,cogs,"299, 301, 303",13,1253,GIBAM SHOPS SPA,09/23/2024,09/23/2024,8798.44,3,Graniti Vicentia LLC,Import SPS data by Invoice in NetSuite,A20001,966
NSOPENBALBILL227,40391,cogs,2024/FE/0000318,15,1253,GIBAM SHOPS SPA,09/30/2024,09/30/2024,1290.00,3,Graniti Vicentia LLC,Import SPS data by Invoice in NetSuite,A20001,966
NSOPENBALBILL228,40391,cogs,2024/FE/0000310,15,1253,GIBAM SHOPS SPA,09/30/2024,09/30/2024,8931.69,3,Graniti Vicentia LLC,Import SPS data by Invoice in NetSuite,A20001,966
NSOPENBALBILL229,40391,cogs,2024/FE/0000315,15,1253,GIBAM SHOPS SPA,09/30/2024,09/30/2024,2736.38,3,Graniti Vicentia LLC,Import SPS data by Invoice in NetSuite,A20001,966
NSOPENBALBILL230,40391,cogs,2024/FE/0000316,15,1253,GIBAM SHOPS SPA,09/30/2024,09/30/2024,455.49,3,Graniti Vicentia LLC,Import SPS data by Invoice in NetSuite,A20001,966
NSOPENBALBILL231,40391,cogs,2024/FE/0000317,15,1253,GIBAM SHOPS SPA,09/30/2024,09/30/2024,6183.03,3,Graniti Vicentia LLC,Import SPS data by Invoice in NetSuite,A20001,966
NSOPENBALBILL232,40391,cogs,2024/FE/0000319,15,1253,GIBAM SHOPS SPA,09/30/2024,09/30/2024,585.79,3,Graniti Vicentia LLC,Import SPS data by Invoice in NetSuite,A20001,966
NSOPENBALBILL233,40391,cogs,2024/FE/0000328,15,1253,GIBAM SHOPS SPA,10-03-2024,03/10/2024,973.31,3,Graniti Vicentia LLC,Import SPS data by Invoice in NetSuite,A20001,966
NSOPENBALBILL234,40391,cogs,2024/FE/0000329,15,1253,GIBAM SHOPS SPA,10-03-2024,03/10/2024,19186.27,3,Graniti Vicentia LLC,Import SPS data by Invoice in NetSuite,A20001,966
NSOPENBALBILL235,40391,cogs,2024/FE/0000330,15,1253,GIBAM SHOPS SPA,10-03-2024,03/10/2024,154.73,3,Graniti Vicentia LLC,Import SPS data by Invoice in NetSuite,A20001,966
NSOPENBALBILL236,40391,cogs,2024/FE/0000331,15,1253,GIBAM SHOPS SPA,10-03-2024,03/10/2024,292.65,3,Graniti Vicentia LLC,Import SPS data by Invoice in NetSuite,A20001,966
NSOPENBALBILL237,40391,cogs,"314, 327",8,1253,GIBAM SHOPS SPA,10-03-2024,03/10/2024,10517.66,3,Graniti Vicentia LLC,Import SPS data by Invoice in NetSuite,A20001,966
NSOPENBALBILL239,40391,cogs,"333, 335, 337, 339",18,1253,GIBAM SHOPS SPA,10-07-2024,07/10/2024,65465.84,3,Graniti Vicentia LLC,Import SPS data by Invoice in NetSuite,A20001,966
NSOPENBALBILL240,40391,cogs,2024/FE/0000358,15,1253,GIBAM SHOPS SPA,10/21/2024,10/21/2024,3775.85,3,Graniti Vicentia LLC,Import SPS data by Invoice in NetSuite,A20001,966
NSOPENBALBILL241,40391,cogs,2024/FE/0000359,15,1253,GIBAM SHOPS SPA,10/28/2024,10/28/2024,1633.50,3,Graniti Vicentia LLC,Import SPS data by Invoice in NetSuite,A20001,966
NSOPENBALBILL242,40391,cogs,2024/FE/0000360,15,1253,GIBAM SHOPS SPA,10/28/2024,10/28/2024,443.80,3,Graniti Vicentia LLC,Import SPS data by Invoice in NetSuite,A20001,966
NSOPENBALBILL243,40391,cogs,2024/FE/0000361,15,1253,GIBAM SHOPS SPA,10/28/2024,10/28/2024,580.43,3,Graniti Vicentia LLC,Import SPS data by Invoice in NetSuite,A20001,966
NSOPENBALBILL244,40391,cogs,2024/FE/0000362,15,1253,GIBAM SHOPS SPA,10/28/2024,10/28/2024,3363.18,3,Graniti Vicentia LLC,Import SPS data by Invoice in NetSuite,A20001,966
NSOPENBALBILL245,40391,cogs,2024/FE/0000364,15,1253,GIBAM SHOPS SPA,10/28/2024,10/28/2024,4486.52,3,Graniti Vicentia LLC,Import SPS data by Invoice in NetSuite,A20001,966
NSOPENBALBILL246,40391,cogs,2024/FE/0000365,15,1253,GIBAM SHOPS SPA,10/28/2024,10/28/2024,4712.40,3,Graniti Vicentia LLC,Import SPS data by Invoice in NetSuite,A20001,966
NSOPENBALBILL247,40391,cogs,2024/FE/0000366,15,1253,GIBAM SHOPS SPA,10/28/2024,10/28/2024,4975.51,3,Graniti Vicentia LLC,Import SPS data by Invoice in NetSuite,A20001,966
NSOPENBALBILL248,40391,cogs,2024/FE/0000371,15,1253,GIBAM SHOPS SPA,10/29/2024,10/29/2024,58997.99,3,Graniti Vicentia LLC,Import SPS data by Invoice in NetSuite,A20001,966
NSOPENBALBILL249,40391,cogs,"367, 368, 369",13,1253,GIBAM SHOPS SPA,11-01-2024,01/11/2024,62782.28,3,Graniti Vicentia LLC,Import SPS data by Invoice in NetSuite,A20001,966
NSOPENBALBILL250,40391,cogs,2024/FE/0000390,15,1253,GIBAM SHOPS SPA,11/22/2024,11/22/2024,7459.87,3,Graniti Vicentia LLC,Import SPS data by Invoice in NetSuite,A20001,966
NSOPENBALBILL251,40391,cogs,2024/FE/0000391,15,1253,GIBAM SHOPS SPA,11/22/2024,11/22/2024,20459.62,3,Graniti Vicentia LLC,Import SPS data by Invoice in NetSuite,A20001,966
NSOPENBALBILL252,40391,cogs,2024/FE/0000389,15,1253,GIBAM SHOPS SPA,11/22/2024,11/22/2024,2218.98,3,Graniti Vicentia LLC,Import SPS data by Invoice in NetSuite,A20001,966
NSOPENBALBILL253,40391,cogs,2024/FE/0000392,15,1253,GIBAM SHOPS SPA,11/22/2024,11/22/2024,520.93,3,Graniti Vicentia LLC,Import SPS data by Invoice in NetSuite,A20001,966
NSOPENBALBILL254,40391,cogs,"394, 397",8,1253,GIBAM SHOPS SPA,11/26/2024,11/26/2024,11058.43,3,Graniti Vicentia LLC,Import SPS data by Invoice in NetSuite,A20001,966
NSOPENBALBILL255,40391,cogs,2024/FE/0000395,15,1253,GIBAM SHOPS SPA,11/26/2024,11/26/2024,454.67,3,Graniti Vicentia LLC,Import SPS data by Invoice in NetSuite,A20001,966
NSOPENBALBILL256,40391,cogs,"393, 396",8,1253,GIBAM SHOPS SPA,11/26/2024,11/26/2024,34421.65,3,Graniti Vicentia LLC,Import SPS data by Invoice in NetSuite,A20001,966
NSOPENBALBILL257,40391,cogs,"398, 399",8,1253,GIBAM SHOPS SPA,11/27/2024,11/27/2024,30.31,3,Graniti Vicentia LLC,Import SPS data by Invoice in NetSuite,A20001,966
NSOPENBALBILL258,40391,cogs,"410, 420",8,1253,GIBAM SHOPS SPA,11/29/2024,11/29/2024,46746.17,3,Graniti Vicentia LLC,Import SPS data by Invoice in NetSuite,A20001,966
NSOPENBALBILL259,40391,cogs,2024/FE/0000401,15,1253,GIBAM SHOPS SPA,11/29/2024,11/29/2024,3598.56,3,Graniti Vicentia LLC,Import SPS data by Invoice in NetSuite,A20001,966
NSOPENBALBILL260,40391,cogs,2024/FE/0000402,15,1253,GIBAM SHOPS SPA,11/29/2024,11/29/2024,13962.03,3,Graniti Vicentia LLC,Import SPS data by Invoice in NetSuite,A20001,966
NSOPENBALBILL261,40391,cogs,2024/FE/0000403,15,1253,GIBAM SHOPS SPA,11/29/2024,11/29/2024,271.34,3,Graniti Vicentia LLC,Import SPS data by Invoice in NetSuite,A20001,966
NSOPENBALBILL262,40391,cogs,2024/FE/0000404,15,1253,GIBAM SHOPS SPA,11/29/2024,11/29/2024,597.87,3,Graniti Vicentia LLC,Import SPS data by Invoice in NetSuite,A20001,966
NSOPENBALBILL263,40391,cogs,2024/FE/0000422,15,1253,GIBAM SHOPS SPA,12-03-2024,03/12/2024,3955.38,3,Graniti Vicentia LLC,Import SPS data by Invoice in NetSuite,A20001,966
NSOPENBALBILL264,40391,cogs,"418, 419",8,1253,GIBAM SHOPS SPA,12-03-2024,03/12/2024,3705.27,3,Graniti Vicentia LLC,Import SPS data by Invoice in NetSuite,A20001,966
NSOPENBALBILL265,40391,cogs,2024/FE/0000423,15,1253,GIBAM SHOPS SPA,12-04-2024,04/12/2024,598.80,3,Graniti Vicentia LLC,Import SPS data by Invoice in NetSuite,A20001,966
NSOPENBALBILL266,40391,cogs,2024/FE/0000424,15,1253,GIBAM SHOPS SPA,12-04-2024,04/12/2024,940.68,3,Graniti Vicentia LLC,Import SPS data by Invoice in NetSuite,A20001,966
NSOPENBALBILL267,40391,cogs,"411, 412, 426",13,1253,GIBAM SHOPS SPA,12-05-2024,05/12/2024,74045.62,3,Graniti Vicentia LLC,Import SPS data by Invoice in NetSuite,A20001,966
NSOPENBALBILL270,40391,cogs,2024/FE/0000432,15,1253,GIBAM SHOPS SPA,12-11-2024,11/12/2024,3482.14,3,Graniti Vicentia LLC,Import SPS data by Invoice in NetSuite,A20001,966
NSOPENBALBILL272,40391,cogs,2024/FE/0000451,15,1253,GIBAM SHOPS SPA,12/18/2024,12/18/2024,33166.96,3,Graniti Vicentia LLC,Import SPS data by Invoice in NetSuite,A20001,966
NSOPENBALBILL273,40391,cogs,2024/FE/0000455,15,1253,GIBAM SHOPS SPA,12/19/2024,12/19/2024,13165.35,3,Graniti Vicentia LLC,Import SPS data by Invoice in NetSuite,A20001,966
NSOPENBALBILL274,40391,cogs,2024/FE/0000460,15,1253,GIBAM SHOPS SPA,12/20/2024,12/20/2024,3930.77,3,Graniti Vicentia LLC,Import SPS data by Invoice in NetSuite,A20001,966
NSOPENBALBILL276,40391,cogs,"2024/FE/0000421, 12",19,1253,GIBAM SHOPS SPA,02-04-2025,04/02/2025,25248.01,3,Graniti Vicentia LLC,Import SPS data by Invoice in NetSuite,A20001,966
NSOPENBALBILL277,40391,cogs,2025/FE/0000013,15,1253,GIBAM SHOPS SPA,02-04-2025,04/02/2025,729.17,3,Graniti Vicentia LLC,Import SPS data by Invoice in NetSuite,A20001,966
NSOPENBALBILL278,40391,cogs,2025/FE/0000014,15,1253,GIBAM SHOPS SPA,02-04-2025,04/02/2025,3597.00,3,Graniti Vicentia LLC,Import SPS data by Invoice in NetSuite,A20001,966
NSOPENBALBILL279,40391,cogs,2025/FE/0000015,15,1253,GIBAM SHOPS SPA,02-04-2025,04/02/2025,519.31,3,Graniti Vicentia LLC,Import SPS data by Invoice in NetSuite,A20001,966
NSOPENBALBILL280,40391,cogs,2025/FE/0000016,15,1253,GIBAM SHOPS SPA,02-04-2025,04/02/2025,3017.01,3,Graniti Vicentia LLC,Import SPS data by Invoice in NetSuite,A20001,966
NSOPENBALBILL281,40391,cogs,2025/FE/0000017,15,1253,GIBAM SHOPS SPA,02-04-2025,04/02/2025,74.12,3,Graniti Vicentia LLC,Import SPS data by Invoice in NetSuite,A20001,966
NSOPENBALBILL282,40391,cogs,2025/FE/0000018,15,1253,GIBAM SHOPS SPA,02-04-2025,04/02/2025,637.75,3,Graniti Vicentia LLC,Import SPS data by Invoice in NetSuite,A20001,966
NSOPENBALBILL283,40391,cogs,2025/FE/0000019,15,1253,GIBAM SHOPS SPA,02-04-2025,04/02/2025,177.80,3,Graniti Vicentia LLC,Import SPS data by Invoice in NetSuite,A20001,966
NSOPENBALBILL284,40391,cogs,2025/FE/0000020,15,1253,GIBAM SHOPS SPA,02-04-2025,04/02/2025,155.20,3,Graniti Vicentia LLC,Import SPS data by Invoice in NetSuite,A20001,966
NSOPENBALBILL285,40391,cogs,2025/FE/0000021,15,1253,GIBAM SHOPS SPA,02-04-2025,04/02/2025,363.47,3,Graniti Vicentia LLC,Import SPS data by Invoice in NetSuite,A20001,966
NSOPENBALBILL286,40391,cogs,2025/FE/0000023,15,1253,GIBAM SHOPS SPA,02-06-2025,06/02/2025,396.18,3,Graniti Vicentia LLC,Import SPS data by Invoice in NetSuite,A20001,966
NSOPENBALBILL287,40391,cogs,2025/FE/0000031,15,1253,GIBAM SHOPS SPA,02/19/2025,02/19/2025,313.76,3,Graniti Vicentia LLC,Import SPS data by Invoice in NetSuite,A20001,966
NSOPENBALBILL288,40391,cogs,2025/FE/0000032,15,1253,GIBAM SHOPS SPA,02/19/2025,02/19/2025,928.82,3,Graniti Vicentia LLC,Import SPS data by Invoice in NetSuite,A20001,966
NSOPENBALBILL289,40391,cogs,2025/FE/0000034,15,1253,GIBAM SHOPS SPA,02/19/2025,02/19/2025,406.26,3,Graniti Vicentia LLC,Import SPS data by Invoice in NetSuite,A20001,966
NSOPENBALBILL290,40391,cogs,"33, 37",6,1253,GIBAM SHOPS SPA,02/19/2025,02/19/2025,92.06,3,Graniti Vicentia LLC,Import SPS data by Invoice in NetSuite,A20001,966
NSOPENBALBILL291,40391,cogs,2025/FE/0000040,15,1253,GIBAM SHOPS SPA,03/13/2025,03/13/2025,708.45,3,Graniti Vicentia LLC,Import SPS data by Invoice in NetSuite,A20001,966
NSOPENBALBILL292,40391,cogs,2025/FE/0000041,15,1253,GIBAM SHOPS SPA,03/13/2025,03/13/2025,415.06,3,Graniti Vicentia LLC,Import SPS data by Invoice in NetSuite,A20001,966
NSOPENBALBILL293,40391,cogs,W/0509,6,1253,GIBAM SHOPS SPA,05-09-2025,09/05/2025,139822.21,3,Graniti Vicentia LLC,Import SPS data by Invoice in NetSuite,A20001,966
NSOPENBALBILL314,40391,cogs,GV TRANSFER,11,122,GV Facades LLC,01-09-2025,09/01/2025,245.41,3,Graniti Vicentia LLC,Import SPS data by Invoice in NetSuite,A20016,966
NSOPENBALBILL322,40391,cogs,"GV048,ctnr6",11,2517,HARMONY HOSPITALITY CO LTD,05/25/2025,05/25/2025,26350.49,3,Graniti Vicentia LLC,Import SPS data by Invoice in NetSuite,A20024,966
NSOPENBALBILL323,40391,cogs,GV048,5,2517,HARMONY HOSPITALITY CO LTD,05/27/2025,05/27/2025,92223.14,3,Graniti Vicentia LLC,Import SPS data by Invoice in NetSuite,A20025,966
NSOPENBALBILL324,40391,cogs,SR273/41,8,2517,HARMONY HOSPITALITY CO LTD,05/30/2025,05/30/2025,48937.65,3,Graniti Vicentia LLC,Import SPS data by Invoice in NetSuite,A20026,966
NSOPENBALBILL325,40391,cogs,SR273/41P2,10,2517,HARMONY HOSPITALITY CO LTD,05/30/2025,05/30/2025,8973.35,3,Graniti Vicentia LLC,Import SPS data by Invoice in NetSuite,A20027,966
NSOPENBALBILL326,40391,cogs,SR382/4,7,2517,HARMONY HOSPITALITY CO LTD,05/30/2025,05/30/2025,39159.20,3,Graniti Vicentia LLC,Import SPS data by Invoice in NetSuite,A20028,966
NSOPENBALBILL327,40391,cogs,SR382/4P2,9,2517,HARMONY HOSPITALITY CO LTD,05/30/2025,05/30/2025,24187.40,3,Graniti Vicentia LLC,Import SPS data by Invoice in NetSuite,A20029,966
NSOPENBALBILL328,40391,cogs,SR410/9,7,2517,HARMONY HOSPITALITY CO LTD,05/30/2025,05/30/2025,49931.82,3,Graniti Vicentia LLC,Import SPS data by Invoice in NetSuite,A20030,966
NSOPENBALBILL329,40391,cogs,SR434,5,2517,HARMONY HOSPITALITY CO LTD,05/30/2025,05/30/2025,60597.50,3,Graniti Vicentia LLC,Import SPS data by Invoice in NetSuite,A20031,966
NSOPENBALBILL330,40391,cogs,W/0617,6,2517,HARMONY HOSPITALITY CO LTD,06/17/2025,06/17/2025,28020.20,3,Graniti Vicentia LLC,Import SPS data by Invoice in NetSuite,A20032,966
NSOPENBALBILL331,40391,cogs,SR382/2P3,9,2517,HARMONY HOSPITALITY CO LTD,06/23/2025,06/23/2025,40323.79,3,Graniti Vicentia LLC,Import SPS data by Invoice in NetSuite,A20033,966
NSOPENBALBILL332,40391,cogs,SR393/10P2,10,2517,HARMONY HOSPITALITY CO LTD,06/23/2025,06/23/2025,1506.00,3,Graniti Vicentia LLC,Import SPS data by Invoice in NetSuite,A20034,966
NSOPENBALBILL333,40391,cogs,W/0623,6,2517,HARMONY HOSPITALITY CO LTD,06/23/2025,06/23/2025,69985.30,3,Graniti Vicentia LLC,Import SPS data by Invoice in NetSuite,A20035,966
NSOPENBALBILL334,40391,cogs,SR151/10,8,2517,HARMONY HOSPITALITY CO LTD,06/27/2025,06/27/2025,4317.02,3,Graniti Vicentia LLC,Import SPS data by Invoice in NetSuite,A20036,966
NSOPENBALBILL335,40391,cogs,SR395/5,7,2517,HARMONY HOSPITALITY CO LTD,06/27/2025,06/27/2025,6846.55,3,Graniti Vicentia LLC,Import SPS data by Invoice in NetSuite,A20037,966
NSOPENBALBILL338,40391,cogs,W/0612,6,2157,Hilltop Stones Inc.,06-12-2025,12/06/2025,10557.02,3,Graniti Vicentia LLC,Import SPS data by Invoice in NetSuite,A20040,966
NSOPENBALBILL339,40391,cogs,11569,5,2464,HJ sink,06/16/2025,06/16/2025,9900.00,3,Graniti Vicentia LLC,Import SPS data by Invoice in NetSuite,A20041,966
NSOPENBALBILL340,40391,cogs,H6105/313399,12,128,Home Depot,03-12-2025,12/03/2025,1917.02,3,Graniti Vicentia LLC,Import SPS data by Invoice in NetSuite,A20042,966
NSOPENBALBILL341,40391,cogs,H6140/255187,12,128,Home Depot,03/26/2025,03/26/2025,1329.61,3,Graniti Vicentia LLC,Import SPS data by Invoice in NetSuite,A20043,966
NSOPENBALBILL342,40391,cogs,25017885541,11,130,Hotel Engine,01/28/2025,01/28/2025,118.99,3,Graniti Vicentia LLC,Import SPS data by Invoice in NetSuite,A20044,966
NSOPENBALBILL343,40391,cogs,25017885542,11,130,Hotel Engine,01/28/2025,01/28/2025,118.99,3,Graniti Vicentia LLC,Import SPS data by Invoice in NetSuite,A20045,966
NSOPENBALBILL344,40391,cogs,25017929001,11,130,Hotel Engine,02-10-2025,10/02/2025,366.37,3,Graniti Vicentia LLC,Import SPS data by Invoice in NetSuite,A20046,966
NSOPENBALBILL345,40391,cogs,25017929002,11,130,Hotel Engine,02-10-2025,10/02/2025,366.37,3,Graniti Vicentia LLC,Import SPS data by Invoice in NetSuite,A20047,966
NSOPENBALBILL346,40391,cogs,25017929003,11,130,Hotel Engine,02-10-2025,10/02/2025,366.37,3,Graniti Vicentia LLC,Import SPS data by Invoice in NetSuite,A20048,966
NSOPENBALBILL347,40391,cogs,25018106058,11,130,Hotel Engine,02-10-2025,10/02/2025,113.08,3,Graniti Vicentia LLC,Import SPS data by Invoice in NetSuite,A20049,966
NSOPENBALBILL348,40391,cogs,25018106059,11,130,Hotel Engine,02-10-2025,10/02/2025,113.08,3,Graniti Vicentia LLC,Import SPS data by Invoice in NetSuite,A20050,966
NSOPENBALBILL349,40391,cogs,496386/2501,11,130,Hotel Engine,02-10-2025,10/02/2025,1563.25,3,Graniti Vicentia LLC,Import SPS data by Invoice in NetSuite,A20051,966
NSOPENBALBILL350,40391,cogs,496386/2502,11,130,Hotel Engine,02/24/2025,02/24/2025,3418.21,3,Graniti Vicentia LLC,Import SPS data by Invoice in NetSuite,A20052,966
NSOPENBALBILL351,40391,cogs,25069285668,11,130,Hotel Engine,06-02-2025,02/06/2025,151.77,3,Graniti Vicentia LLC,Import SPS data by Invoice in NetSuite,A20053,966
NSOPENBALBILL352,40391,cogs,25069285680,11,130,Hotel Engine,06-02-2025,02/06/2025,225.49,3,Graniti Vicentia LLC,Import SPS data by Invoice in NetSuite,A20054,966
NSOPENBALBILL353,40391,cogs,W/0521,6,2468,Indus Trade & Technology,05/21/2025,05/21/2025,1248.37,3,Graniti Vicentia LLC,Import SPS data by Invoice in NetSuite,A20055,966
NSOPENBALBILL418,40391,cogs,22JS010701,10,137,"Jasfer Industry Co., Limited",05/26/2022,05/26/2022,1032.65,3,Graniti Vicentia LLC,Import SPS data by Invoice in NetSuite,A20120,966
NSOPENBALBILL419,40391,cogs,23JSF10001,10,137,"Jasfer Industry Co., Limited",11-01-2023,01/11/2023,3464.00,3,Graniti Vicentia LLC,Import SPS data by Invoice in NetSuite,A20121,966
NSOPENBALBILL420,40391,cogs,23JSF08019,10,137,"Jasfer Industry Co., Limited",12-11-2023,11/12/2023,400.00,3,Graniti Vicentia LLC,Import SPS data by Invoice in NetSuite,A20122,966
NSOPENBALBILL421,40391,cogs,23JSF10033,10,137,"Jasfer Industry Co., Limited",12/29/2023,12/29/2023,2648.22,3,Graniti Vicentia LLC,Import SPS data by Invoice in NetSuite,A20123,966
NSOPENBALBILL422,40391,cogs,24JSF03048,10,137,"Jasfer Industry Co., Limited",01-01-2024,01/01/2024,3840.09,3,Graniti Vicentia LLC,Import SPS data by Invoice in NetSuite,A20124,966
NSOPENBALBILL423,40391,cogs,34188 / PI,10,137,"Jasfer Industry Co., Limited",01-01-2024,01/01/2024,224.28,3,Graniti Vicentia LLC,Import SPS data by Invoice in NetSuite,A20125,966
NSOPENBALBILL424,40391,cogs,35261 / PI,10,137,"Jasfer Industry Co., Limited",01-01-2024,01/01/2024,3709.62,3,Graniti Vicentia LLC,Import SPS data by Invoice in NetSuite,A20126,966
NSOPENBALBILL425,40391,cogs,35455 / PI,10,137,"Jasfer Industry Co., Limited",01-01-2024,01/01/2024,1350.00,3,Graniti Vicentia LLC,Import SPS data by Invoice in NetSuite,A20127,966
NSOPENBALBILL426,40391,cogs,35950 / PI,10,137,"Jasfer Industry Co., Limited",01-01-2024,01/01/2024,300.00,3,Graniti Vicentia LLC,Import SPS data by Invoice in NetSuite,A20128,966
NSOPENBALBILL427,40391,cogs,23JSF08031,10,137,"Jasfer Industry Co., Limited",01-05-2024,05/01/2024,2000.00,3,Graniti Vicentia LLC,Import SPS data by Invoice in NetSuite,A20129,966
NSOPENBALBILL428,40391,cogs,23JSF11029,10,137,"Jasfer Industry Co., Limited",01-08-2024,08/01/2024,2359.04,3,Graniti Vicentia LLC,Import SPS data by Invoice in NetSuite,A20130,966
