External ID,Item ID,Item,Invoice ID/Reference,Length,Vendor ID,Vendor Name,Date,New Date,Amount,Subsidiary Id,Subsidiary,Memo,Account,Location,Bin,Bin ID,SERIAL/LOT NUMBER
NSOPENVENCREDIT001,40391,cogs,W-0409,6,1233,"Beijing Topli Decorative Materials Co., LTD",04-09-2025,04/09/2025,29627.25,3,Graniti Vicentia LLC,Import SPS data by Invoice in NetSuite,A20001,2,CW-001,17,1018
NSOPENVENCREDIT002,40391,cogs,W-0530,6,2660,F.B. STONES S.R.L.,05/30/2025,5/30/2025,19276.89,3,Graniti Vicentia LLC,Import SPS data by Invoice in NetSuite,A20001,2,CW-001,17,1038
NSOPENVENCREDIT003,40391,cogs,W-0509,6,1253,GIBAM SHOPS SPA,05-09-2025,05/09/2025,139822.21,3,Graniti Vicentia LLC,Import SPS data by Invoice in NetSuite,A20001,2,CW-001,17,1213
NSOPENVENCREDIT004,40391,cogs,GV TRANSFER,11,122,GV Facades LLC,01-09-2025,01/09/2025,245.41,3,Graniti Vicentia LLC,Import SPS data by Invoice in NetSuite,A20001,2,CW-001,17,1214
NSOPENVENCREDIT005,40391,cogs,W-0617,6,2517,HARMONY HOSPITALITY CO LTD,06/17/2025,6/17/2025,28020.20,3,Graniti Vicentia LLC,Import SPS data by Invoice in NetSuite,A20001,2,CW-001,17,1223
NSOPENVENCREDIT006,40391,cogs,W-0623,6,2517,HARMONY HOSPITALITY CO LTD,06/23/2025,6/23/2025,69985.30,3,Graniti Vicentia LLC,Import SPS data by Invoice in NetSuite,A20001,2,CW-001,17,1226
NSOPENVENCREDIT007,40391,cogs,W-0612,6,2157,Hilltop Stones Inc.,06-12-2025,06/12/2025,10557.02,3,Graniti Vicentia LLC,Import SPS data by Invoice in NetSuite,A20001,2,CW-001,17,1229
NSOPENVENCREDIT008,40391,cogs,11569,5,2464,HJ sink,06/16/2025,6/16/2025,9900.00,3,Graniti Vicentia LLC,Import SPS data by Invoice in NetSuite,A20001,2,CW-001,17,1230
NSOPENVENCREDIT009,40391,cogs,W-0521,6,2468,Indus Trade & Technology,05/21/2025,5/21/2025,1248.37,3,Graniti Vicentia LLC,Import SPS data by Invoice in NetSuite,A20001,2,CW-001,17,1244
NSOPENVENCREDIT010,40391,cogs,PrePayment  -,13,137,"Jasfer Industry Co., Limited",03-07-2024,03/07/2024,8873.01,3,Graniti Vicentia LLC,Import SPS data by Invoice in NetSuite,A20001,2,CW-001,17,1261
NSOPENVENCREDIT011,40391,cogs,W-0429,6,137,"Jasfer Industry Co., Limited",04/29/2024,4/29/2024,1089.48,3,Graniti Vicentia LLC,Import SPS data by Invoice in NetSuite,A20001,2,CW-001,17,1269
NSOPENVENCREDIT012,40391,cogs,W-0618 105602.53,16,137,"Jasfer Industry Co., Limited",06/18/2024,6/18/2024,13149.33,3,Graniti Vicentia LLC,Import SPS data by Invoice in NetSuite,A20001,2,CW-001,17,1277
NSOPENVENCREDIT013,40391,cogs,24JS010303 23GBCI392,20,137,"Jasfer Industry Co., Limited",06/26/2024,6/26/2024,3160.00,3,Graniti Vicentia LLC,Import SPS data by Invoice in NetSuite,A20001,2,CW-001,17,1279
NSOPENVENCREDIT014,40391,cogs,W-1008,6,137,"Jasfer Industry Co., Limited",10-08-2024,10/08/2024,1069.62,3,Graniti Vicentia LLC,Import SPS data by Invoice in NetSuite,A20001,2,CW-001,17,1313
NSOPENVENCREDIT015,40391,cogs,W-1104,6,137,"Jasfer Industry Co., Limited",11-04-2024,11/04/2024,4361.42,3,Graniti Vicentia LLC,Import SPS data by Invoice in NetSuite,A20001,2,CW-001,17,1326
NSOPENVENCREDIT016,40391,cogs,5642,4,137,"Jasfer Industry Co., Limited",11/21/2024,11/21/2024,427.39,3,Graniti Vicentia LLC,Import SPS data by Invoice in NetSuite,A20001,2,CW-001,17,1332
NSOPENVENCREDIT017,40391,cogs,W-1204,6,137,"Jasfer Industry Co., Limited",12-04-2024,12/04/2024,1466.25,3,Graniti Vicentia LLC,Import SPS data by Invoice in NetSuite,A20001,2,CW-001,17,1340
NSOPENVENCREDIT018,40391,cogs,W-0103,6,137,"Jasfer Industry Co., Limited",01-03-2025,01/03/2025,1061.27,3,Graniti Vicentia LLC,Import SPS data by Invoice in NetSuite,A20001,2,CW-001,17,1350
NSOPENVENCREDIT019,40391,cogs,W-0109,6,137,"Jasfer Industry Co., Limited",01-09-2025,01/09/2025,228.07,3,Graniti Vicentia LLC,Import SPS data by Invoice in NetSuite,A20001,2,CW-001,17,1354
NSOPENVENCREDIT020,40391,cogs,W-0117,6,137,"Jasfer Industry Co., Limited",01/17/2025,1/17/2025,8140.67,3,Graniti Vicentia LLC,Import SPS data by Invoice in NetSuite,A20001,2,CW-001,17,1358
NSOPENVENCREDIT021,40391,cogs,W-0124,6,137,"Jasfer Industry Co., Limited",01/24/2025,1/24/2025,26290.30,3,Graniti Vicentia LLC,Import SPS data by Invoice in NetSuite,A20001,2,CW-001,17,1374
NSOPENVENCREDIT022,40391,cogs,W-0402,6,137,"Jasfer Industry Co., Limited",04-02-2025,04/02/2025,8206.78,3,Graniti Vicentia LLC,Import SPS data by Invoice in NetSuite,A20001,2,CW-001,17,1386
NSOPENVENCREDIT023,40391,cogs,W-0414,6,137,"Jasfer Industry Co., Limited",04/14/2025,4/14/2025,4884.00,3,Graniti Vicentia LLC,Import SPS data by Invoice in NetSuite,A20001,2,CW-001,17,1387
NSOPENVENCREDIT024,40391,cogs,W-0422,6,137,"Jasfer Industry Co., Limited",04/22/2025,4/22/2025,81156.24,3,Graniti Vicentia LLC,Import SPS data by Invoice in NetSuite,A20001,2,CW-001,17,1389
NSOPENVENCREDIT025,40391,cogs,W-0506,6,137,"Jasfer Industry Co., Limited",05-06-2025,05/06/2025,385253.20,3,Graniti Vicentia LLC,Import SPS data by Invoice in NetSuite,A20001,2,CW-001,17,1393
NSOPENVENCREDIT026,40391,cogs,W-0508,6,137,"Jasfer Industry Co., Limited",05-08-2025,05/08/2025,536297.22,3,Graniti Vicentia LLC,Import SPS data by Invoice in NetSuite,A20001,2,CW-001,17,1394
NSOPENVENCREDIT027,40391,cogs,W-0522,6,137,"Jasfer Industry Co., Limited",05/22/2025,5/22/2025,600000.00,3,Graniti Vicentia LLC,Import SPS data by Invoice in NetSuite,A20001,2,CW-001,17,1430
NSOPENVENCREDIT028,40391,cogs,W-0610,6,137,"Jasfer Industry Co., Limited",06-10-2025,06/10/2025,19228.35,3,Graniti Vicentia LLC,Import SPS data by Invoice in NetSuite,A20001,2,CW-001,17,1474
NSOPENVENCREDIT029,40391,cogs,W-0415,6,2395,Juniper Design Group,04/15/2025,4/15/2025,6489.69,3,Graniti Vicentia LLC,Import SPS data by Invoice in NetSuite,A20001,2,CW-001,17,1497
NSOPENVENCREDIT030,40391,cogs,W-0220,6,1266,MASOMEX GLOBAL,02/20/2025,2/20/2025,1951.83,3,Graniti Vicentia LLC,Import SPS data by Invoice in NetSuite,A20001,2,CW-001,17,1507
NSOPENVENCREDIT031,40391,cogs,W-0811,6,168,MELLOWLAND FURNISHING INC,08-11-2023,08/11/2023,90.03,3,Graniti Vicentia LLC,Import SPS data by Invoice in NetSuite,A20001,2,CW-001,17,1509
NSOPENVENCREDIT032,40391,cogs,W-0817,6,168,MELLOWLAND FURNISHING INC,08/17/2023,8/17/2023,513.70,3,Graniti Vicentia LLC,Import SPS data by Invoice in NetSuite,A20001,2,CW-001,17,1510
NSOPENVENCREDIT033,40391,cogs,W-0116,6,168,MELLOWLAND FURNISHING INC,01/16/2024,1/16/2024,102.74,3,Graniti Vicentia LLC,Import SPS data by Invoice in NetSuite,A20001,2,CW-001,17,1511
NSOPENVENCREDIT034,40391,cogs,824013041 - PF,14,1971,Momentum Group,11-06-2024,11/06/2024,44.04,3,Graniti Vicentia LLC,Import SPS data by Invoice in NetSuite,A20001,2,CW-001,17,1543
NSOPENVENCREDIT035,40391,cogs,W-0403,6,1971,Momentum Group,04-03-2025,04/03/2025,16583.29,3,Graniti Vicentia LLC,Import SPS data by Invoice in NetSuite,A20001,2,CW-001,17,1544
NSOPENVENCREDIT036,40391,cogs,W-0513,6,1971,Momentum Group,05/13/2025,5/13/2025,532.70,3,Graniti Vicentia LLC,Import SPS data by Invoice in NetSuite,A20001,2,CW-001,17,1545
NSOPENVENCREDIT037,40391,cogs,W-0604,6,1971,Momentum Group,06-04-2025,06/04/2025,578.51,3,Graniti Vicentia LLC,Import SPS data by Invoice in NetSuite,A20001,2,CW-001,17,1546
NSOPENVENCREDIT038,40391,cogs,W-0609,6,1971,Momentum Group,06-09-2025,06/09/2025,533.44,3,Graniti Vicentia LLC,Import SPS data by Invoice in NetSuite,A20001,2,CW-001,17,1547
NSOPENVENCREDIT039,40391,cogs,W11262024,9,1274,Muraspec Decorative Solutions Limited/Barclays,11/26/2024,11/26/2024,8993.46,3,Graniti Vicentia LLC,Import SPS data by Invoice in NetSuite,A20001,2,CW-001,17,1549
NSOPENVENCREDIT040,40391,cogs,37810B,6,1276,Natucer Ceramica,11-07-2024,11/07/2024,0.10,3,Graniti Vicentia LLC,Import SPS data by Invoice in NetSuite,A20001,2,CW-001,17,1551
NSOPENVENCREDIT041,40391,cogs,W-0606,6,2558,PADRON FLOORING & DESIGN CENTER,06-06-2025,06/06/2025,3410.00,3,Graniti Vicentia LLC,Import SPS data by Invoice in NetSuite,A20001,2,CW-001,17,1553
NSOPENVENCREDIT042,40391,cogs,"W-0207 234,289.27",17,1280,Pantarei,02-07-2024,02/07/2024,52670.48,3,Graniti Vicentia LLC,Import SPS data by Invoice in NetSuite,A20001,2,CW-001,17,1556
NSOPENVENCREDIT043,40391,cogs,"W-0215 140,370.71",17,1280,Pantarei,02/15/2024,2/15/2024,6000.00,3,Graniti Vicentia LLC,Import SPS data by Invoice in NetSuite,A20001,2,CW-001,17,1557
NSOPENVENCREDIT044,40391,cogs,W-06142024,10,1280,Pantarei,06/14/2024,6/14/2024,12654.21,3,Graniti Vicentia LLC,Import SPS data by Invoice in NetSuite,A20001,2,CW-001,17,1564
NSOPENVENCREDIT045,40391,cogs,W-0710,6,1280,Pantarei,07-10-2024,07/10/2024,79567.09,3,Graniti Vicentia LLC,Import SPS data by Invoice in NetSuite,A20001,2,CW-001,17,1566
NSOPENVENCREDIT046,40391,cogs,W-0719,6,1280,Pantarei,07/19/2024,7/19/2024,125121.71,3,Graniti Vicentia LLC,Import SPS data by Invoice in NetSuite,A20001,2,CW-001,17,1567
NSOPENVENCREDIT047,40391,cogs,W-0920,6,1280,Pantarei,09/20/2024,9/20/2024,10537.96,3,Graniti Vicentia LLC,Import SPS data by Invoice in NetSuite,A20001,2,CW-001,17,1568
NSOPENVENCREDIT048,40391,cogs,W-06072024,10,1333,Papatya,06-07-2024,06/07/2024,25.90,3,Graniti Vicentia LLC,Import SPS data by Invoice in NetSuite,A20001,2,CW-001,17,1577
NSOPENVENCREDIT049,40391,cogs,W-06122024,10,1333,Papatya,06-12-2024,06/12/2024,55.70,3,Graniti Vicentia LLC,Import SPS data by Invoice in NetSuite,A20001,2,CW-001,17,1578
NSOPENVENCREDIT050,40391,cogs,W-0212,6,1281,PIERMARIA NEW FORM SRL,02-12-2025,02/12/2025,3110.12,3,Graniti Vicentia LLC,Import SPS data by Invoice in NetSuite,A20001,2,CW-001,17,1579
NSOPENVENCREDIT051,40391,cogs,23,2,1281,PIERMARIA NEW FORM SRL,05/23/2025,5/23/2025,3650.96,3,Graniti Vicentia LLC,Import SPS data by Invoice in NetSuite,A20001,2,CW-001,17,1580
NSOPENVENCREDIT052,40391,cogs,664,3,1690,Quartz America,06/26/2025,6/26/2025,37735.63,3,Graniti Vicentia LLC,Import SPS data by Invoice in NetSuite,A20001,2,CW-001,17,1581
NSOPENVENCREDIT053,40391,cogs,W-0316,6,1284,"RAYTOP INDUSTRY CO.,LTD",03/16/2022,3/16/2022,1548.63,3,Graniti Vicentia LLC,Import SPS data by Invoice in NetSuite,A20001,2,CW-001,17,1586
NSOPENVENCREDIT054,40391,cogs,W-0408,6,1284,"RAYTOP INDUSTRY CO.,LTD",04-08-2022,04/08/2022,5992.38,3,Graniti Vicentia LLC,Import SPS data by Invoice in NetSuite,A20001,2,CW-001,17,1587
NSOPENVENCREDIT055,40391,cogs,W-0824,6,1284,"RAYTOP INDUSTRY CO.,LTD",08/24/2022,8/24/2022,10500.00,3,Graniti Vicentia LLC,Import SPS data by Invoice in NetSuite,A20001,2,CW-001,17,1588
NSOPENVENCREDIT056,40391,cogs,W-0229,6,1284,"RAYTOP INDUSTRY CO.,LTD",02/29/2024,2/29/2024,4113.66,3,Graniti Vicentia LLC,Import SPS data by Invoice in NetSuite,A20001,2,CW-001,17,1589
NSOPENVENCREDIT057,40391,cogs,"W-0710 121,645.48",17,1285,RICHWOOD HOSPITALITY CO LTD,07-10-2024,07/10/2024,6064.03,3,Graniti Vicentia LLC,Import SPS data by Invoice in NetSuite,A20001,2,CW-001,17,1591
NSOPENVENCREDIT058,40391,cogs,W-1030,6,1285,RICHWOOD HOSPITALITY CO LTD,10/30/2024,10/30/2024,6209.82,3,Graniti Vicentia LLC,Import SPS data by Invoice in NetSuite,A20001,2,CW-001,17,1593
NSOPENVENCREDIT059,40391,cogs,W-1108,6,1285,RICHWOOD HOSPITALITY CO LTD,11-08-2024,11/08/2024,15649.85,3,Graniti Vicentia LLC,Import SPS data by Invoice in NetSuite,A20001,2,CW-001,17,1594
NSOPENVENCREDIT060,40391,cogs,W-1118,6,1285,RICHWOOD HOSPITALITY CO LTD,11/18/2024,11/18/2024,13308.42,3,Graniti Vicentia LLC,Import SPS data by Invoice in NetSuite,A20001,2,CW-001,17,1595
NSOPENVENCREDIT061,40391,cogs,41403,5,1285,RICHWOOD HOSPITALITY CO LTD,12/16/2024,12/16/2024,10885.61,3,Graniti Vicentia LLC,Import SPS data by Invoice in NetSuite,A20001,2,CW-001,17,1596
NSOPENVENCREDIT062,40391,cogs,W-1219,6,1285,RICHWOOD HOSPITALITY CO LTD,12/19/2024,12/19/2024,534.00,3,Graniti Vicentia LLC,Import SPS data by Invoice in NetSuite,A20001,2,CW-001,17,1597
NSOPENVENCREDIT063,40391,cogs,W-0108,6,1285,RICHWOOD HOSPITALITY CO LTD,01-08-2025,01/08/2025,24479.56,3,Graniti Vicentia LLC,Import SPS data by Invoice in NetSuite,A20001,2,CW-001,17,1598
NSOPENVENCREDIT064,40391,cogs,W-0113,6,1285,RICHWOOD HOSPITALITY CO LTD,01/13/2025,1/13/2025,7767.49,3,Graniti Vicentia LLC,Import SPS data by Invoice in NetSuite,A20001,2,CW-001,17,1599
NSOPENVENCREDIT065,40391,cogs,W-0205,6,1285,RICHWOOD HOSPITALITY CO LTD,02-05-2025,02/05/2025,6334.41,3,Graniti Vicentia LLC,Import SPS data by Invoice in NetSuite,A20001,2,CW-001,17,1603
NSOPENVENCREDIT066,40391,cogs,W-0307,6,1285,RICHWOOD HOSPITALITY CO LTD,03-07-2025,03/07/2025,202669.70,3,Graniti Vicentia LLC,Import SPS data by Invoice in NetSuite,A20001,2,CW-001,17,1605
NSOPENVENCREDIT067,40391,cogs,W-0318,6,1285,RICHWOOD HOSPITALITY CO LTD,03/18/2025,3/18/2025,21158.72,3,Graniti Vicentia LLC,Import SPS data by Invoice in NetSuite,A20001,2,CW-001,17,1606
NSOPENVENCREDIT068,40391,cogs,W-0320,6,1285,RICHWOOD HOSPITALITY CO LTD,03/20/2025,3/20/2025,56281.49,3,Graniti Vicentia LLC,Import SPS data by Invoice in NetSuite,A20001,2,CW-001,17,1607
NSOPENVENCREDIT069,40391,cogs,W-0407,6,1285,RICHWOOD HOSPITALITY CO LTD,04-07-2025,04/07/2025,12376.54,3,Graniti Vicentia LLC,Import SPS data by Invoice in NetSuite,A20001,2,CW-001,17,1610
NSOPENVENCREDIT070,40391,cogs,W-0514,6,1285,RICHWOOD HOSPITALITY CO LTD,05/14/2025,5/14/2025,31608.03,3,Graniti Vicentia LLC,Import SPS data by Invoice in NetSuite,A20001,2,CW-001,17,1613
NSOPENVENCREDIT071,40391,cogs,W-0523,6,1285,RICHWOOD HOSPITALITY CO LTD,05/23/2025,5/23/2025,72560.62,3,Graniti Vicentia LLC,Import SPS data by Invoice in NetSuite,A20001,2,CW-001,17,1618
NSOPENVENCREDIT072,40391,cogs,W-0206,6,1285,RICHWOOD HOSPITALITY CO LTD,06-02-2025,06/02/2025,2315.00,3,Graniti Vicentia LLC,Import SPS data by Invoice in NetSuite,A20001,2,CW-001,17,1620
NSOPENVENCREDIT073,40391,cogs,W-0618,6,1285,RICHWOOD HOSPITALITY CO LTD,06/18/2025,6/18/2025,83018.27,3,Graniti Vicentia LLC,Import SPS data by Invoice in NetSuite,A20001,2,CW-001,17,1621
NSOPENVENCREDIT074,40391,cogs,W-1126,6,2291,"Shenzhen Double Building Materials Co., Ltd.",11/26/2024,11/26/2024,8454.00,3,Graniti Vicentia LLC,Import SPS data by Invoice in NetSuite,A20001,2,CW-001,17,1626
NSOPENVENCREDIT075,40391,cogs,W-0528,6,2367,"WOW USA, Inc.",05/28/2025,5/28/2025,846.50,3,Graniti Vicentia LLC,Import SPS data by Invoice in NetSuite,A20001,2,CW-001,17,1642
NSOPENVENCREDIT076,40391,cogs,PrePayment,10,1295,"XIAMEN DEYUAN PANMIN TRADING CO., LTD.",05-02-2025,05/02/2025,18732.54,3,Graniti Vicentia LLC,Import SPS data by Invoice in NetSuite,A20001,2,CW-001,17,1646
NSOPENVENCREDIT077,40391,cogs,36106,5,1297,ZBOM Cabinets Crop.,12/19/2024,12/19/2024,18000.00,3,Graniti Vicentia LLC,Import SPS data by Invoice in NetSuite,A20001,2,CW-001,17,1650
NSOPENVENCREDIT078,40391,cogs,W-0310,6,1297,ZBOM Cabinets Crop.,03-10-2025,03/10/2025,6266.98,3,Graniti Vicentia LLC,Import SPS data by Invoice in NetSuite,A20001,2,CW-001,17,1652
NSOPENVENCREDIT079,40391,cogs,Do not know,11,1297,ZBOM Cabinets Crop.,05/20/2025,5/20/2025,2232.30,3,Graniti Vicentia LLC,Import SPS data by Invoice in NetSuite,A20001,2,CW-001,17,1654
NSOPENVENCREDIT080,40391,cogs,Laxmi-0664,10,1297,ZBOM Cabinets Crop.,06-05-2025,06/05/2025,3747.42,3,Graniti Vicentia LLC,Import SPS data by Invoice in NetSuite,A20001,2,CW-001,17,1656
NSOPENVENCREDIT081,40391,cogs,W-0627,6,1297,ZBOM Cabinets Crop.,06/27/2025,6/27/2025,53156.57,3,Graniti Vicentia LLC,Import SPS data by Invoice in NetSuite,A20001,2,CW-001,17,1657
