External ID,S.No,Debit,Account ID,Credit ,Date,Invoice,,Customer,Entity Internal ID,Description,Debit Amt,Credit Amt
JULYREV-31647,1,A11001 - Accounts Receivable (New),950,,07/01/2025,31647,,CANDLEWOOD LAFAYETTE,3409,July 25 Product revenue in SPS,108.30,
JULYREV-31647,1.5,,972,A40001 - Sales Income (New),07/01/2025,31647,,CANDLEWOOD LAFAYETTE,3409,July 25 Product revenue in SPS,,108.30
JULYREV-33495/7,2,A11001 - Accounts Receivable (New),950,,07/01/2025,33495/7,,Magnolia LXR Dallas TX -,3370,July 25 Product revenue in SPS,1382.35,
JULYREV-33495/7,2.5,,972,A40001 - Sales Income (New),07/01/2025,33495/7,,Magnolia LXR Dallas TX -,3370,July 25 Product revenue in SPS,,1382.35
JULYREV-33555,3,A11001 - Accounts Receivable (New),950,,07/01/2025,33555,,La Quinta Inn & Suites - Seatac Airport - Seattle WA,2328,July 25 Product revenue in SPS,15931.58,
JULYREV-33555,3.5,,972,A40001 - Sales Income (New),07/01/2025,33555,,La Quinta Inn & Suites - Seatac Airport - Seattle WA,2328,July 25 Product revenue in SPS,,15931.58
JULYREV-33565/10,4,A11001 - Accounts Receivable (New),950,,07/01/2025,33565/10,,LA QUINTA ORLANDO,2678,July 25 Product revenue in SPS,1222.00,
JULYREV-33565/10,4.5,,972,A40001 - Sales Income (New),07/01/2025,33565/10,,LA QUINTA ORLANDO,2678,July 25 Product revenue in SPS,,1222.00
JULYREV-33722/5,5,A11001 - Accounts Receivable (New),950,,07/01/2025,33722/5,,LaQuinta/Hawthone - Knoxville TN - AMit,3367,July 25 Product revenue in SPS,0.00,
JULYREV-33722/5,5.5,,972,A40001 - Sales Income (New),07/01/2025,33722/5,,LaQuinta/Hawthone - Knoxville TN - AMit,3367,July 25 Product revenue in SPS,,0.00
JULYREV-33984,6,A11001 - Accounts Receivable (New),950,,07/01/2025,33984,,CANDLEWOOD LAFAYETTE,3409,July 25 Product revenue in SPS,0.00,
JULYREV-33984,6.5,,972,A40001 - Sales Income (New),07/01/2025,33984,,CANDLEWOOD LAFAYETTE,3409,July 25 Product revenue in SPS,,0.00
JULYREV-34076,7,A11001 - Accounts Receivable (New),950,,07/01/2025,34076,,LaQuinta - Naples - FL - Raj Mukkirla,3410,July 25 Product revenue in SPS,0.00,
JULYREV-34076,7.5,,972,A40001 - Sales Income (New),07/01/2025,34076,,LaQuinta - Naples - FL - Raj Mukkirla,3410,July 25 Product revenue in SPS,,0.00
JULYREV-34086/8,8,A11001 - Accounts Receivable (New),950,,07/01/2025,34086/8,,Magnolia LXR Dallas TX -,3370,July 25 Product revenue in SPS,0.00,
JULYREV-34086/8,8.5,,972,A40001 - Sales Income (New),07/01/2025,34086/8,,Magnolia LXR Dallas TX -,3370,July 25 Product revenue in SPS,,0.00
JULYREV-34113/2,9,A11001 - Accounts Receivable (New),950,,07/01/2025,34113/2,,"La Quinta, Anaheim CA",3361,July 25 Product revenue in SPS,545.00,
JULYREV-34113/2,9.5,,972,A40001 - Sales Income (New),07/01/2025,34113/2,,"La Quinta, Anaheim CA",3361,July 25 Product revenue in SPS,,545.00
JULYREV-34289/3,10,A11001 - Accounts Receivable (New),950,,07/01/2025,34289/3,,LaQuinta Yakima WA,2619,July 25 Product revenue in SPS,453.12,
JULYREV-34289/3,10.5,,972,A40001 - Sales Income (New),07/01/2025,34289/3,,LaQuinta Yakima WA,2619,July 25 Product revenue in SPS,,453.12
JULYREV-34967,11,A11001 - Accounts Receivable (New),950,,07/01/2025,34967,,LaQuinta Inn & Suites Oxford AL,2752,July 25 Product revenue in SPS,3736.32,
JULYREV-34967,11.5,,972,A40001 - Sales Income (New),07/01/2025,34967,,LaQuinta Inn & Suites Oxford AL,2752,July 25 Product revenue in SPS,,3736.32
JULYREV-35518,12,A11001 - Accounts Receivable (New),950,,07/01/2025,35518,,Hampton Downtown Montgomery,2761,July 25 Product revenue in SPS,35954.48,
JULYREV-35518,12.5,,972,A40001 - Sales Income (New),07/01/2025,35518,,Hampton Downtown Montgomery,2761,July 25 Product revenue in SPS,,35954.48
JULYREV-36158,13,A11001 - Accounts Receivable (New),950,,07/01/2025,36158,,Graniti Vicentia,1938,July 25 Product revenue in SPS,0.00,
JULYREV-36158,13.5,,972,A40001 - Sales Income (New),07/01/2025,36158,,Graniti Vicentia,1938,July 25 Product revenue in SPS,,0.00
JULYREV-36159/4,14,A11001 - Accounts Receivable (New),950,,07/01/2025,36159/4,,Graniti Vicentia,1938,July 25 Product revenue in SPS,0.00,
JULYREV-36159/4,14.5,,972,A40001 - Sales Income (New),07/01/2025,36159/4,,Graniti Vicentia,1938,July 25 Product revenue in SPS,,0.00
JULYREV-36221,15,A11001 - Accounts Receivable (New),950,,07/01/2025,36221,,CANDLEWOOD EASTRIDGE TN,3323,July 25 Product revenue in SPS,0.00,
JULYREV-36221,15.5,,972,A40001 - Sales Income (New),07/01/2025,36221,,CANDLEWOOD EASTRIDGE TN,3323,July 25 Product revenue in SPS,,0.00
JULYREV-37217,16,A11001 - Accounts Receivable (New),950,,07/01/2025,37217,,Continental Inns of America La Quinta Inn,3153,July 25 Product revenue in SPS,100.00,
JULYREV-37217,16.5,,972,A40001 - Sales Income (New),07/01/2025,37217,,Continental Inns of America La Quinta Inn,3153,July 25 Product revenue in SPS,,100.00
JULYREV-37579/3,17,A11001 - Accounts Receivable (New),950,,07/01/2025,37579/3,,Fairfield Townplace East Hartford,3335,July 25 Product revenue in SPS,30424.63,
JULYREV-37579/3,17.5,,972,A40001 - Sales Income (New),07/01/2025,37579/3,,Fairfield Townplace East Hartford,3335,July 25 Product revenue in SPS,,30424.63
JULYREV-37759/3,18,A11001 - Accounts Receivable (New),950,,07/01/2025,37759/3,,"ELEMENT FORTSMITH, ARKANSAS",3330,July 25 Product revenue in SPS,2591.05,
JULYREV-37759/3,18.5,,972,A40001 - Sales Income (New),07/01/2025,37759/3,,"ELEMENT FORTSMITH, ARKANSAS",3330,July 25 Product revenue in SPS,,2591.05
JULYREV-37959/2,19,A11001 - Accounts Receivable (New),950,,07/01/2025,37959/2,,Monsoon Flower LLC,1720,July 25 Product revenue in SPS,7846.31,
JULYREV-37959/2,19.5,,972,A40001 - Sales Income (New),07/01/2025,37959/2,,Monsoon Flower LLC,1720,July 25 Product revenue in SPS,,7846.31
JULYREV-38130,20,A11001 - Accounts Receivable (New),950,,07/01/2025,38130,,"Pitt-Cran Hospitality, LLC/ Wingate Cranberry",3377,July 25 Product revenue in SPS,1166.85,
JULYREV-38130,20.5,,972,A40001 - Sales Income (New),07/01/2025,38130,,"Pitt-Cran Hospitality, LLC/ Wingate Cranberry",3377,July 25 Product revenue in SPS,,1166.85
JULYREV-35796/2,21,A11001 - Accounts Receivable (New),950,,07/07/2025,35796/2,,Fairfield Townplace East Hartford,3335,July 25 Product revenue in SPS,6661.53,
JULYREV-35796/2,21.5,,972,A40001 - Sales Income (New),07/07/2025,35796/2,,Fairfield Townplace East Hartford,3335,July 25 Product revenue in SPS,,6661.53
JULYREV-35807,22,A11001 - Accounts Receivable (New),950,,07/07/2025,35807,,Fairfield Townplace East Hartford,3335,July 25 Product revenue in SPS,3871.21,
JULYREV-35807,22.5,,972,A40001 - Sales Income (New),07/07/2025,35807,,Fairfield Townplace East Hartford,3335,July 25 Product revenue in SPS,,3871.21
JULYREV-35808,23,A11001 - Accounts Receivable (New),950,,07/07/2025,35808,,Fairfield Townplace East Hartford,3335,July 25 Product revenue in SPS,10157.98,
JULYREV-35808,23.5,,972,A40001 - Sales Income (New),07/07/2025,35808,,Fairfield Townplace East Hartford,3335,July 25 Product revenue in SPS,,10157.98
JULYREV-35812,24,A11001 - Accounts Receivable (New),950,,07/07/2025,35812,,Fairfield Townplace East Hartford,3335,July 25 Product revenue in SPS,34749.29,
JULYREV-35812,24.5,,972,A40001 - Sales Income (New),07/07/2025,35812,,Fairfield Townplace East Hartford,3335,July 25 Product revenue in SPS,,34749.29
JULYREV-37579/2,25,A11001 - Accounts Receivable (New),950,,07/07/2025,37579/2,,Fairfield Townplace East Hartford,3335,July 25 Product revenue in SPS,419.36,
JULYREV-37579/2,25.5,,972,A40001 - Sales Income (New),07/07/2025,37579/2,,Fairfield Townplace East Hartford,3335,July 25 Product revenue in SPS,,419.36
JULYREV-38235/4,26,A11001 - Accounts Receivable (New),950,,07/07/2025,38235/4,,Hampton Inn Nashville,3338,July 25 Product revenue in SPS,4176.01,
JULYREV-38235/4,26.5,,972,A40001 - Sales Income (New),07/07/2025,38235/4,,Hampton Inn Nashville,3338,July 25 Product revenue in SPS,,4176.01
JULYREV-38382/3,27,A11001 - Accounts Receivable (New),950,,07/07/2025,38382/3,,Auburn Hospitality Group,1548,July 25 Product revenue in SPS,194.28,
JULYREV-38382/3,27.5,,972,A40001 - Sales Income (New),07/07/2025,38382/3,,Auburn Hospitality Group,1548,July 25 Product revenue in SPS,,194.28
JULYREV-38403/2,28,A11001 - Accounts Receivable (New),950,,07/07/2025,38403/2,,Auburn Hospitality Group,1548,July 25 Product revenue in SPS,0.00,
JULYREV-38403/2,28.5,,972,A40001 - Sales Income (New),07/07/2025,38403/2,,Auburn Hospitality Group,1548,July 25 Product revenue in SPS,,0.00
JULYREV-38403/3,29,A11001 - Accounts Receivable (New),950,,07/07/2025,38403/3,,Auburn Hospitality Group,1548,July 25 Product revenue in SPS,0.00,
JULYREV-38403/3,29.5,,972,A40001 - Sales Income (New),07/07/2025,38403/3,,Auburn Hospitality Group,1548,July 25 Product revenue in SPS,,0.00
JULYREV-38403/4,30,A11001 - Accounts Receivable (New),950,,07/07/2025,38403/4,,Auburn Hospitality Group,1548,July 25 Product revenue in SPS,4894.38,
JULYREV-38403/4,30.5,,972,A40001 - Sales Income (New),07/07/2025,38403/4,,Auburn Hospitality Group,1548,July 25 Product revenue in SPS,,4894.38
JULYREV-38738,31,A11001 - Accounts Receivable (New),950,,07/07/2025,38738,,Auburn Hospitality Group,1548,July 25 Product revenue in SPS,0.00,
JULYREV-38738,31.5,,972,A40001 - Sales Income (New),07/07/2025,38738,,Auburn Hospitality Group,1548,July 25 Product revenue in SPS,,0.00
JULYREV-38187,32,A11001 - Accounts Receivable (New),950,,07/08/2025,38187,,LQ Hawthorne Leavenworth,3412,July 25 Product revenue in SPS,10341.06,
JULYREV-38187,32.5,,972,A40001 - Sales Income (New),07/08/2025,38187,,LQ Hawthorne Leavenworth,3412,July 25 Product revenue in SPS,,10341.06
JULYREV-38196,33,A11001 - Accounts Receivable (New),950,,07/08/2025,38196,,LQ Hawthorne Leavenworth,3412,July 25 Product revenue in SPS,22465.59,
JULYREV-38196,33.5,,972,A40001 - Sales Income (New),07/08/2025,38196,,LQ Hawthorne Leavenworth,3412,July 25 Product revenue in SPS,,22465.59
JULYREV-38394/3,34,A11001 - Accounts Receivable (New),950,,07/08/2025,38394/3,,Auburn Hospitality Group,1548,July 25 Product revenue in SPS,6359.54,
JULYREV-38394/3,34.5,,972,A40001 - Sales Income (New),07/08/2025,38394/3,,Auburn Hospitality Group,1548,July 25 Product revenue in SPS,,6359.54
JULYREV-38396,35,A11001 - Accounts Receivable (New),950,,07/08/2025,38396,,Auburn Hospitality Group,1548,July 25 Product revenue in SPS,851.45,
JULYREV-38396,35.5,,972,A40001 - Sales Income (New),07/08/2025,38396,,Auburn Hospitality Group,1548,July 25 Product revenue in SPS,,851.45
JULYREV-38637,36,A11001 - Accounts Receivable (New),950,,07/08/2025,38637,,Hampton Inn Nashville,3338,July 25 Product revenue in SPS,24916.34,
JULYREV-38637,36.5,,972,A40001 - Sales Income (New),07/08/2025,38637,,Hampton Inn Nashville,3338,July 25 Product revenue in SPS,,24916.34
JULYREV-35797/2,37,A11001 - Accounts Receivable (New),950,,07/09/2025,35797/2,,Fairfield Townplace East Hartford,3335,July 25 Product revenue in SPS,60472.41,
JULYREV-35797/2,37.5,,972,A40001 - Sales Income (New),07/09/2025,35797/2,,Fairfield Townplace East Hartford,3335,July 25 Product revenue in SPS,,60472.41
JULYREV-35809/2,38,A11001 - Accounts Receivable (New),950,,07/09/2025,35809/2,,Fairfield Townplace East Hartford,3335,July 25 Product revenue in SPS,56713.20,
JULYREV-35809/2,38.5,,972,A40001 - Sales Income (New),07/09/2025,35809/2,,Fairfield Townplace East Hartford,3335,July 25 Product revenue in SPS,,56713.20
JULYREV-37676/2,39,A11001 - Accounts Receivable (New),950,,07/09/2025,37676/2,,Ascent Residence inn Montgomery,3320,July 25 Product revenue in SPS,210339.71,
JULYREV-37676/2,39.5,,972,A40001 - Sales Income (New),07/09/2025,37676/2,,Ascent Residence inn Montgomery,3320,July 25 Product revenue in SPS,,210339.71
JULYREV-37683/7,40,A11001 - Accounts Receivable (New),950,,07/09/2025,37683/7,,Ascent Residence inn Montgomery,3320,July 25 Product revenue in SPS,0.00,
JULYREV-37683/7,40.5,,972,A40001 - Sales Income (New),07/09/2025,37683/7,,Ascent Residence inn Montgomery,3320,July 25 Product revenue in SPS,,0.00
JULYREV-38525/2,41,A11001 - Accounts Receivable (New),950,,07/10/2025,38525/2,,Interior Dezyn,3413,July 25 Product revenue in SPS,1407.79,
JULYREV-38525/2,41.5,,972,A40001 - Sales Income (New),07/10/2025,38525/2,,Interior Dezyn,3413,July 25 Product revenue in SPS,,1407.79
JULYREV-35431/7,42,A11001 - Accounts Receivable (New),950,,07/11/2025,35431/7,,"Jay Sun Hospitality LLC / La Quinta La Habra,CA",3351,July 25 Product revenue in SPS,0.00,
JULYREV-35431/7,42.5,,972,A40001 - Sales Income (New),07/11/2025,35431/7,,"Jay Sun Hospitality LLC / La Quinta La Habra,CA",3351,July 25 Product revenue in SPS,,0.00
JULYREV-36783/5,43,A11001 - Accounts Receivable (New),950,,07/11/2025,36783/5,,Ascent Home2 Montgomery,2571,July 25 Product revenue in SPS,8535.04,
JULYREV-36783/5,43.5,,972,A40001 - Sales Income (New),07/11/2025,36783/5,,Ascent Home2 Montgomery,2571,July 25 Product revenue in SPS,,8535.04
JULYREV-37061/6,44,A11001 - Accounts Receivable (New),950,,07/11/2025,37061/6,,DFW Joseph Investments LLC,1708,July 25 Product revenue in SPS,66357.13,
JULYREV-37061/6,44.5,,972,A40001 - Sales Income (New),07/11/2025,37061/6,,DFW Joseph Investments LLC,1708,July 25 Product revenue in SPS,,66357.13
JULYREV-37271/12,45,A11001 - Accounts Receivable (New),950,,07/11/2025,37271/12,,Northlake Innkeepers I Ltd.,3375,July 25 Product revenue in SPS,2292.51,
JULYREV-37271/12,45.5,,972,A40001 - Sales Income (New),07/11/2025,37271/12,,Northlake Innkeepers I Ltd.,3375,July 25 Product revenue in SPS,,2292.51
JULYREV-37288/5,46,A11001 - Accounts Receivable (New),950,,07/11/2025,37288/5,,Northlake Innkeepers I Ltd.,3375,July 25 Product revenue in SPS,2334.51,
JULYREV-37288/5,46.5,,972,A40001 - Sales Income (New),07/11/2025,37288/5,,Northlake Innkeepers I Ltd.,3375,July 25 Product revenue in SPS,,2334.51
JULYREV-37288/6,47,A11001 - Accounts Receivable (New),950,,07/11/2025,37288/6,,Northlake Innkeepers I Ltd.,3375,July 25 Product revenue in SPS,1212.00,
JULYREV-37288/6,47.5,,972,A40001 - Sales Income (New),07/11/2025,37288/6,,Northlake Innkeepers I Ltd.,3375,July 25 Product revenue in SPS,,1212.00
JULYREV-37762/3,48,A11001 - Accounts Receivable (New),950,,07/11/2025,37762/3,,DFW Joseph Investments LLC,1708,July 25 Product revenue in SPS,0.00,
JULYREV-37762/3,48.5,,972,A40001 - Sales Income (New),07/11/2025,37762/3,,DFW Joseph Investments LLC,1708,July 25 Product revenue in SPS,,0.00
JULYREV-36569/2,49,A11001 - Accounts Receivable (New),950,,07/14/2025,36569/2,,Prince Preferred Hotels,649,July 25 Product revenue in SPS,5237.20,
JULYREV-36569/2,49.5,,972,A40001 - Sales Income (New),07/14/2025,36569/2,,Prince Preferred Hotels,649,July 25 Product revenue in SPS,,5237.20
JULYREV-36576/2,50,A11001 - Accounts Receivable (New),950,,07/14/2025,36576/2,,Prince Preferred Hotels,649,July 25 Product revenue in SPS,18562.18,
JULYREV-36576/2,50.5,,972,A40001 - Sales Income (New),07/14/2025,36576/2,,Prince Preferred Hotels,649,July 25 Product revenue in SPS,,18562.18
JULYREV-36580/2,51,A11001 - Accounts Receivable (New),950,,07/14/2025,36580/2,,Prince Preferred Hotels,649,July 25 Product revenue in SPS,359.36,
JULYREV-36580/2,51.5,,972,A40001 - Sales Income (New),07/14/2025,36580/2,,Prince Preferred Hotels,649,July 25 Product revenue in SPS,,359.36
JULYREV-36582/2,52,A11001 - Accounts Receivable (New),950,,07/14/2025,36582/2,,Prince Preferred Hotels,649,July 25 Product revenue in SPS,15292.17,
JULYREV-36582/2,52.5,,972,A40001 - Sales Income (New),07/14/2025,36582/2,,Prince Preferred Hotels,649,July 25 Product revenue in SPS,,15292.17
JULYREV-36583/4,53,A11001 - Accounts Receivable (New),950,,07/14/2025,36583/4,,Prince Preferred Hotels,649,July 25 Product revenue in SPS,2271.24,
JULYREV-36583/4,53.5,,972,A40001 - Sales Income (New),07/14/2025,36583/4,,Prince Preferred Hotels,649,July 25 Product revenue in SPS,,2271.24
JULYREV-38388/2,54,A11001 - Accounts Receivable (New),950,,07/14/2025,38388/2,,Auburn Hospitality Group,1548,July 25 Product revenue in SPS,132628.29,
JULYREV-38388/2,54.5,,972,A40001 - Sales Income (New),07/14/2025,38388/2,,Auburn Hospitality Group,1548,July 25 Product revenue in SPS,,132628.29
JULYREV-38386/3,55,A11001 - Accounts Receivable (New),950,,07/16/2025,38386/3,,Auburn Hospitality Group,1548,July 25 Product revenue in SPS,39906.35,
JULYREV-38386/3,55.5,,972,A40001 - Sales Income (New),07/16/2025,38386/3,,Auburn Hospitality Group,1548,July 25 Product revenue in SPS,,39906.35
JULYREV-38394/2,56,A11001 - Accounts Receivable (New),950,,07/16/2025,38394/2,,Auburn Hospitality Group,1548,July 25 Product revenue in SPS,7066.78,
JULYREV-38394/2,56.5,,972,A40001 - Sales Income (New),07/16/2025,38394/2,,Auburn Hospitality Group,1548,July 25 Product revenue in SPS,,7066.78
JULYREV-38213/6,57,A11001 - Accounts Receivable (New),950,,07/18/2025,38213/6,,Hampton Inn Nashville,3338,July 25 Product revenue in SPS,49890.80,
JULYREV-38213/6,57.5,,972,A40001 - Sales Income (New),07/18/2025,38213/6,,Hampton Inn Nashville,3338,July 25 Product revenue in SPS,,49890.80
JULYREV-36849/10,58,A11001 - Accounts Receivable (New),950,,07/21/2025,36849/10,,Imagine Porcelain Co. IPC.,567,July 25 Product revenue in SPS,1980.00,
JULYREV-36849/10,58.5,,972,A40001 - Sales Income (New),07/21/2025,36849/10,,Imagine Porcelain Co. IPC.,567,July 25 Product revenue in SPS,,1980.00
JULYREV-37090/2,59,A11001 - Accounts Receivable (New),950,,07/23/2025,37090/2,,Ascent Home2 Montgomery,2571,July 25 Product revenue in SPS,0.00,
JULYREV-37090/2,59.5,,972,A40001 - Sales Income (New),07/23/2025,37090/2,,Ascent Home2 Montgomery,2571,July 25 Product revenue in SPS,,0.00
JULYREV-37678/6,60,A11001 - Accounts Receivable (New),950,,07/24/2025,37678/6,,Ascent Residence inn Montgomery,3320,July 25 Product revenue in SPS,46400.00,
JULYREV-37678/6,60.5,,972,A40001 - Sales Income (New),07/24/2025,37678/6,,Ascent Residence inn Montgomery,3320,July 25 Product revenue in SPS,,46400.00
JULYREV-38301/3,61,A11001 - Accounts Receivable (New),950,,07/25/2025,38301/3,,"Chesterfield Hospitality, Inc.",1558,July 25 Product revenue in SPS,10327.25,
JULYREV-38301/3,61.5,,972,A40001 - Sales Income (New),07/25/2025,38301/3,,"Chesterfield Hospitality, Inc.",1558,July 25 Product revenue in SPS,,10327.25
JULYREV-38304/2,62,A11001 - Accounts Receivable (New),950,,07/25/2025,38304/2,,"Chesterfield Hospitality, Inc.",1558,July 25 Product revenue in SPS,1994.68,
JULYREV-38304/2,62.5,,972,A40001 - Sales Income (New),07/25/2025,38304/2,,"Chesterfield Hospitality, Inc.",1558,July 25 Product revenue in SPS,,1994.68
JULYREV-38332,63,A11001 - Accounts Receivable (New),950,,07/25/2025,38332,,"Residence Inn Pearland, TX",2466,July 25 Product revenue in SPS,14089.22,
JULYREV-38332,63.5,,972,A40001 - Sales Income (New),07/25/2025,38332,,"Residence Inn Pearland, TX",2466,July 25 Product revenue in SPS,,14089.22
JULYREV-38299/2,64,A11001 - Accounts Receivable (New),950,,07/26/2025,38299/2,,"Chesterfield Hospitality, Inc.",1558,July 25 Product revenue in SPS,3435.28,
JULYREV-38299/2,64.5,,972,A40001 - Sales Income (New),07/26/2025,38299/2,,"Chesterfield Hospitality, Inc.",1558,July 25 Product revenue in SPS,,3435.28
JULYREV-38305/4,65,A11001 - Accounts Receivable (New),950,,07/26/2025,38305/4,,"Chesterfield Hospitality, Inc.",1558,July 25 Product revenue in SPS,15808.25,
JULYREV-38305/4,65.5,,972,A40001 - Sales Income (New),07/26/2025,38305/4,,"Chesterfield Hospitality, Inc.",1558,July 25 Product revenue in SPS,,15808.25
JULYREV-38305/6,66,A11001 - Accounts Receivable (New),950,,07/26/2025,38305/6,,"Chesterfield Hospitality, Inc.",1558,July 25 Product revenue in SPS,210.00,
JULYREV-38305/6,66.5,,972,A40001 - Sales Income (New),07/26/2025,38305/6,,"Chesterfield Hospitality, Inc.",1558,July 25 Product revenue in SPS,,210.00
JULYREV-38325/5,67,A11001 - Accounts Receivable (New),950,,07/26/2025,38325/5,,"Residence Inn Pearland, TX",2466,July 25 Product revenue in SPS,2402.16,
JULYREV-38325/5,67.5,,972,A40001 - Sales Income (New),07/26/2025,38325/5,,"Residence Inn Pearland, TX",2466,July 25 Product revenue in SPS,,2402.16
JULYREV-38516/2,68,A11001 - Accounts Receivable (New),950,,07/28/2025,38516/2,,RENFROW DECORATIVE CENTER,674,July 25 Product revenue in SPS,-1550.00,
JULYREV-38516/2,68.5,,972,A40001 - Sales Income (New),07/28/2025,38516/2,,RENFROW DECORATIVE CENTER,674,July 25 Product revenue in SPS,,-1550.00
JULYREV-34035/3,69,A11001 - Accounts Receivable (New),950,,07/30/2025,34035/3,,Hampton Inn Rosenberg,2520,July 25 Product revenue in SPS,1421.04,
JULYREV-34035/3,69.5,,972,A40001 - Sales Income (New),07/30/2025,34035/3,,Hampton Inn Rosenberg,2520,July 25 Product revenue in SPS,,1421.04
JULYREV-36567/5,70,A11001 - Accounts Receivable (New),950,,07/30/2025,36567/5,,Prince Preferred Hotels,649,July 25 Product revenue in SPS,1020.00,
JULYREV-36567/5,70.5,,972,A40001 - Sales Income (New),07/30/2025,36567/5,,Prince Preferred Hotels,649,July 25 Product revenue in SPS,,1020.00
JULYREV-36568/2,71,A11001 - Accounts Receivable (New),950,,07/30/2025,36568/2,,Prince Preferred Hotels,649,July 25 Product revenue in SPS,142.98,
JULYREV-36568/2,71.5,,972,A40001 - Sales Income (New),07/30/2025,36568/2,,Prince Preferred Hotels,649,July 25 Product revenue in SPS,,142.98
JULYREV-36569/3,72,A11001 - Accounts Receivable (New),950,,07/30/2025,36569/3,,Prince Preferred Hotels,649,July 25 Product revenue in SPS,14690.13,
JULYREV-36569/3,72.5,,972,A40001 - Sales Income (New),07/30/2025,36569/3,,Prince Preferred Hotels,649,July 25 Product revenue in SPS,,14690.13
JULYREV-36570,73,A11001 - Accounts Receivable (New),950,,07/30/2025,36570,,Prince Preferred Hotels,649,July 25 Product revenue in SPS,32053.93,
JULYREV-36570,73.5,,972,A40001 - Sales Income (New),07/30/2025,36570,,Prince Preferred Hotels,649,July 25 Product revenue in SPS,,32053.93
JULYREV-36578/2,74,A11001 - Accounts Receivable (New),950,,07/30/2025,36578/2,,Prince Preferred Hotels,649,July 25 Product revenue in SPS,4490.03,
JULYREV-36578/2,74.5,,972,A40001 - Sales Income (New),07/30/2025,36578/2,,Prince Preferred Hotels,649,July 25 Product revenue in SPS,,4490.03
JULYREV-36580/3,75,A11001 - Accounts Receivable (New),950,,07/30/2025,36580/3,,Prince Preferred Hotels,649,July 25 Product revenue in SPS,1557.68,
JULYREV-36580/3,75.5,,972,A40001 - Sales Income (New),07/30/2025,36580/3,,Prince Preferred Hotels,649,July 25 Product revenue in SPS,,1557.68
JULYREV-36581,76,A11001 - Accounts Receivable (New),950,,07/30/2025,36581,,Prince Preferred Hotels,649,July 25 Product revenue in SPS,3054.29,
JULYREV-36581,76.5,,972,A40001 - Sales Income (New),07/30/2025,36581,,Prince Preferred Hotels,649,July 25 Product revenue in SPS,,3054.29
JULYREV-36583/5,77,A11001 - Accounts Receivable (New),950,,07/30/2025,36583/5,,Prince Preferred Hotels,649,July 25 Product revenue in SPS,3844.80,
JULYREV-36583/5,77.5,,972,A40001 - Sales Income (New),07/30/2025,36583/5,,Prince Preferred Hotels,649,July 25 Product revenue in SPS,,3844.80
JULYREV-37977/5,78,A11001 - Accounts Receivable (New),950,,07/30/2025,37977/5,,Hampton Inn Rosenberg,2520,July 25 Product revenue in SPS,835.71,
JULYREV-37977/5,78.5,,972,A40001 - Sales Income (New),07/30/2025,37977/5,,Hampton Inn Rosenberg,2520,July 25 Product revenue in SPS,,835.71
JULYREV-38235/5,79,A11001 - Accounts Receivable (New),950,,07/30/2025,38235/5,,Hampton Inn Nashville,3338,July 25 Product revenue in SPS,30480.13,
JULYREV-38235/5,79.5,,972,A40001 - Sales Income (New),07/30/2025,38235/5,,Hampton Inn Nashville,3338,July 25 Product revenue in SPS,,30480.13
JULYREV-35228/10,80,A11001 - Accounts Receivable (New),950,,07/31/2025,35228/10,,"La Quinta - Chelsea,AL",3355,July 25 Product revenue in SPS,6224.00,
JULYREV-35228/10,80.5,,972,A40001 - Sales Income (New),07/31/2025,35228/10,,"La Quinta - Chelsea,AL",3355,July 25 Product revenue in SPS,,6224.00
JULYREV-35801,81,A11001 - Accounts Receivable (New),950,,07/31/2025,35801,,Fairfield Townplace East Hartford,3335,July 25 Product revenue in SPS,54642.01,
JULYREV-35801,81.5,,972,A40001 - Sales Income (New),07/31/2025,35801,,Fairfield Townplace East Hartford,3335,July 25 Product revenue in SPS,,54642.01
JULYREV-35805,82,A11001 - Accounts Receivable (New),950,,07/31/2025,35805,,Fairfield Townplace East Hartford,3335,July 25 Product revenue in SPS,66666.91,
JULYREV-35805,82.5,,972,A40001 - Sales Income (New),07/31/2025,35805,,Fairfield Townplace East Hartford,3335,July 25 Product revenue in SPS,,66666.91
JULYREV-36579/3,83,A11001 - Accounts Receivable (New),950,,07/31/2025,36579/3,,Prince Preferred Hotels,649,July 25 Product revenue in SPS,2467.50,
JULYREV-36579/3,83.5,,972,A40001 - Sales Income (New),07/31/2025,36579/3,,Prince Preferred Hotels,649,July 25 Product revenue in SPS,,2467.50
JULYREV-36729,84,A11001 - Accounts Receivable (New),950,,07/31/2025,36729,,"ELEMENT FORTSMITH, ARKANSAS",3330,July 25 Product revenue in SPS,2634.29,
JULYREV-36729,84.5,,972,A40001 - Sales Income (New),07/31/2025,36729,,"ELEMENT FORTSMITH, ARKANSAS",3330,July 25 Product revenue in SPS,,2634.29
JULYREV-36758/3,85,A11001 - Accounts Receivable (New),950,,07/31/2025,36758/3,,La Quinta Athens Alabama,2442,July 25 Product revenue in SPS,661.82,
JULYREV-36758/3,85.5,,972,A40001 - Sales Income (New),07/31/2025,36758/3,,La Quinta Athens Alabama,2442,July 25 Product revenue in SPS,,661.82
JULYREV-36766/3,86,A11001 - Accounts Receivable (New),950,,07/31/2025,36766/3,,La Quinta Athens Alabama,2442,July 25 Product revenue in SPS,8545.64,
JULYREV-36766/3,86.5,,972,A40001 - Sales Income (New),07/31/2025,36766/3,,La Quinta Athens Alabama,2442,July 25 Product revenue in SPS,,8545.64
JULYREV-36920/4,87,A11001 - Accounts Receivable (New),950,,07/31/2025,36920/4,,AUTOGRAPH MAYA-PS,464,July 25 Product revenue in SPS,75546.24,
JULYREV-36920/4,87.5,,972,A40001 - Sales Income (New),07/31/2025,36920/4,,AUTOGRAPH MAYA-PS,464,July 25 Product revenue in SPS,,75546.24
JULYREV-37239,88,A11001 - Accounts Receivable (New),950,,07/31/2025,37239,,Fairfield Townplace East Hartford,3335,July 25 Product revenue in SPS,0.00,
JULYREV-37239,88.5,,972,A40001 - Sales Income (New),07/31/2025,37239,,Fairfield Townplace East Hartford,3335,July 25 Product revenue in SPS,,0.00
JULYREV-37283,89,A11001 - Accounts Receivable (New),950,,07/31/2025,37283,,La Quinta Athens Alabama,2442,July 25 Product revenue in SPS,0.00,
JULYREV-37283,89.5,,972,A40001 - Sales Income (New),07/31/2025,37283,,La Quinta Athens Alabama,2442,July 25 Product revenue in SPS,,0.00
JULYREV-37369,90,A11001 - Accounts Receivable (New),950,,07/31/2025,37369,,AFP 108 Corp.,2601,July 25 Product revenue in SPS,527.92,
JULYREV-37369,90.5,,972,A40001 - Sales Income (New),07/31/2025,37369,,AFP 108 Corp.,2601,July 25 Product revenue in SPS,,527.92
JULYREV-37412/4,91,A11001 - Accounts Receivable (New),950,,07/31/2025,37412/4,,Ascent Hospitality Element Carmel Indiana,3314,July 25 Product revenue in SPS,0.00,
JULYREV-37412/4,91.5,,972,A40001 - Sales Income (New),07/31/2025,37412/4,,Ascent Hospitality Element Carmel Indiana,3314,July 25 Product revenue in SPS,,0.00
JULYREV-37682,92,A11001 - Accounts Receivable (New),950,,07/31/2025,37682,,Ascent Residence inn Montgomery,3320,July 25 Product revenue in SPS,50982.97,
JULYREV-37682,92.5,,972,A40001 - Sales Income (New),07/31/2025,37682,,Ascent Residence inn Montgomery,3320,July 25 Product revenue in SPS,,50982.97
JULYREV-37759/4,93,A11001 - Accounts Receivable (New),950,,07/31/2025,37759/4,,"ELEMENT FORTSMITH, ARKANSAS",3330,July 25 Product revenue in SPS,0.00,
JULYREV-37759/4,93.5,,972,A40001 - Sales Income (New),07/31/2025,37759/4,,"ELEMENT FORTSMITH, ARKANSAS",3330,July 25 Product revenue in SPS,,0.00
JULYREV-38357/2,94,A11001 - Accounts Receivable (New),950,,07/31/2025,38357/2,,Ascent Hospitality- Autograph Huntsville,3318,July 25 Product revenue in SPS,82308.68,
JULYREV-38357/2,94.5,,972,A40001 - Sales Income (New),07/31/2025,38357/2,,Ascent Hospitality- Autograph Huntsville,3318,July 25 Product revenue in SPS,,82308.68
JULYREV-38361/2,95,A11001 - Accounts Receivable (New),950,,07/31/2025,38361/2,,Ascent Hospitality- Autograph Huntsville,3318,July 25 Product revenue in SPS,1444188.49,
JULYREV-38361/2,95.5,,972,A40001 - Sales Income (New),07/31/2025,38361/2,,Ascent Hospitality- Autograph Huntsville,3318,July 25 Product revenue in SPS,,1444188.49
JULYREV-38362,96,A11001 - Accounts Receivable (New),950,,07/31/2025,38362,,Ascent Hospitality- Autograph Huntsville,3318,July 25 Product revenue in SPS,184356.52,
JULYREV-38362,96.5,,972,A40001 - Sales Income (New),07/31/2025,38362,,Ascent Hospitality- Autograph Huntsville,3318,July 25 Product revenue in SPS,,184356.52
JULYREV-38362/2,97,A11001 - Accounts Receivable (New),950,,07/31/2025,38362/2,,Ascent Hospitality- Autograph Huntsville,3318,July 25 Product revenue in SPS,65372.56,
JULYREV-38362/2,97.5,,972,A40001 - Sales Income (New),07/31/2025,38362/2,,Ascent Hospitality- Autograph Huntsville,3318,July 25 Product revenue in SPS,,65372.56
JULYREV-38363/2,98,A11001 - Accounts Receivable (New),950,,07/31/2025,38363/2,,Ascent Hospitality- Autograph Huntsville,3318,July 25 Product revenue in SPS,88431.10,
JULYREV-38363/2,98.5,,972,A40001 - Sales Income (New),07/31/2025,38363/2,,Ascent Hospitality- Autograph Huntsville,3318,July 25 Product revenue in SPS,,88431.10
JULYREV-38365/8,99,A11001 - Accounts Receivable (New),950,,07/31/2025,38365/8,,Ascent Hospitality- Autograph Huntsville,3318,July 25 Product revenue in SPS,0.00,
JULYREV-38365/8,99.5,,972,A40001 - Sales Income (New),07/31/2025,38365/8,,Ascent Hospitality- Autograph Huntsville,3318,July 25 Product revenue in SPS,,0.00
JULYREV-38368/3,100,A11001 - Accounts Receivable (New),950,,07/31/2025,38368/3,,Ascent Hospitality- Autograph Huntsville,3318,July 25 Product revenue in SPS,44144.76,
JULYREV-38368/3,100.5,,972,A40001 - Sales Income (New),07/31/2025,38368/3,,Ascent Hospitality- Autograph Huntsville,3318,July 25 Product revenue in SPS,,44144.76
JULYREV-38384,101,A11001 - Accounts Receivable (New),950,,07/31/2025,38384,,Auburn Hospitality Group,1548,July 25 Product revenue in SPS,11929.05,
JULYREV-38384,101.5,,972,A40001 - Sales Income (New),07/31/2025,38384,,Auburn Hospitality Group,1548,July 25 Product revenue in SPS,,11929.05
JULYREV-38386/5,102,A11001 - Accounts Receivable (New),950,,07/31/2025,38386/5,,Auburn Hospitality Group,1548,July 25 Product revenue in SPS,19733.67,
JULYREV-38386/5,102.5,,972,A40001 - Sales Income (New),07/31/2025,38386/5,,Auburn Hospitality Group,1548,July 25 Product revenue in SPS,,19733.67
JULYREV-38400,103,A11001 - Accounts Receivable (New),950,,07/31/2025,38400,,Auburn Hospitality Group,1548,July 25 Product revenue in SPS,22091.87,
JULYREV-38400,103.5,,972,A40001 - Sales Income (New),07/31/2025,38400,,Auburn Hospitality Group,1548,July 25 Product revenue in SPS,,22091.87
JULYREV-38623,104,A11001 - Accounts Receivable (New),950,,07/31/2025,38623,,Trylon LLC/ RJ Construction LTD,1688,July 25 Product revenue in SPS,4720.00,
JULYREV-38623,104.5,,972,A40001 - Sales Income (New),07/31/2025,38623,,Trylon LLC/ RJ Construction LTD,1688,July 25 Product revenue in SPS,,4720.00
JULYREV-38724,105,A11001 - Accounts Receivable (New),950,,07/31/2025,38724,,Ascent hospitality Townplace Suites Fairburn IN,2713,July 25 Product revenue in SPS,0.00,
JULYREV-38724,105.5,,972,A40001 - Sales Income (New),07/31/2025,38724,,Ascent hospitality Townplace Suites Fairburn IN,2713,July 25 Product revenue in SPS,,0.00
JULYREV-37579/3,106,A11001 - Accounts Receivable (New),950,,07/01/2025,37579/3,,Fairfield Townplace East Hartford,3335,July 25 Service revenue in SPS,33690.51,
JULYREV-37579/3,106.5,,976,A40007 - Service Income (New),07/01/2025,37579/3,,Fairfield Townplace East Hartford,3335,July 25 Service revenue in SPS,,33690.51
JULYREV-36570,107,A11001 - Accounts Receivable (New),950,,07/30/2025,36570,,Prince Preferred Hotels,649,July 25 Product revenue in SPS,16950.00,
JULYREV-36570,107.5,,976,A40007 - Service Income (New),07/30/2025,36570,,Prince Preferred Hotels,649,July 25 Product revenue in SPS,,16950.00
JULYREV-36581,108,A11001 - Accounts Receivable (New),950,,07/30/2025,36581,,Prince Preferred Hotels,649,July 25 Product revenue in SPS,2850.00,
JULYREV-36581,108.5,,976,A40007 - Service Income (New),07/30/2025,36581,,Prince Preferred Hotels,649,July 25 Product revenue in SPS,,2850.00
JULYREV-35760/7,109,A11001 - Accounts Receivable (New),950,,07/31/2025,35760/7,,"La Quinta Hawthorn - Miamisburg, OH",3358,July 25 Product revenue in SPS,5492.40,
JULYREV-35760/7,109.5,,976,A40007 - Service Income (New),07/31/2025,35760/7,,"La Quinta Hawthorn - Miamisburg, OH",3358,July 25 Product revenue in SPS,,5492.40
JULYREV-36729,110,A11001 - Accounts Receivable (New),950,,07/31/2025,36729,,"ELEMENT FORTSMITH, ARKANSAS",3330,July 25 Product revenue in SPS,8600.00,
JULYREV-36729,110.5,,976,A40007 - Service Income (New),07/31/2025,36729,,"ELEMENT FORTSMITH, ARKANSAS",3330,July 25 Product revenue in SPS,,8600.00
JULYREV-33555,111,A11001 - Accounts Receivable (New),950,,07/01/2025,33555,,La Quinta Inn & Suites - Seatac Airport - Seattle WA,2328,July 25 Freight revenue in SPS,3894.22,
JULYREV-33555,111.5,,975,A40006 - Delivery Income (New),07/01/2025,33555,,La Quinta Inn & Suites - Seatac Airport - Seattle WA,2328,July 25 Freight revenue in SPS,,3894.22
JULYREV-35518,112,A11001 - Accounts Receivable (New),950,,07/01/2025,35518,,Hampton Downtown Montgomery,2761,July 25 Freight revenue in SPS,3631.49,
JULYREV-35518,112.5,,975,A40006 - Delivery Income (New),07/01/2025,35518,,Hampton Downtown Montgomery,2761,July 25 Freight revenue in SPS,,3631.49
JULYREV-36221,113,A11001 - Accounts Receivable (New),950,,07/01/2025,36221,,CANDLEWOOD EASTRIDGE TN,3323,July 25 Freight revenue in SPS,0.00,
JULYREV-36221,113.5,,975,A40006 - Delivery Income (New),07/01/2025,36221,,CANDLEWOOD EASTRIDGE TN,3323,July 25 Freight revenue in SPS,,0.00
JULYREV-37959/2,114,A11001 - Accounts Receivable (New),950,,07/01/2025,37959/2,,Monsoon Flower LLC,1720,July 25 Freight revenue in SPS,2080.08,
JULYREV-37959/2,114.5,,975,A40006 - Delivery Income (New),07/01/2025,37959/2,,Monsoon Flower LLC,1720,July 25 Freight revenue in SPS,,2080.08
JULYREV-38130,115,A11001 - Accounts Receivable (New),950,,07/01/2025,38130,,"Pitt-Cran Hospitality, LLC/ Wingate Cranberry",3377,July 25 Freight revenue in SPS,221.95,
JULYREV-38130,115.5,,975,A40006 - Delivery Income (New),07/01/2025,38130,,"Pitt-Cran Hospitality, LLC/ Wingate Cranberry",3377,July 25 Freight revenue in SPS,,221.95
JULYREV-38187,116,A11001 - Accounts Receivable (New),950,,07/08/2025,38187,,LQ Hawthorne Leavenworth,3412,July 25 Freight revenue in SPS,872.80,
JULYREV-38187,116.5,,975,A40006 - Delivery Income (New),07/08/2025,38187,,LQ Hawthorne Leavenworth,3412,July 25 Freight revenue in SPS,,872.80
JULYREV-38196,117,A11001 - Accounts Receivable (New),950,,07/08/2025,38196,,LQ Hawthorne Leavenworth,3412,July 25 Freight revenue in SPS,1896.10,
JULYREV-38196,117.5,,975,A40006 - Delivery Income (New),07/08/2025,38196,,LQ Hawthorne Leavenworth,3412,July 25 Freight revenue in SPS,,1896.10
JULYREV-38396,118,A11001 - Accounts Receivable (New),950,,07/08/2025,38396,,Auburn Hospitality Group,1548,July 25 Freight revenue in SPS,102.17,
JULYREV-38396,118.5,,975,A40006 - Delivery Income (New),07/08/2025,38396,,Auburn Hospitality Group,1548,July 25 Freight revenue in SPS,,102.17
JULYREV-36580/2,119,A11001 - Accounts Receivable (New),950,,07/14/2025,36580/2,,Prince Preferred Hotels,649,July 25 Freight revenue in SPS,2369.63,
JULYREV-36580/2,119.5,,975,A40006 - Delivery Income (New),07/14/2025,36580/2,,Prince Preferred Hotels,649,July 25 Freight revenue in SPS,,2369.63
JULYREV-36582/2,120,A11001 - Accounts Receivable (New),950,,07/14/2025,36582/2,,Prince Preferred Hotels,649,July 25 Freight revenue in SPS,4586.59,
JULYREV-36582/2,120.5,,975,A40006 - Delivery Income (New),07/14/2025,36582/2,,Prince Preferred Hotels,649,July 25 Freight revenue in SPS,,4586.59
JULYREV-38213/6,121,A11001 - Accounts Receivable (New),950,,07/18/2025,38213/6,,Hampton Inn Nashville,3338,July 25 Freight revenue in SPS,47554.70,
JULYREV-38213/6,121.5,,975,A40006 - Delivery Income (New),07/18/2025,38213/6,,Hampton Inn Nashville,3338,July 25 Freight revenue in SPS,,47554.70
JULYREV-38301/3,122,A11001 - Accounts Receivable (New),950,,07/25/2025,38301/3,,"Chesterfield Hospitality, Inc.",1558,July 25 Freight revenue in SPS,4629.84,
JULYREV-38301/3,122.5,,975,A40006 - Delivery Income (New),07/25/2025,38301/3,,"Chesterfield Hospitality, Inc.",1558,July 25 Freight revenue in SPS,,4629.84
JULYREV-38304/2,123,A11001 - Accounts Receivable (New),950,,07/25/2025,38304/2,,"Chesterfield Hospitality, Inc.",1558,July 25 Freight revenue in SPS,523.51,
JULYREV-38304/2,123.5,,975,A40006 - Delivery Income (New),07/25/2025,38304/2,,"Chesterfield Hospitality, Inc.",1558,July 25 Freight revenue in SPS,,523.51
JULYREV-38332,124,A11001 - Accounts Receivable (New),950,,07/25/2025,38332,,"Residence Inn Pearland, TX",2466,July 25 Freight revenue in SPS,1408.92,
JULYREV-38332,124.5,,975,A40006 - Delivery Income (New),07/25/2025,38332,,"Residence Inn Pearland, TX",2466,July 25 Freight revenue in SPS,,1408.92
JULYREV-36570,125,A11001 - Accounts Receivable (New),950,,07/30/2025,36570,,Prince Preferred Hotels,649,July 25 Freight revenue in SPS,3205.43,
JULYREV-36570,125.5,,975,A40006 - Delivery Income (New),07/30/2025,36570,,Prince Preferred Hotels,649,July 25 Freight revenue in SPS,,3205.43
JULYREV-36581,126,A11001 - Accounts Receivable (New),950,,07/30/2025,36581,,Prince Preferred Hotels,649,July 25 Freight revenue in SPS,305.43,
JULYREV-36581,126.5,,975,A40006 - Delivery Income (New),07/30/2025,36581,,Prince Preferred Hotels,649,July 25 Freight revenue in SPS,,305.43
JULYREV-38235/5,127,A11001 - Accounts Receivable (New),950,,07/30/2025,38235/5,,Hampton Inn Nashville,3338,July 25 Freight revenue in SPS,12630.12,
JULYREV-38235/5,127.5,,975,A40006 - Delivery Income (New),07/30/2025,38235/5,,Hampton Inn Nashville,3338,July 25 Freight revenue in SPS,,12630.12
JULYREV-35801,128,A11001 - Accounts Receivable (New),950,,07/31/2025,35801,,Fairfield Townplace East Hartford,3335,July 25 Freight revenue in SPS,9350.00,
JULYREV-35801,128.5,,975,A40006 - Delivery Income (New),07/31/2025,35801,,Fairfield Townplace East Hartford,3335,July 25 Freight revenue in SPS,,9350.00
JULYREV-35805,129,A11001 - Accounts Receivable (New),950,,07/31/2025,35805,,Fairfield Townplace East Hartford,3335,July 25 Freight revenue in SPS,14435.92,
JULYREV-35805,129.5,,975,A40006 - Delivery Income (New),07/31/2025,35805,,Fairfield Townplace East Hartford,3335,July 25 Freight revenue in SPS,,14435.92
JULYREV-36729,130,A11001 - Accounts Receivable (New),950,,07/31/2025,36729,,"ELEMENT FORTSMITH, ARKANSAS",3330,July 25 Freight revenue in SPS,300.86,
JULYREV-36729,130.5,,975,A40006 - Delivery Income (New),07/31/2025,36729,,"ELEMENT FORTSMITH, ARKANSAS",3330,July 25 Freight revenue in SPS,,300.86
JULYREV-37682,131,A11001 - Accounts Receivable (New),950,,07/31/2025,37682,,Ascent Residence inn Montgomery,3320,July 25 Freight revenue in SPS,4893.44,
JULYREV-37682,131.5,,975,A40006 - Delivery Income (New),07/31/2025,37682,,Ascent Residence inn Montgomery,3320,July 25 Freight revenue in SPS,,4893.44
JULYREV-38362,132,A11001 - Accounts Receivable (New),950,,07/31/2025,38362,,Ascent Hospitality- Autograph Huntsville,3318,July 25 Freight revenue in SPS,34212.88,
JULYREV-38362,132.5,,975,A40006 - Delivery Income (New),07/31/2025,38362,,Ascent Hospitality- Autograph Huntsville,3318,July 25 Freight revenue in SPS,,34212.88
JULYREV-38384,133,A11001 - Accounts Receivable (New),950,,07/31/2025,38384,,Auburn Hospitality Group,1548,July 25 Freight revenue in SPS,3921.75,
JULYREV-38384,133.5,,975,A40006 - Delivery Income (New),07/31/2025,38384,,Auburn Hospitality Group,1548,July 25 Freight revenue in SPS,,3921.75
JULYREV-38400,134,A11001 - Accounts Receivable (New),950,,07/31/2025,38400,,Auburn Hospitality Group,1548,July 25 Freight revenue in SPS,10904.08,
JULYREV-38400,134.5,,975,A40006 - Delivery Income (New),07/31/2025,38400,,Auburn Hospitality Group,1548,July 25 Freight revenue in SPS,,10904.08
JULYREV-38623,135,A11001 - Accounts Receivable (New),950,,07/31/2025,38623,,Trylon LLC/ RJ Construction LTD,1688,July 25 Freight revenue in SPS,10400.00,
JULYREV-38623,135.5,,975,A40006 - Delivery Income (New),07/31/2025,38623,,Trylon LLC/ RJ Construction LTD,1688,July 25 Freight revenue in SPS,,10400.00
JULYREV-37579/3,136,A11001 - Accounts Receivable (New),950,,07/01/2025,37579/3,,Fairfield Townplace East Hartford,3335,July 25 Service revenue in SPS,33690.51,
JULYREV-37579/3,136.5,,976,A40007 - Service Income (New),07/01/2025,37579/3,,Fairfield Townplace East Hartford,3335,July 25 Service revenue in SPS,,33690.51
JULYREV-36570,137,A11001 - Accounts Receivable (New),950,,07/30/2025,36570,,Prince Preferred Hotels,649,July 25 Service revenue in SPS,16950.00,
JULYREV-36570,137.5,,976,A40007 - Service Income (New),07/30/2025,36570,,Prince Preferred Hotels,649,July 25 Service revenue in SPS,,16950.00
JULYREV-36581,138,A11001 - Accounts Receivable (New),950,,07/30/2025,36581,,Prince Preferred Hotels,649,July 25 Service revenue in SPS,2850.00,
JULYREV-36581,138.5,,976,A40007 - Service Income (New),07/30/2025,36581,,Prince Preferred Hotels,649,July 25 Service revenue in SPS,,2850.00
JULYREV-35760/7,139,A11001 - Accounts Receivable (New),950,,07/31/2025,35760/7,,"La Quinta Hawthorn - Miamisburg, OH",3358,July 25 Service revenue in SPS,5492.40,
JULYREV-35760/7,139.5,,976,A40007 - Service Income (New),07/31/2025,35760/7,,"La Quinta Hawthorn - Miamisburg, OH",3358,July 25 Service revenue in SPS,,5492.40
JULYREV-36729,140,A11001 - Accounts Receivable (New),950,,07/31/2025,36729,,"ELEMENT FORTSMITH, ARKANSAS",3330,July 25 Service revenue in SPS,8600.00,
JULYREV-36729,140.5,,976,A40007 - Service Income (New),07/31/2025,36729,,"ELEMENT FORTSMITH, ARKANSAS",3330,July 25 Service revenue in SPS,,8600.00
