External ID,Sl no,Debit Acc,DEBIT ACC ID/BANK ACC ID,Credit Account,CREDIT ACC ID,Days,Customer,Entity Internal ID,Date,Advance Ref#,Debit Amt,Credit Amt,Memo,Description
CUST_DEPOSIT-1001,1,A21001,968,20020,,314,A-1 Clackamas LLC,1721,05/14/2025,SO# 38902,,222392.98,Customer Deposits,
CUST_DEPOSIT-1001,1.5,A10003,616,20020,616,314,A-1 Clackamas LLC,1721,05/14/2025,SO# 38902,222392.98,,Customer Deposits,
CUST_DEPOSIT-1002,2,A21001,968,20020,,435,A-1 Clackamas LLC,1721,01/13/2025,SO# 37670,,230660.8,Customer Deposits,
CUST_DEPOSIT-1002,2.5,A10003,616,20020,616,435,A-1 Clackamas LLC,1721,01/13/2025,SO# 37670,230660.8,,Customer Deposits,
CUST_DEPOSIT-1003,3,A21001,968,20020,,398,AAA Hospitality - Embassy Suites Las Colinas TX,3309,02/19/2025,SO#36933,,3661.7,Customer Deposits,
CUST_DEPOSIT-1003,3.5,A10003,616,20020,616,398,AAA Hospitality - Embassy Suites Las Colinas TX,3309,02/19/2025,SO#36933,3661.7,,Customer Deposits,
CUST_DEPOSIT-1004,4,A21001,968,20020,,372,AAA Hotel Company,433,03/17/2025,SO# 39062,,177.83,Customer Deposits,
CUST_DEPOSIT-1004,4.5,A10003,616,20020,616,372,AAA Hotel Company,433,03/17/2025,SO# 39062,177.83,,Customer Deposits,
CUST_DEPOSIT-1005,5,A21001,968,20020,,379,AAA Hotel Company/ Home2Suties Springdale OH,2164,03/10/2025,SO# 38965,,3243.16,Customer Deposits,
CUST_DEPOSIT-1005,5.5,A10003,616,20020,616,379,AAA Hotel Company/ Home2Suties Springdale OH,2164,03/10/2025,SO# 38965,3243.16,,Customer Deposits,
CUST_DEPOSIT-1006,6,A21001,968,20020,,278,"AAA Hotel Management, LLC",2380,06/19/2025,SO#38787,,21599.99,Customer Deposits,
CUST_DEPOSIT-1006,6.5,A10003,616,20020,616,278,"AAA Hotel Management, LLC",2380,06/19/2025,SO#38787,21599.99,,Customer Deposits,
CUST_DEPOSIT-1007,7,A21001,968,20020,,592,AFP 108 Corp.,3510,08/09/2024,SO# 37369,,527.92,Customer Deposits,
CUST_DEPOSIT-1007,7.5,A10003,616,20020,616,592,AFP 108 Corp.,3510,08/09/2024,SO# 37369,527.92,,Customer Deposits,
CUST_DEPOSIT-1008,8,A21001,968,20020,,606,AFP 108 Corp.,3510,07/26/2024,SO# 37255,,1085.97,Customer Deposits,
CUST_DEPOSIT-1008,8.5,A10003,616,20020,616,606,AFP 108 Corp.,3510,07/26/2024,SO# 37255,1085.97,,Customer Deposits,
CUST_DEPOSIT-1009,9,A21001,968,20020,,602,AFP 108 Corp.,3510,07/30/2024,SO# 37255,,44.55,Customer Deposits,
CUST_DEPOSIT-1009,9.5,A10003,616,20020,616,602,AFP 108 Corp.,3510,07/30/2024,SO# 37255,44.55,,Customer Deposits,
CUST_DEPOSIT-10010,10,A21001,968,20020,,286,"Airsan Investments, LLC",2566,06/11/2025,SO# 39005,,4874.4,Customer Deposits,
CUST_DEPOSIT-10010,10.5,A10003,616,20020,616,286,"Airsan Investments, LLC",2566,06/11/2025,SO# 39005,4874.4,,Customer Deposits,
CUST_DEPOSIT-10011,11,A21001,968,20020,,425,AJA Investments LLC/ Wyndham Lake Charles,3553,01/23/2025,SO# 37989,,29496.35,Customer Deposits,
CUST_DEPOSIT-10011,11.5,A10003,616,20020,616,425,AJA Investments LLC/ Wyndham Lake Charles,3553,01/23/2025,SO# 37989,29496.35,,Customer Deposits,
CUST_DEPOSIT-10012,12,A21001,968,20020,,315,ALPHA REMODELING,2386,05/13/2025,SO# 38873,,821.88,Customer Deposits,
CUST_DEPOSIT-10012,12.5,A10003,616,20020,616,315,ALPHA REMODELING,2386,05/13/2025,SO# 38873,821.88,,Customer Deposits,
CUST_DEPOSIT-10013,13,A21001,968,20020,,344,ALPHA REMODELING,2386,04/14/2025,SO# 38818,,862.01,Customer Deposits,
CUST_DEPOSIT-10013,13.5,A10003,616,20020,616,344,ALPHA REMODELING,2386,04/14/2025,SO# 38818,862.01,,Customer Deposits,
CUST_DEPOSIT-10014,14,A21001,968,20020,,463,AMANDA WHATLEY DESIGNS,2692,12/16/2024,SO# 38276,,10659.06,Customer Deposits,
CUST_DEPOSIT-10014,14.5,A10003,616,20020,616,463,AMANDA WHATLEY DESIGNS,2692,12/16/2024,SO# 38276,10659.06,,Customer Deposits,
CUST_DEPOSIT-10015,15,A21001,968,20020,,558,American Pride Hotel LLC,444,09/12/2024,SO# 37671,,226000.53,Customer Deposits,
CUST_DEPOSIT-10015,15.5,A10003,616,20020,616,558,American Pride Hotel LLC,444,09/12/2024,SO# 37671,226000.53,,Customer Deposits,
CUST_DEPOSIT-10016,16,A21001,968,20020,,343,American Stone Co of Texas LP,2387,04/15/2025,SO# 38824,,687.5,Customer Deposits,
CUST_DEPOSIT-10016,16.5,A10003,616,20020,616,343,American Stone Co of Texas LP,2387,04/15/2025,SO# 38824,687.5,,Customer Deposits,
CUST_DEPOSIT-10017,17,A21001,968,20020,,399,Andrea Wexler,2598,02/18/2025,SO# 38697,,84.61,Customer Deposits,4248
CUST_DEPOSIT-10017,17.5,A10003,616,20020,616,399,Andrea Wexler,2598,02/18/2025,SO# 38697,84.61,,Customer Deposits,4248
CUST_DEPOSIT-10018,18,A21001,968,20020,,314,Anish Patel,2413,05/14/2025,SO# 38942,,557.32,Customer Deposits,
CUST_DEPOSIT-10018,18.5,A10003,616,20020,616,314,Anish Patel,2413,05/14/2025,SO# 38942,557.32,,Customer Deposits,
CUST_DEPOSIT-10019,19,A21001,968,20020,,365,Apex Imaging Services,452,03/24/2025,SO# 38916,,740.29,Customer Deposits,
CUST_DEPOSIT-10019,19.5,A10003,616,20020,616,365,Apex Imaging Services,452,03/24/2025,SO# 38916,740.29,,Customer Deposits,
CUST_DEPOSIT-10020,20,A21001,968,20020,,337,Apple Investments LLC,453,04/21/2025,SO# 38985,,2780.99,Customer Deposits,
CUST_DEPOSIT-10020,20.5,A10003,616,20020,616,337,Apple Investments LLC,453,04/21/2025,SO# 38985,2780.99,,Customer Deposits,
CUST_DEPOSIT-10021,21,A21001,968,20020,,316,AQUATERRA OUTDOORS,454,05/12/2025,SO# 38874,,2963.43,Customer Deposits,
CUST_DEPOSIT-10021,21.5,A10003,616,20020,616,316,AQUATERRA OUTDOORS,454,05/12/2025,SO# 38874,2963.43,,Customer Deposits,
CUST_DEPOSIT-10022,22,A21001,968,20020,,400,AQUATERRA OUTDOORS,454,02/17/2025,SO# 38701,,2824.75,Customer Deposits,
CUST_DEPOSIT-10022,22.5,A10003,616,20020,616,400,AQUATERRA OUTDOORS,454,02/17/2025,SO# 38701,2824.75,,Customer Deposits,
CUST_DEPOSIT-10023,23,A21001,968,20020,,357,Architectural Surfaces Inc.,3677,04/01/2025,SO# 38826,,21338,Customer Deposits,
CUST_DEPOSIT-10023,23.5,A10003,616,20020,616,357,Architectural Surfaces Inc.,3677,04/01/2025,SO# 38826,21338,,Customer Deposits,
CUST_DEPOSIT-10024,24,A21001,968,20020,,386,"Ascent Hospitality Courtyard - Meridian, MS",2670,03/03/2025,SO# 38710,,3040,Customer Deposits,773
CUST_DEPOSIT-10024,24.5,A10003,616,20020,616,386,"Ascent Hospitality Courtyard - Meridian, MS",2670,03/03/2025,SO# 38710,3040,,Customer Deposits,773
CUST_DEPOSIT-10025,25,A21001,968,20020,,740,Ascent Hospitality Element Carmel Indiana,3314,03/14/2024,SO# 35819,,1100,Customer Deposits,35829
CUST_DEPOSIT-10025,25.5,A10003,616,20020,616,740,Ascent Hospitality Element Carmel Indiana,3314,03/14/2024,SO# 35819,1100,,Customer Deposits,35829
CUST_DEPOSIT-10026,26,A21001,968,20020,,602,Ascent Hospitality Element Carmel Indiana,3314,07/30/2024,,,39615.37,Customer Deposits,
CUST_DEPOSIT-10026,26.5,A10003,616,20020,616,602,Ascent Hospitality Element Carmel Indiana,3314,07/30/2024,,39615.37,,Customer Deposits,
CUST_DEPOSIT-10027,27,A21001,968,20020,,277,Ascent Hospitality Management Co,459,06/20/2025,SO# 39011,,641721,Customer Deposits,
CUST_DEPOSIT-10027,27.5,A10003,616,20020,616,277,Ascent Hospitality Management Co,459,06/20/2025,SO# 39011,641721,,Customer Deposits,
CUST_DEPOSIT-10028,28,A21001,968,20020,,356,Ascent Hospitality Management Co,459,04/02/2025,SO# 38878,,750000,Customer Deposits,
CUST_DEPOSIT-10028,28.5,A10003,616,20020,616,356,Ascent Hospitality Management Co,459,04/02/2025,SO# 38878,750000,,Customer Deposits,
CUST_DEPOSIT-10029,29,A21001,968,20020,,340,Ascent Hospitality Management Co,459,04/18/2025,SO# 38879,,940883.04,Customer Deposits,
CUST_DEPOSIT-10029,29.5,A10003,616,20020,616,340,Ascent Hospitality Management Co,459,04/18/2025,SO# 38879,940883.04,,Customer Deposits,
CUST_DEPOSIT-10030,30,A21001,968,20020,,372,Ascent Hospitality Management Co,459,03/17/2025,SO# 38961,,500000.6,Customer Deposits,
CUST_DEPOSIT-10030,30.5,A10003,616,20020,616,372,Ascent Hospitality Management Co,459,03/17/2025,SO# 38961,500000.6,,Customer Deposits,
CUST_DEPOSIT-10031,31,A21001,968,20020,,299,Ascent hospitality Townplace Suites Fairburn IN,2713,05/29/2025,SO# 36276,,39071.79,Customer Deposits,
CUST_DEPOSIT-10031,31.5,A10003,616,20020,616,299,Ascent hospitality Townplace Suites Fairburn IN,2713,05/29/2025,SO# 36276,39071.79,,Customer Deposits,
CUST_DEPOSIT-10032,32,A21001,968,20020,,337,Ascent Hospitality Tribute Carmel Indiana,2628,04/21/2025,SO#36663/2,,338.1,Customer Deposits,
CUST_DEPOSIT-10032,32.5,A10003,616,20020,616,337,Ascent Hospitality Tribute Carmel Indiana,2628,04/21/2025,SO#36663/2,338.1,,Customer Deposits,
CUST_DEPOSIT-10033,33,A21001,968,20020,,496,Ascent Hospitality- Autograph Huntsville,3318,11/13/2024,,,189922.42,Customer Deposits,
CUST_DEPOSIT-10033,33.5,A10003,616,20020,616,496,Ascent Hospitality- Autograph Huntsville,3318,11/13/2024,,189922.42,,Customer Deposits,
CUST_DEPOSIT-10034,34,A21001,968,20020,,516,Ascent Hospitality- Autograph Huntsville,3318,10/24/2024,SO# 36475,,139.53,Customer Deposits,
CUST_DEPOSIT-10034,34.5,A10003,616,20020,616,516,Ascent Hospitality- Autograph Huntsville,3318,10/24/2024,SO# 36475,139.53,,Customer Deposits,
CUST_DEPOSIT-10035,35,A21001,968,20020,,496,Ascent Hospitality- Autograph Huntsville,3318,11/13/2024,SO#38356,,199723,Customer Deposits,
CUST_DEPOSIT-10035,35.5,A10003,616,20020,616,496,Ascent Hospitality- Autograph Huntsville,3318,11/13/2024,SO#38356,199723,,Customer Deposits,
CUST_DEPOSIT-10036,36,A21001,968,20020,,299,Ascent Hospitality- Autograph Huntsville,3318,05/29/2025,SO# 38356,,800000,Customer Deposits,
CUST_DEPOSIT-10036,36.5,A10003,616,20020,616,299,Ascent Hospitality- Autograph Huntsville,3318,05/29/2025,SO# 38356,800000,,Customer Deposits,
CUST_DEPOSIT-10037,37,A21001,968,20020,,323,Ascent Residence inn Montgomery,3320,05/05/2025,SO# 37674,,262505.84,Customer Deposits,
CUST_DEPOSIT-10037,37.5,A10003,616,20020,616,323,Ascent Residence inn Montgomery,3320,05/05/2025,SO# 37674,262505.84,,Customer Deposits,
CUST_DEPOSIT-10038,38,A21001,968,20020,,329,ASHWIN PATEL,2440,04/29/2025,SO# 38799,,3047.61,Customer Deposits,
CUST_DEPOSIT-10038,38.5,A10003,616,20020,616,329,ASHWIN PATEL,2440,04/29/2025,SO# 38799,3047.61,,Customer Deposits,
CUST_DEPOSIT-10039,39,A21001,968,20020,,277,Atmosphere Commercial Interiors,1576,06/20/2025,SO# 39010,,1402.87,Customer Deposits,
CUST_DEPOSIT-10039,39.5,A10003,616,20020,616,277,Atmosphere Commercial Interiors,1576,06/20/2025,SO# 39010,1402.87,,Customer Deposits,
CUST_DEPOSIT-10040,40,A21001,968,20020,,384,Auburn Hospitality Group,1548,03/05/2025,SO# 38245,,625929.09,Customer Deposits,
CUST_DEPOSIT-10040,40.5,A10003,616,20020,616,384,Auburn Hospitality Group,1548,03/05/2025,SO# 38245,625929.09,,Customer Deposits,
CUST_DEPOSIT-10041,41,A21001,968,20020,,494,Auburn Hospitality Group,1548,11/15/2024,SO# 38245,,141523.45,Customer Deposits,
CUST_DEPOSIT-10041,41.5,A10003,616,20020,616,494,Auburn Hospitality Group,1548,11/15/2024,SO# 38245,141523.45,,Customer Deposits,
CUST_DEPOSIT-10042,42,A21001,968,20020,,293,Auburn Lodging LLC,2577,06/04/2025,SO# 38842,,32003.74,Customer Deposits,
CUST_DEPOSIT-10042,42.5,A10003,616,20020,616,293,Auburn Lodging LLC,2577,06/04/2025,SO# 38842,32003.74,,Customer Deposits,
CUST_DEPOSIT-10043,43,A21001,968,20020,,279,Auburn Lodging LLC,2577,06/18/2025,SO# 38845,,15100.62,Customer Deposits,
CUST_DEPOSIT-10043,43.5,A10003,616,20020,616,279,Auburn Lodging LLC,2577,06/18/2025,SO# 38845,15100.62,,Customer Deposits,
CUST_DEPOSIT-10044,44,A21001,968,20020,,351,AUTOGRAPH MAYA-PS,464,04/07/2025,SO# 36943,,10435.04,Customer Deposits,
CUST_DEPOSIT-10044,44.5,A10003,616,20020,616,351,AUTOGRAPH MAYA-PS,464,04/07/2025,SO# 36943,10435.04,,Customer Deposits,
CUST_DEPOSIT-10045,45,A21001,968,20020,,601,AUTOGRAPH MAYA-PS,464,07/31/2024,SO# 36943,,10435.04,Customer Deposits,
CUST_DEPOSIT-10045,45.5,A10003,616,20020,616,601,AUTOGRAPH MAYA-PS,464,07/31/2024,SO# 36943,10435.04,,Customer Deposits,
CUST_DEPOSIT-10046,46,A21001,968,20020,,637,AUTOGRAPH MAYA-PS,464,06/25/2024,SO# 36920,,27104,Customer Deposits,36920
CUST_DEPOSIT-10046,46.5,A10003,616,20020,616,637,AUTOGRAPH MAYA-PS,464,06/25/2024,SO# 36920,27104,,Customer Deposits,36920
CUST_DEPOSIT-10047,47,A21001,968,20020,,333,Bauart Construction,2371,04/25/2025,SO# 38792,,51651.71,Customer Deposits,
CUST_DEPOSIT-10047,47.5,A10003,616,20020,616,333,Bauart Construction,2371,04/25/2025,SO# 38792,51651.71,,Customer Deposits,
CUST_DEPOSIT-10048,48,A21001,968,20020,,305,BMK Construction LLC,474,05/23/2025,SO# 38995,,179770.18,Customer Deposits,
CUST_DEPOSIT-10048,48.5,A10003,616,20020,616,305,BMK Construction LLC,474,05/23/2025,SO# 38995,179770.18,,Customer Deposits,
CUST_DEPOSIT-10049,49,A21001,968,20020,,487,BMK Construction LLC,474,11/22/2024,SO# 38247,,250000,Customer Deposits,
CUST_DEPOSIT-10049,49.5,A10003,616,20020,616,487,BMK Construction LLC,474,11/22/2024,SO# 38247,250000,,Customer Deposits,
CUST_DEPOSIT-10050,50,A21001,968,20020,,488,BMK Construction LLC,474,11/21/2024,SO# 38247,,250000,Customer Deposits,
CUST_DEPOSIT-10050,50.5,A10003,616,20020,616,488,BMK Construction LLC,474,11/21/2024,SO# 38247,250000,,Customer Deposits,
CUST_DEPOSIT-10051,51,A21001,968,20020,,431,BMK Construction LLC,474,01/17/2025,SO# 38247,,250000,Customer Deposits,
CUST_DEPOSIT-10051,51.5,A10003,616,20020,616,431,BMK Construction LLC,474,01/17/2025,SO# 38247,250000,,Customer Deposits,
CUST_DEPOSIT-10052,52,A21001,968,20020,,461,Bridgerland Group,2574,12/18/2024,SO# 35028,,1331.91,Customer Deposits,
CUST_DEPOSIT-10052,52.5,A10003,616,20020,616,461,Bridgerland Group,2574,12/18/2024,SO# 35028,1331.91,,Customer Deposits,
CUST_DEPOSIT-10053,53,A21001,968,20020,,274,Bridgerland Group,2574,06/23/2025,SO# 38849,,33300,Customer Deposits,
CUST_DEPOSIT-10053,53.5,A10003,616,20020,616,274,Bridgerland Group,2574,06/23/2025,SO# 38849,33300,,Customer Deposits,
CUST_DEPOSIT-10054,54,A21001,968,20020,,286,"Brighter Vision Group, LP",3321,06/11/2025,SO# 37443,,64469.49,Customer Deposits,
CUST_DEPOSIT-10054,54.5,A10003,616,20020,616,286,"Brighter Vision Group, LP",3321,06/11/2025,SO# 37443,64469.49,,Customer Deposits,
CUST_DEPOSIT-10055,55,A21001,968,20020,,328,Business Flooring Specialists,485,04/30/2025,SO# 38860,,8529.09,Customer Deposits,
CUST_DEPOSIT-10055,55.5,A10003,616,20020,616,328,Business Flooring Specialists,485,04/30/2025,SO# 38860,8529.09,,Customer Deposits,
CUST_DEPOSIT-10056,56,A21001,968,20020,,288,CAMARATA MASONRY SYSTEMS,487,06/09/2025,SO# 38851,,32336.94,Customer Deposits,
CUST_DEPOSIT-10056,56.5,A10003,616,20020,616,288,CAMARATA MASONRY SYSTEMS,487,06/09/2025,SO# 38851,32336.94,,Customer Deposits,
CUST_DEPOSIT-10057,57,A21001,968,20020,,497,CAMARATA MASONRY SYSTEMS,487,11/12/2024,SO# 37665,,1050.5,Customer Deposits,
CUST_DEPOSIT-10057,57.5,A10003,616,20020,616,497,CAMARATA MASONRY SYSTEMS,487,11/12/2024,SO# 37665,1050.5,,Customer Deposits,
CUST_DEPOSIT-10058,58,A21001,968,20020,,273,CAMARATA MASONRY SYSTEMS,487,06/24/2025,SO# 38850,,7600,Customer Deposits,
CUST_DEPOSIT-10058,58.5,A10003,616,20020,616,273,CAMARATA MASONRY SYSTEMS,487,06/24/2025,SO# 38850,7600,,Customer Deposits,
CUST_DEPOSIT-10059,59,A21001,968,20020,,671,CANDLEWOOD - PERRYSBERG,3546,05/22/2024,SO# 36162,,340,Customer Deposits,36162
CUST_DEPOSIT-10059,59.5,A10003,616,20020,616,671,CANDLEWOOD - PERRYSBERG,3546,05/22/2024,SO# 36162,340,,Customer Deposits,36162
CUST_DEPOSIT-10060,60,A21001,968,20020,,915,CANDLEWOOD EASTRIDGE TN,3323,09/21/2023,SO# 34596,,3194.36,Customer Deposits,
CUST_DEPOSIT-10060,60.5,A10003,616,20020,616,915,CANDLEWOOD EASTRIDGE TN,3323,09/21/2023,SO# 34596,3194.36,,Customer Deposits,
CUST_DEPOSIT-10061,61,A21001,968,20020,,1037,CANDLEWOOD EASTRIDGE TN,3323,05/22/2023,,,4677.08,Customer Deposits,34507
CUST_DEPOSIT-10061,61.5,A10003,616,20020,616,1037,CANDLEWOOD EASTRIDGE TN,3323,05/22/2023,,4677.08,,Customer Deposits,34507
CUST_DEPOSIT-10062,62,A21001,968,20020,,599,"Candlewood Suites -Columbus,Oh-Kautilya group",3324,08/02/2024,SO# 37172,,1095.42,Customer Deposits,
CUST_DEPOSIT-10062,62.5,A10003,616,20020,616,599,"Candlewood Suites -Columbus,Oh-Kautilya group",3324,08/02/2024,SO# 37172,1095.42,,Customer Deposits,
CUST_DEPOSIT-10063,63,A21001,968,20020,,511,"Capital Commercial Flooring, Inc.",1552,10/29/2024,SO# 38148,,114.07,Customer Deposits,
CUST_DEPOSIT-10063,63.5,A10003,616,20020,616,511,"Capital Commercial Flooring, Inc.",1552,10/29/2024,SO# 38148,114.07,,Customer Deposits,
CUST_DEPOSIT-10064,64,A21001,968,20020,,398,"Chesterfield Hospitality, Inc.",1558,02/19/2025,SO# 37810,,43211.64,Customer Deposits,
CUST_DEPOSIT-10064,64.5,A10003,616,20020,616,398,"Chesterfield Hospitality, Inc.",1558,02/19/2025,SO# 37810,43211.64,,Customer Deposits,
CUST_DEPOSIT-10065,65,A21001,968,20020,,551,"Chesterfield Hospitality, Inc.",1558,09/19/2024,SO# 37810,,145779.16,Customer Deposits,
CUST_DEPOSIT-10065,65.5,A10003,616,20020,616,551,"Chesterfield Hospitality, Inc.",1558,09/19/2024,SO# 37810,145779.16,,Customer Deposits,
CUST_DEPOSIT-10066,66,A21001,968,20020,,428,Classic American Homes & Renovations,2708,01/20/2025,SO# 38633,,1432.34,Customer Deposits,
CUST_DEPOSIT-10066,66.5,A10003,616,20020,616,428,Classic American Homes & Renovations,2708,01/20/2025,SO# 38633,1432.34,,Customer Deposits,
CUST_DEPOSIT-10067,67,A21001,968,20020,,580,"Comfort Inn, Rebrand, Princeton IL",3325,08/21/2024,SO# 36866,,458.63,Customer Deposits,
CUST_DEPOSIT-10067,67.5,A10003,616,20020,616,580,"Comfort Inn, Rebrand, Princeton IL",3325,08/21/2024,SO# 36866,458.63,,Customer Deposits,
CUST_DEPOSIT-10068,68,A21001,968,20020,,330,"Comfort Inn, Rebrand, Princeton IL",3325,04/28/2025,SO# 37108,,11.76,Customer Deposits,
CUST_DEPOSIT-10068,68.5,A10003,616,20020,616,330,"Comfort Inn, Rebrand, Princeton IL",3325,04/28/2025,SO# 37108,11.76,,Customer Deposits,
CUST_DEPOSIT-10069,69,A21001,968,20020,,421,Comfort suites NC330,2640,01/27/2025,SO# 38661,,3583,Customer Deposits,
CUST_DEPOSIT-10069,69.5,A10003,616,20020,616,421,Comfort suites NC330,2640,01/27/2025,SO# 38661,3583,,Customer Deposits,
CUST_DEPOSIT-10070,70,A21001,968,20020,,377,CONTEMPO builders,2456,03/12/2025,SO# 38963,,111.8,Customer Deposits,
CUST_DEPOSIT-10070,70.5,A10003,616,20020,616,377,CONTEMPO builders,2456,03/12/2025,SO# 38963,111.8,,Customer Deposits,
CUST_DEPOSIT-10071,71,A21001,968,20020,,323,CONTEMPO builders,2456,05/05/2025,SO# 38867,,459.47,Customer Deposits,
CUST_DEPOSIT-10071,71.5,A10003,616,20020,616,323,CONTEMPO builders,2456,05/05/2025,SO# 38867,459.47,,Customer Deposits,
CUST_DEPOSIT-10072,72,A21001,968,20020,,292,Contractors Tiles Plus,498,06/05/2025,SO# 38846,,7811.06,Customer Deposits,
CUST_DEPOSIT-10072,72.5,A10003,616,20020,616,292,Contractors Tiles Plus,498,06/05/2025,SO# 38846,7811.06,,Customer Deposits,
CUST_DEPOSIT-10073,73,A21001,968,20020,,679,CPNA Management & Services Inc.,502,05/14/2024,SO# 36417,,6041.38,Customer Deposits,36417
CUST_DEPOSIT-10073,73.5,A10003,616,20020,616,679,CPNA Management & Services Inc.,502,05/14/2024,SO# 36417,6041.38,,Customer Deposits,36417
CUST_DEPOSIT-10074,74,A21001,968,20020,,729,CPNA Management & Services Inc.,502,03/25/2024,SO# 36432,,469.12,Customer Deposits,36432
CUST_DEPOSIT-10074,74.5,A10003,616,20020,616,729,CPNA Management & Services Inc.,502,03/25/2024,SO# 36432,469.12,,Customer Deposits,36432
CUST_DEPOSIT-10075,75,A21001,968,20020,,761,Daren R Snider Construction,3328,02/22/2024,SO# 36075,,48.64,Customer Deposits,36075
CUST_DEPOSIT-10075,75.5,A10003,616,20020,616,761,Daren R Snider Construction,3328,02/22/2024,SO# 36075,48.64,,Customer Deposits,36075
CUST_DEPOSIT-10076,76,A21001,968,20020,,532,Darien Heights Residences,506,10/08/2024,SO# 33529,,2907.31,Customer Deposits,
CUST_DEPOSIT-10076,76.5,A10003,616,20020,616,532,Darien Heights Residences,506,10/08/2024,SO# 33529,2907.31,,Customer Deposits,
CUST_DEPOSIT-10077,77,A21001,968,20020,,390,Davaco - Chilies Restroom remodel Woodlands. TX,3568,02/27/2025,SO# 38904,,2818.04,Customer Deposits,SO28/CD14
CUST_DEPOSIT-10077,77.5,A10003,616,20020,616,390,Davaco - Chilies Restroom remodel Woodlands. TX,3568,02/27/2025,SO# 38904,2818.04,,Customer Deposits,SO28/CD14
CUST_DEPOSIT-10078,78,A21001,968,20020,,271,Days Inn in Georgetown,2441,06/26/2025,SO# 38854,,15346.06,Customer Deposits,
CUST_DEPOSIT-10078,78.5,A10003,616,20020,616,271,Days Inn in Georgetown,2441,06/26/2025,SO# 38854,15346.06,,Customer Deposits,
CUST_DEPOSIT-10079,79,A21001,968,20020,,322,Days Inn in Georgetown,2441,05/06/2025,SO# 38854,,18287.92,Customer Deposits,
CUST_DEPOSIT-10079,79.5,A10003,616,20020,616,322,Days Inn in Georgetown,2441,05/06/2025,SO# 38854,18287.92,,Customer Deposits,
CUST_DEPOSIT-10080,80,A21001,968,20020,,442,Deven Bhakta - Port Aransas Home,515,01/06/2025,SO# 38603,,1143.47,Customer Deposits,1306
CUST_DEPOSIT-10080,80.5,A10003,616,20020,616,442,Deven Bhakta - Port Aransas Home,515,01/06/2025,SO# 38603,1143.47,,Customer Deposits,1306
CUST_DEPOSIT-10081,81,A21001,968,20020,,277,DFW Joseph Investments LLC,1708,06/20/2025,SO# 36476,,65354.81,Customer Deposits,
CUST_DEPOSIT-10081,81.5,A10003,616,20020,616,277,DFW Joseph Investments LLC,1708,06/20/2025,SO# 36476,65354.81,,Customer Deposits,
CUST_DEPOSIT-10082,82,A21001,968,20020,,417,Didier Nader,3565,01/31/2025,SO# 38674,,168.33,Customer Deposits,
CUST_DEPOSIT-10082,82.5,A10003,616,20020,616,417,Didier Nader,3565,01/31/2025,SO# 38674,168.33,,Customer Deposits,
CUST_DEPOSIT-10083,83,A21001,968,20020,,350,Double Tree,2329,04/08/2025,SO# 38807,,10909.1,Customer Deposits,
CUST_DEPOSIT-10083,83.5,A10003,616,20020,616,350,Double Tree,2329,04/08/2025,SO# 38807,10909.1,,Customer Deposits,
CUST_DEPOSIT-10084,84,A21001,968,20020,,344,E&S Flooring LLC,524,04/14/2025,SO# 38817,,4113.75,Customer Deposits,940
CUST_DEPOSIT-10084,84.5,A10003,616,20020,616,344,E&S Flooring LLC,524,04/14/2025,SO# 38817,4113.75,,Customer Deposits,940
CUST_DEPOSIT-10085,85,A21001,968,20020,,545,"ELEMENT FORTSMITH, ARKANSAS",3330,09/25/2024,SO# 36711,,5434.71,Customer Deposits,
CUST_DEPOSIT-10085,85.5,A10003,616,20020,616,545,"ELEMENT FORTSMITH, ARKANSAS",3330,09/25/2024,SO# 36711,5434.71,,Customer Deposits,
CUST_DEPOSIT-10086,86,A21001,968,20020,,545,"ELEMENT FORTSMITH, ARKANSAS",3330,09/25/2024,SO# 36711,,35000,Customer Deposits,576
CUST_DEPOSIT-10086,86.5,A10003,616,20020,616,545,"ELEMENT FORTSMITH, ARKANSAS",3330,09/25/2024,SO# 36711,35000,,Customer Deposits,576
CUST_DEPOSIT-10087,87,A21001,968,20020,,700,"ELEMENT FORTSMITH, ARKANSAS",3330,04/23/2024,SO# 36711,,88226.4,Customer Deposits,36711
CUST_DEPOSIT-10087,87.5,A10003,616,20020,616,700,"ELEMENT FORTSMITH, ARKANSAS",3330,04/23/2024,SO# 36711,88226.4,,Customer Deposits,36711
CUST_DEPOSIT-10088,88,A21001,968,20020,,438,Fairfield Inn - Indianapolis,3549,01/10/2025,SO# 37487,,8009.75,Customer Deposits,
CUST_DEPOSIT-10088,88.5,A10003,616,20020,616,438,Fairfield Inn - Indianapolis,3549,01/10/2025,SO# 37487,8009.75,,Customer Deposits,
CUST_DEPOSIT-10089,89,A21001,968,20020,,278,Fairfield Inn and Suites - Oklahoma City - Andy Patel,3672,06/19/2025,SO# 39069,,3793.39,Customer Deposits,
CUST_DEPOSIT-10089,89.5,A10003,616,20020,616,278,Fairfield Inn and Suites - Oklahoma City - Andy Patel,3672,06/19/2025,SO# 39069,3793.39,,Customer Deposits,
CUST_DEPOSIT-10090,90,A21001,968,20020,,461,Fairfield Inn Gadsden AL,3333,12/18/2024,SO# 38283,,195447.97,Customer Deposits,
CUST_DEPOSIT-10090,90.5,A10003,616,20020,616,461,Fairfield Inn Gadsden AL,3333,12/18/2024,SO# 38283,195447.97,,Customer Deposits,
CUST_DEPOSIT-10091,91,A21001,968,20020,,718,Fairfield Townplace East Hartford,3335,04/05/2024,,,402351.33,Customer Deposits,35793
CUST_DEPOSIT-10091,91.5,A10003,616,20020,616,718,Fairfield Townplace East Hartford,3335,04/05/2024,,402351.33,,Customer Deposits,35793
CUST_DEPOSIT-10092,92,A21001,968,20020,,778,Fairfield Townplace East Hartford,3335,02/05/2024,SO# 35793,,938381.33,Customer Deposits,35793
CUST_DEPOSIT-10092,92.5,A10003,616,20020,616,778,Fairfield Townplace East Hartford,3335,02/05/2024,SO# 35793,938381.33,,Customer Deposits,35793
CUST_DEPOSIT-10093,93,A21001,968,20020,,306,Fairfield Townplace East Hartford,3335,05/22/2025,SO# 38993,,41979,Customer Deposits,
CUST_DEPOSIT-10093,93.5,A10003,616,20020,616,306,Fairfield Townplace East Hartford,3335,05/22/2025,SO# 38993,41979,,Customer Deposits,
CUST_DEPOSIT-10094,94,A21001,968,20020,,305,Fairfield Townplace East Hartford,3335,05/23/2025,SO# 35793,,125000,Customer Deposits,
CUST_DEPOSIT-10094,94.5,A10003,616,20020,616,305,Fairfield Townplace East Hartford,3335,05/23/2025,SO# 35793,125000,,Customer Deposits,
CUST_DEPOSIT-10095,95,A21001,968,20020,,495,Fat Tuesday,535,11/14/2024,SO# 37442,,0.02,Customer Deposits,271
CUST_DEPOSIT-10095,95.5,A10003,616,20020,616,495,Fat Tuesday,535,11/14/2024,SO# 37442,0.02,,Customer Deposits,271
CUST_DEPOSIT-10096,96,A21001,968,20020,,309,First Capital Advisors,2485,05/19/2025,SO# 38881,,634.17,Customer Deposits,
CUST_DEPOSIT-10096,96.5,A10003,616,20020,616,309,First Capital Advisors,2485,05/19/2025,SO# 38881,634.17,,Customer Deposits,
CUST_DEPOSIT-10097,97,A21001,968,20020,,300,First Capital Advisors,2485,05/28/2025,SO# 38893,,1660.02,Customer Deposits,
CUST_DEPOSIT-10097,97.5,A10003,616,20020,616,300,First Capital Advisors,2485,05/28/2025,SO# 38893,1660.02,,Customer Deposits,
CUST_DEPOSIT-10098,98,A21001,968,20020,,313,Five Star Imperial Group Hospitality LLC,2534,05/15/2025,SO# 38903,,59741.26,Customer Deposits,
CUST_DEPOSIT-10098,98.5,A10003,616,20020,616,313,Five Star Imperial Group Hospitality LLC,2534,05/15/2025,SO# 38903,59741.26,,Customer Deposits,
CUST_DEPOSIT-10099,99,A21001,968,20020,,305,FLOOR INSPIRATIONS,2458,05/23/2025,SO# 38891,,613.85,Customer Deposits,
CUST_DEPOSIT-10099,99.5,A10003,616,20020,616,305,FLOOR INSPIRATIONS,2458,05/23/2025,SO# 38891,613.85,,Customer Deposits,
CUST_DEPOSIT-100100,100,A21001,968,20020,,349,Floor Source,2307,04/09/2025,SO# 38791,,4207.11,Customer Deposits,
CUST_DEPOSIT-100100,100.5,A10003,616,20020,616,349,Floor Source,2307,04/09/2025,SO# 38791,4207.11,,Customer Deposits,
CUST_DEPOSIT-100101,101,A21001,968,20020,,358,Floor Source,2307,03/31/2025,SO# 38953,,3040.26,Customer Deposits,
CUST_DEPOSIT-100101,101.5,A10003,616,20020,616,358,Floor Source,2307,03/31/2025,SO# 38953,3040.26,,Customer Deposits,
CUST_DEPOSIT-100102,102,A21001,968,20020,,314,Floor Source,2307,05/14/2025,SO# 38981,,1228.7,Customer Deposits,
CUST_DEPOSIT-100102,102.5,A10003,616,20020,616,314,Floor Source,2307,05/14/2025,SO# 38981,1228.7,,Customer Deposits,
CUST_DEPOSIT-100103,103,A21001,968,20020,,375,FLOORSCAPES,2172,03/14/2025,SO# 38909,,12532.78,Customer Deposits,
CUST_DEPOSIT-100103,103.5,A10003,616,20020,616,375,FLOORSCAPES,2172,03/14/2025,SO# 38909,12532.78,,Customer Deposits,
CUST_DEPOSIT-100104,104,A21001,968,20020,,466,Gaurang Gary Patel,540,12/13/2024,SO# 38527,,2540,Customer Deposits,
CUST_DEPOSIT-100104,104.5,A10003,616,20020,616,466,Gaurang Gary Patel,540,12/13/2024,SO# 38527,2540,,Customer Deposits,
CUST_DEPOSIT-100105,105,A21001,968,20020,,531,Gene Cathey,541,10/09/2024,SO# 38011,,0.02,Customer Deposits,728
CUST_DEPOSIT-100105,105.5,A10003,616,20020,616,531,Gene Cathey,541,10/09/2024,SO# 38011,0.02,,Customer Deposits,728
CUST_DEPOSIT-100106,106,A21001,968,20020,,608,Goodall Distributors,544,07/24/2024,SO# 37354,,11353.32,Customer Deposits,
CUST_DEPOSIT-100106,106.5,A10003,616,20020,616,608,Goodall Distributors,544,07/24/2024,SO# 37354,11353.32,,Customer Deposits,
CUST_DEPOSIT-100107,107,A21001,968,20020,,557,Grand Sierra Resort & Casino,546,09/13/2024,,,1882.74,Customer Deposits,
CUST_DEPOSIT-100107,107.5,A10003,616,20020,616,557,Grand Sierra Resort & Casino,546,09/13/2024,,1882.74,,Customer Deposits,
CUST_DEPOSIT-100108,108,A21001,968,20020,,593,Grand Sierra Resort & Casino,546,08/08/2024,SO#32175,,860,Customer Deposits,
CUST_DEPOSIT-100108,108.5,A10003,616,20020,616,593,Grand Sierra Resort & Casino,546,08/08/2024,SO#32175,860,,Customer Deposits,
CUST_DEPOSIT-100109,109,A21001,968,20020,,301,Grand Sierra Resort & Casino,546,05/27/2025,SO# 38892,,866.05,Customer Deposits,
CUST_DEPOSIT-100109,109.5,A10003,616,20020,616,301,Grand Sierra Resort & Casino,546,05/27/2025,SO# 38892,866.05,,Customer Deposits,
CUST_DEPOSIT-100110,110,A21001,968,20020,,431,Grand Sierra Resort & Casino,546,01/17/2025,SO# 32178,,27069.17,Customer Deposits,
CUST_DEPOSIT-100110,110.5,A10003,616,20020,616,431,Grand Sierra Resort & Casino,546,01/17/2025,SO# 32178,27069.17,,Customer Deposits,
CUST_DEPOSIT-100111,111,A21001,968,20020,,586,Grand Sierra Resort & Casino,546,08/15/2024,,,149785.67,Customer Deposits,
CUST_DEPOSIT-100111,111.5,A10003,616,20020,616,586,Grand Sierra Resort & Casino,546,08/15/2024,,149785.67,,Customer Deposits,
CUST_DEPOSIT-100112,112,A21001,968,20020,,293,Grand Sierra Resort & Casino,546,06/04/2025,SO# 38606,,152.46,Customer Deposits,318
CUST_DEPOSIT-100112,112.5,A10003,616,20020,616,293,Grand Sierra Resort & Casino,546,06/04/2025,SO# 38606,152.46,,Customer Deposits,318
CUST_DEPOSIT-100113,113,A21001,968,20020,,554,Grand Sierra Resort & Casino,546,09/16/2024,SO# 32179,,37321.21,Customer Deposits,
CUST_DEPOSIT-100113,113.5,A10003,616,20020,616,554,Grand Sierra Resort & Casino,546,09/16/2024,SO# 32179,37321.21,,Customer Deposits,
CUST_DEPOSIT-100114,114,A21001,968,20020,,355,GROSE & MANZ BUILDERS LLC,1553,04/03/2025,SO# 38607,,6016.5,Customer Deposits,
CUST_DEPOSIT-100114,114.5,A10003,616,20020,616,355,GROSE & MANZ BUILDERS LLC,1553,04/03/2025,SO# 38607,6016.5,,Customer Deposits,
CUST_DEPOSIT-100115,115,A21001,968,20020,,267,GROSE & MANZ BUILDERS LLC,1553,06/30/2025,SO# 38317,,45745.59,Customer Deposits,
CUST_DEPOSIT-100115,115.5,A10003,616,20020,616,267,GROSE & MANZ BUILDERS LLC,1553,06/30/2025,SO# 38317,45745.59,,Customer Deposits,
CUST_DEPOSIT-100116,116,A21001,968,20020,,369,"Gulf Coast Hotel Group,LLC DBA Doubletree by Hilton",2193,03/20/2025,SO# 38915,,661.94,Customer Deposits,
CUST_DEPOSIT-100116,116.5,A10003,616,20020,616,369,"Gulf Coast Hotel Group,LLC DBA Doubletree by Hilton",2193,03/20/2025,SO# 38915,661.94,,Customer Deposits,
CUST_DEPOSIT-100117,117,A21001,968,20020,,316,"H-M Tile, Marble and Hardwood Floor",2417,05/12/2025,SO# 38684,,0.01,Customer Deposits,782
CUST_DEPOSIT-100117,117.5,A10003,616,20020,616,316,"H-M Tile, Marble and Hardwood Floor",2417,05/12/2025,SO# 38684,0.01,,Customer Deposits,782
CUST_DEPOSIT-100118,118,A21001,968,20020,,1366,Hampton 801 Walnut,3569,06/27/2022,SO#39102,,4326.62,Customer Deposits,
CUST_DEPOSIT-100118,118.5,A10003,616,20020,616,1366,Hampton 801 Walnut,3569,06/27/2022,SO#39102,4326.62,,Customer Deposits,
CUST_DEPOSIT-100119,119,A21001,968,20020,,364,Hampton Downtown Montgomery,2761,03/25/2025,SO# 35516,,101344,Customer Deposits,
CUST_DEPOSIT-100119,119.5,A10003,616,20020,616,364,Hampton Downtown Montgomery,2761,03/25/2025,SO# 35516,101344,,Customer Deposits,
CUST_DEPOSIT-100120,120,A21001,968,20020,,918,Hampton Downtown Montgomery,2761,09/18/2023,SO# 35516,,200000,Customer Deposits,
CUST_DEPOSIT-100120,120.5,A10003,616,20020,616,918,Hampton Downtown Montgomery,2761,09/18/2023,SO# 35516,200000,,Customer Deposits,
CUST_DEPOSIT-100121,121,A21001,968,20020,,340,Hampton Downtown Montgomery,2761,04/18/2025,SO# 35516,,129031,Customer Deposits,
CUST_DEPOSIT-100121,121.5,A10003,616,20020,616,340,Hampton Downtown Montgomery,2761,04/18/2025,SO# 35516,129031,,Customer Deposits,
CUST_DEPOSIT-100122,122,A21001,968,20020,,349,Hampton Inn & Suite - NM,2048,04/09/2025,SO# 38815,,4310.35,Customer Deposits,
CUST_DEPOSIT-100122,122.5,A10003,616,20020,616,349,Hampton Inn & Suite - NM,2048,04/09/2025,SO# 38815,4310.35,,Customer Deposits,
CUST_DEPOSIT-100123,123,A21001,968,20020,,393,Hampton Inn Corpus Christi,1933,02/24/2025,SO# 38726,,3483.22,Customer Deposits,CD13/ SO21
CUST_DEPOSIT-100123,123.5,A10003,616,20020,616,393,Hampton Inn Corpus Christi,1933,02/24/2025,SO# 38726,3483.22,,Customer Deposits,CD13/ SO21
CUST_DEPOSIT-100124,124,A21001,968,20020,,417,Hampton Inn Nashville,3338,01/31/2025,SO# 37736,,151011.08,Customer Deposits,
CUST_DEPOSIT-100124,124.5,A10003,616,20020,616,417,Hampton Inn Nashville,3338,01/31/2025,SO# 37736,151011.08,,Customer Deposits,
CUST_DEPOSIT-100125,125,A21001,968,20020,,887,HAMPTON INN PEARLAND,3339,10/19/2023,SO# 34551,,7576.62,Customer Deposits,
CUST_DEPOSIT-100125,125.5,A10003,616,20020,616,887,HAMPTON INN PEARLAND,3339,10/19/2023,SO# 34551,7576.62,,Customer Deposits,
CUST_DEPOSIT-100126,126,A21001,968,20020,,887,HAMPTON INN PEARLAND,3339,10/19/2023,SO# 34547,,4376.69,Customer Deposits,
CUST_DEPOSIT-100126,126.5,A10003,616,20020,616,887,HAMPTON INN PEARLAND,3339,10/19/2023,SO# 34547,4376.69,,Customer Deposits,
CUST_DEPOSIT-100127,127,A21001,968,20020,,1033,HAMPTON INN PEARLAND,3339,05/26/2023,SO# 34553,,1157.3,Customer Deposits,
CUST_DEPOSIT-100127,127.5,A10003,616,20020,616,1033,HAMPTON INN PEARLAND,3339,05/26/2023,SO# 34553,1157.3,,Customer Deposits,
CUST_DEPOSIT-100128,128,A21001,968,20020,,788,Hampton Inn Rosenberg,2520,01/26/2024,SO# 34035,,1538.28,Customer Deposits,
CUST_DEPOSIT-100128,128.5,A10003,616,20020,616,788,Hampton Inn Rosenberg,2520,01/26/2024,SO# 34035,1538.28,,Customer Deposits,
CUST_DEPOSIT-100129,129,A21001,968,20020,,788,Hampton Inn Rosenberg,2520,01/26/2024,SO# 35076,,0.01,Customer Deposits,
CUST_DEPOSIT-100129,129.5,A10003,616,20020,616,788,Hampton Inn Rosenberg,2520,01/26/2024,SO# 35076,0.01,,Customer Deposits,
CUST_DEPOSIT-100130,130,A21001,968,20020,,788,Hampton Inn Rosenberg,2520,01/26/2024,SO# 35081,,41.35,Customer Deposits,
CUST_DEPOSIT-100130,130.5,A10003,616,20020,616,788,Hampton Inn Rosenberg,2520,01/26/2024,SO# 35081,41.35,,Customer Deposits,
CUST_DEPOSIT-100131,131,A21001,968,20020,,526,Hawthorne Suites- Alpine WY,2710,10/14/2024,SO# 37340,,14299.76,Customer Deposits,
CUST_DEPOSIT-100131,131.5,A10003,616,20020,616,526,Hawthorne Suites- Alpine WY,2710,10/14/2024,SO# 37340,14299.76,,Customer Deposits,
CUST_DEPOSIT-100132,132,A21001,968,20020,,526,Hawthorne Suites- Alpine WY,2710,10/14/2024,SO# 37843,,15079.76,Customer Deposits,
CUST_DEPOSIT-100132,132.5,A10003,616,20020,616,526,Hawthorne Suites- Alpine WY,2710,10/14/2024,SO# 37843,15079.76,,Customer Deposits,
CUST_DEPOSIT-100133,133,A21001,968,20020,,421,HB Ca,2593,01/27/2025,SO# 37966,,64.22,Customer Deposits,571
CUST_DEPOSIT-100133,133.5,A10003,616,20020,616,421,HB Ca,2593,01/27/2025,SO# 37966,64.22,,Customer Deposits,571
CUST_DEPOSIT-100134,134,A21001,968,20020,,306,Hestan Winery,2519,05/22/2025,SO# 38473,,13522.46,Customer Deposits,
CUST_DEPOSIT-100134,134.5,A10003,616,20020,616,306,Hestan Winery,2519,05/22/2025,SO# 38473,13522.46,,Customer Deposits,
CUST_DEPOSIT-100135,135,A21001,968,20020,,467,Hestan Winery,2519,12/12/2024,SO#38473,,13522.46,Customer Deposits,
CUST_DEPOSIT-100135,135.5,A10003,616,20020,616,467,Hestan Winery,2519,12/12/2024,SO#38473,13522.46,,Customer Deposits,
CUST_DEPOSIT-100136,136,A21001,968,20020,,403,"HFD HAWTHORN/LA QUINTA, MEBANE, NC",2623,02/14/2025,SO# 38636,,8770,Customer Deposits,
CUST_DEPOSIT-100136,136.5,A10003,616,20020,616,403,"HFD HAWTHORN/LA QUINTA, MEBANE, NC",2623,02/14/2025,SO# 38636,8770,,Customer Deposits,
CUST_DEPOSIT-100137,137,A21001,968,20020,,370,Highland Stores LLC,557,03/19/2025,SO# 38960,,39367.06,Customer Deposits,
CUST_DEPOSIT-100137,137.5,A10003,616,20020,616,370,Highland Stores LLC,557,03/19/2025,SO# 38960,39367.06,,Customer Deposits,
CUST_DEPOSIT-100138,138,A21001,968,20020,,368,Highland Stores LLC,557,03/21/2025,SO# 38958,,28186.49,Customer Deposits,
CUST_DEPOSIT-100138,138.5,A10003,616,20020,616,368,Highland Stores LLC,557,03/21/2025,SO# 38958,28186.49,,Customer Deposits,
CUST_DEPOSIT-100139,139,A21001,968,20020,,313,"Holiday Inn Express - Zion, IL",3343,05/15/2025,SO# 38880,,2220.64,Customer Deposits,
CUST_DEPOSIT-100139,139.5,A10003,616,20020,616,313,"Holiday Inn Express - Zion, IL",3343,05/15/2025,SO# 38880,2220.64,,Customer Deposits,
CUST_DEPOSIT-100140,140,A21001,968,20020,,385,Holiday Inn Express and Suites,2159,03/04/2025,SO# 38721,,222.94,Customer Deposits,
CUST_DEPOSIT-100140,140.5,A10003,616,20020,616,385,Holiday Inn Express and Suites,2159,03/04/2025,SO# 38721,222.94,,Customer Deposits,
CUST_DEPOSIT-100141,141,A21001,968,20020,,370,Home 2 Suite by Hilton,2186,03/19/2025,SO# 38913,,253.16,Customer Deposits,
CUST_DEPOSIT-100141,141.5,A10003,616,20020,616,370,Home 2 Suite by Hilton,2186,03/19/2025,SO# 38913,253.16,,Customer Deposits,
CUST_DEPOSIT-100142,142,A21001,968,20020,,501,HOME2 SOMERSET,3526,11/08/2024,SO# 38246,,290230.64,Customer Deposits,
CUST_DEPOSIT-100142,142.5,A10003,616,20020,616,501,HOME2 SOMERSET,3526,11/08/2024,SO# 38246,290230.64,,Customer Deposits,
CUST_DEPOSIT-100143,143,A21001,968,20020,,357,HOME2 SOMERSET,3526,04/01/2025,SO# 38246,,556178.42,Customer Deposits,
CUST_DEPOSIT-100143,143.5,A10003,616,20020,616,357,HOME2 SOMERSET,3526,04/01/2025,SO# 38246,556178.42,,Customer Deposits,
CUST_DEPOSIT-100144,144,A21001,968,20020,,600,"Hometown Inn & Suites, Memphis TN",3346,08/01/2024,SO# 36296,,26673.09,Customer Deposits,
CUST_DEPOSIT-100144,144.5,A10003,616,20020,616,600,"Hometown Inn & Suites, Memphis TN",3346,08/01/2024,SO# 36296,26673.09,,Customer Deposits,
CUST_DEPOSIT-100145,145,A21001,968,20020,,512,Homewood Suites Beaumont,2348,10/28/2024,SO# 34976,,1296.94,Customer Deposits,
CUST_DEPOSIT-100145,145.5,A10003,616,20020,616,512,Homewood Suites Beaumont,2348,10/28/2024,SO# 34976,1296.94,,Customer Deposits,
CUST_DEPOSIT-100146,146,A21001,968,20020,,603,Homewood Suites Beaumont,2348,07/29/2024,SO# 37327,,0.01,Customer Deposits,
CUST_DEPOSIT-100146,146.5,A10003,616,20020,616,603,Homewood Suites Beaumont,2348,07/29/2024,SO# 37327,0.01,,Customer Deposits,
CUST_DEPOSIT-100147,147,A21001,968,20020,,629,Homewood Suites Beaumont,2348,07/03/2024,,,0,Customer Deposits,
CUST_DEPOSIT-100147,147.5,A10003,616,20020,616,629,Homewood Suites Beaumont,2348,07/03/2024,,0,,Customer Deposits,
CUST_DEPOSIT-100148,148,A21001,968,20020,,344,Homewood Suites Beaumont,2348,04/14/2025,SO# 38987,,528.62,Customer Deposits,
CUST_DEPOSIT-100148,148.5,A10003,616,20020,616,344,Homewood Suites Beaumont,2348,04/14/2025,SO# 38987,528.62,,Customer Deposits,
CUST_DEPOSIT-100149,149,A21001,968,20020,,288,Homewood Suites Corpus Christi,2302,06/09/2025,SO# 39004,,500000,Customer Deposits,
CUST_DEPOSIT-100149,149.5,A10003,616,20020,616,288,Homewood Suites Corpus Christi,2302,06/09/2025,SO# 39004,500000,,Customer Deposits,
CUST_DEPOSIT-100150,150,A21001,968,20020,,350,Homewood Suites Fayetteville,2330,04/08/2025,SO# 38809,,8183.25,Customer Deposits,
CUST_DEPOSIT-100150,150.5,A10003,616,20020,616,350,Homewood Suites Fayetteville,2330,04/08/2025,SO# 38809,8183.25,,Customer Deposits,
CUST_DEPOSIT-100151,151,A21001,968,20020,,292,Homewood Suites Fayetteville,2330,06/05/2025,SO#38809 SO#39105,,1529.19,Customer Deposits,
CUST_DEPOSIT-100151,151.5,A10003,616,20020,616,292,Homewood Suites Fayetteville,2330,06/05/2025,SO#38809 SO#39105,1529.19,,Customer Deposits,
CUST_DEPOSIT-100152,152,A21001,968,20020,,477,HSI Design Group,3562,12/02/2024,SO# 38021,,250,Customer Deposits,
CUST_DEPOSIT-100152,152.5,A10003,616,20020,616,477,HSI Design Group,3562,12/02/2024,SO# 38021,250,,Customer Deposits,
CUST_DEPOSIT-100153,153,A21001,968,20020,,336,Iannacone Residence,2347,04/22/2025,SO# 38820,,38311.33,Customer Deposits,
CUST_DEPOSIT-100153,153.5,A10003,616,20020,616,336,Iannacone Residence,2347,04/22/2025,SO# 38820,38311.33,,Customer Deposits,
CUST_DEPOSIT-100154,154,A21001,968,20020,,673,Imagine Porcelain Co. IPC.,567,05/20/2024,SO# 36849,,8037.57,Customer Deposits,36849
CUST_DEPOSIT-100154,154.5,A10003,616,20020,616,673,Imagine Porcelain Co. IPC.,567,05/20/2024,SO# 36849,8037.57,,Customer Deposits,36849
CUST_DEPOSIT-100155,155,A21001,968,20020,,589,Imagine Porcelain Co. IPC.,567,08/12/2024,SO# 36849,,5045.77,Customer Deposits,
CUST_DEPOSIT-100155,155.5,A10003,616,20020,616,589,Imagine Porcelain Co. IPC.,567,08/12/2024,SO# 36849,5045.77,,Customer Deposits,
CUST_DEPOSIT-100156,156,A21001,968,20020,,799,Imagine Porcelain Co. IPC.,567,01/15/2024,SO# 35789,,711.91,Customer Deposits,
CUST_DEPOSIT-100156,156.5,A10003,616,20020,616,799,Imagine Porcelain Co. IPC.,567,01/15/2024,SO# 35789,711.91,,Customer Deposits,
CUST_DEPOSIT-100157,157,A21001,968,20020,,748,Imagine Porcelain Co. IPC.,567,03/06/2024,SO# 36261,,425.64,Customer Deposits,36261
CUST_DEPOSIT-100157,157.5,A10003,616,20020,616,748,Imagine Porcelain Co. IPC.,567,03/06/2024,SO# 36261,425.64,,Customer Deposits,36261
CUST_DEPOSIT-100158,158,A21001,968,20020,,510,"Installations Plus, Inc.",1555,10/30/2024,SO# 38216,,10702.4,Customer Deposits,5885
CUST_DEPOSIT-100158,158.5,A10003,616,20020,616,510,"Installations Plus, Inc.",1555,10/30/2024,SO# 38216,10702.4,,Customer Deposits,5885
CUST_DEPOSIT-100159,159,A21001,968,20020,,462,Interior Dezyn,3413,12/17/2024,SO# 38525,,1523.93,Customer Deposits,
CUST_DEPOSIT-100159,159.5,A10003,616,20020,616,462,Interior Dezyn,3413,12/17/2024,SO# 38525,1523.93,,Customer Deposits,
CUST_DEPOSIT-100160,160,A21001,968,20020,,536,Interstate Construction Corp.,569,10/04/2024,SO# 35485,,9000,Customer Deposits,
CUST_DEPOSIT-100160,160.5,A10003,616,20020,616,536,Interstate Construction Corp.,569,10/04/2024,SO# 35485,9000,,Customer Deposits,
CUST_DEPOSIT-100161,161,A21001,968,20020,,371,Intertech Flooring,2191,03/18/2025,SO# 38871,,5335.05,Customer Deposits,
CUST_DEPOSIT-100161,161.5,A10003,616,20020,616,371,Intertech Flooring,2191,03/18/2025,SO# 38871,5335.05,,Customer Deposits,
CUST_DEPOSIT-100162,162,A21001,968,20020,,319,Intertech Flooring,2191,05/09/2025,SO# 38871,,555.95,Customer Deposits,
CUST_DEPOSIT-100162,162.5,A10003,616,20020,616,319,Intertech Flooring,2191,05/09/2025,SO# 38871,555.95,,Customer Deposits,
CUST_DEPOSIT-100163,163,A21001,968,20020,,279,Intertech Flooring,2191,06/18/2025,SO# 38839,,1998.38,Customer Deposits,
CUST_DEPOSIT-100163,163.5,A10003,616,20020,616,279,Intertech Flooring,2191,06/18/2025,SO# 38839,1998.38,,Customer Deposits,
CUST_DEPOSIT-100164,164,A21001,968,20020,,720,"Jay Sun Hospitality LLC / La Quinta La Habra,CA",3351,04/03/2024,SO# 35427,,142697.44,Customer Deposits,
CUST_DEPOSIT-100164,164.5,A10003,616,20020,616,720,"Jay Sun Hospitality LLC / La Quinta La Habra,CA",3351,04/03/2024,SO# 35427,142697.44,,Customer Deposits,
CUST_DEPOSIT-100165,165,A21001,968,20020,,446,JDL Flooring Solutions Inc,2616,01/02/2025,SO# 38592,,93.11,Customer Deposits,
CUST_DEPOSIT-100165,165.5,A10003,616,20020,616,446,JDL Flooring Solutions Inc,2616,01/02/2025,SO# 38592,93.11,,Customer Deposits,
CUST_DEPOSIT-100166,166,A21001,968,20020,,358,"Jenkins Contract Flooring, LLC",2300,03/31/2025,SO# 38805,,0.06,Customer Deposits,
CUST_DEPOSIT-100166,166.5,A10003,616,20020,616,358,"Jenkins Contract Flooring, LLC",2300,03/31/2025,SO# 38805,0.06,,Customer Deposits,
CUST_DEPOSIT-100167,167,A21001,968,20020,,298,"Jerry Osborne & Associates, LLC",575,05/30/2025,SO# 38998,,1748.8,Customer Deposits,
CUST_DEPOSIT-100167,167.5,A10003,616,20020,616,298,"Jerry Osborne & Associates, LLC",575,05/30/2025,SO# 38998,1748.8,,Customer Deposits,
CUST_DEPOSIT-100168,168,A21001,968,20020,,281,"Jerry Osborne & Associates, LLC",575,06/16/2025,SO# 39009,,6687.31,Customer Deposits,
CUST_DEPOSIT-100168,168.5,A10003,616,20020,616,281,"Jerry Osborne & Associates, LLC",575,06/16/2025,SO# 39009,6687.31,,Customer Deposits,
CUST_DEPOSIT-100169,169,A21001,968,20020,,277,"Jerry Osborne & Associates, LLC",575,06/20/2025,SO#39009,,6687.31,Customer Deposits,
CUST_DEPOSIT-100169,169.5,A10003,616,20020,616,277,"Jerry Osborne & Associates, LLC",575,06/20/2025,SO#39009,6687.31,,Customer Deposits,
CUST_DEPOSIT-100170,170,A21001,968,20020,,306,Kenner Hospitality LLC,2473,05/22/2025,SO# 38994,,251930.03,Customer Deposits,
CUST_DEPOSIT-100170,170.5,A10003,616,20020,616,306,Kenner Hospitality LLC,2473,05/22/2025,SO# 38994,251930.03,,Customer Deposits,
CUST_DEPOSIT-100171,171,A21001,968,20020,,372,Kevin Sims,577,03/17/2025,SO# 38962,,100.02,Customer Deposits,
CUST_DEPOSIT-100171,171.5,A10003,616,20020,616,372,Kevin Sims,577,03/17/2025,SO# 38962,100.02,,Customer Deposits,
CUST_DEPOSIT-100172,172,A21001,968,20020,,413,Kian Hotels LLC,1585,02/04/2025,,,448182.42,Customer Deposits,CD02/SO04
CUST_DEPOSIT-100172,172.5,A10003,616,20020,616,413,Kian Hotels LLC,1585,02/04/2025,,448182.42,,Customer Deposits,CD02/SO04
CUST_DEPOSIT-100173,173,A21001,968,20020,,378,Kings Bay Coastal Hotel Management LLC / Wingate Kingsland,3354,03/11/2025,SO# 36238,,10772.6,Customer Deposits,
CUST_DEPOSIT-100173,173.5,A10003,616,20020,616,378,Kings Bay Coastal Hotel Management LLC / Wingate Kingsland,3354,03/11/2025,SO# 36238,10772.6,,Customer Deposits,
CUST_DEPOSIT-100174,174,A21001,968,20020,,425,Kings Bay Coastal Hotel Management LLC / Wingate Kingsland,3354,01/23/2025,SO# 38414,,8164.05,Customer Deposits,
CUST_DEPOSIT-100174,174.5,A10003,616,20020,616,425,Kings Bay Coastal Hotel Management LLC / Wingate Kingsland,3354,01/23/2025,SO# 38414,8164.05,,Customer Deposits,
CUST_DEPOSIT-100175,175,A21001,968,20020,,343,Kings Construction,580,04/15/2025,SO# 38829,,1950,Customer Deposits,
CUST_DEPOSIT-100175,175.5,A10003,616,20020,616,343,Kings Construction,580,04/15/2025,SO# 38829,1950,,Customer Deposits,
CUST_DEPOSIT-100176,176,A21001,968,20020,,342,Kings Construction,580,04/16/2025,SO# 38984,,1950,Customer Deposits,
CUST_DEPOSIT-100176,176.5,A10003,616,20020,616,342,Kings Construction,580,04/16/2025,SO# 38984,1950,,Customer Deposits,
CUST_DEPOSIT-100177,177,A21001,968,20020,,279,Kings Construction,580,06/18/2025,,,2677.89,Customer Deposits,cd158
CUST_DEPOSIT-100177,177.5,A10003,616,20020,616,279,Kings Construction,580,06/18/2025,,2677.89,,Customer Deposits,cd158
CUST_DEPOSIT-100178,178,A21001,968,20020,,608,"Krushiker Hospitality Group, Inc/ Homewood Suites- Fayetteville, AR",3542,07/24/2024,SO# 35486,,386.49,Customer Deposits,
CUST_DEPOSIT-100178,178.5,A10003,616,20020,616,608,"Krushiker Hospitality Group, Inc/ Homewood Suites- Fayetteville, AR",3542,07/24/2024,SO# 35486,386.49,,Customer Deposits,
CUST_DEPOSIT-100179,179,A21001,968,20020,,490,KVA MANAGEMENT,3674,11/19/2024,SO# 38223,,-2149.59,Customer Deposits,
CUST_DEPOSIT-100179,179.5,A10003,616,20020,616,490,KVA MANAGEMENT,3674,11/19/2024,SO# 38223,-2149.59,,Customer Deposits,
CUST_DEPOSIT-100180,180,A21001,968,20020,,509,KVA MANAGEMENT,3674,10/31/2024,SO# 38223,,2149.59,Customer Deposits,
CUST_DEPOSIT-100180,180.5,A10003,616,20020,616,509,KVA MANAGEMENT,3674,10/31/2024,SO# 38223,2149.59,,Customer Deposits,
CUST_DEPOSIT-100181,181,A21001,968,20020,,585,Kyle Hicks,583,08/16/2024,SO# 36292,,1415.3,Customer Deposits,6011
CUST_DEPOSIT-100181,181.5,A10003,616,20020,616,585,Kyle Hicks,583,08/16/2024,SO# 36292,1415.3,,Customer Deposits,6011
CUST_DEPOSIT-100182,182,A21001,968,20020,,643,Kyle Hicks,583,06/19/2024,SO# 36163,,-1055.98,Customer Deposits,36163
CUST_DEPOSIT-100182,182.5,A10003,616,20020,616,643,Kyle Hicks,583,06/19/2024,SO# 36163,-1055.98,,Customer Deposits,36163
CUST_DEPOSIT-100183,183,A21001,968,20020,,288,"L Peters Construction, Inc.",2524,06/09/2025,SO# 38853,,2055.21,Customer Deposits,
CUST_DEPOSIT-100183,183.5,A10003,616,20020,616,288,"L Peters Construction, Inc.",2524,06/09/2025,SO# 38853,2055.21,,Customer Deposits,
CUST_DEPOSIT-100184,184,A21001,968,20020,,875,"La Quinta - Chelsea,AL",3355,10/31/2023,SO# 35238,,605.76,Customer Deposits,
CUST_DEPOSIT-100184,184.5,A10003,616,20020,616,875,"La Quinta - Chelsea,AL",3355,10/31/2023,SO# 35238,605.76,,Customer Deposits,
CUST_DEPOSIT-100185,185,A21001,968,20020,,875,"La Quinta - Chelsea,AL",3355,10/31/2023,SO# 35226,,824.27,Customer Deposits,
CUST_DEPOSIT-100185,185.5,A10003,616,20020,616,875,"La Quinta - Chelsea,AL",3355,10/31/2023,SO# 35226,824.27,,Customer Deposits,
CUST_DEPOSIT-100186,186,A21001,968,20020,,762,"La Quinta - Chelsea,AL",3355,02/21/2024,,,2105.76,Customer Deposits,35219
CUST_DEPOSIT-100186,186.5,A10003,616,20020,616,762,"La Quinta - Chelsea,AL",3355,02/21/2024,,2105.76,,Customer Deposits,35219
CUST_DEPOSIT-100187,187,A21001,968,20020,,875,"La Quinta - Chelsea,AL",3355,10/31/2023,SO# 35225,,8123.69,Customer Deposits,
CUST_DEPOSIT-100187,187.5,A10003,616,20020,616,875,"La Quinta - Chelsea,AL",3355,10/31/2023,SO# 35225,8123.69,,Customer Deposits,
CUST_DEPOSIT-100188,188,A21001,968,20020,,875,"La Quinta - Chelsea,AL",3355,10/31/2023,SO#37459,,7953.31,Customer Deposits,
CUST_DEPOSIT-100188,188.5,A10003,616,20020,616,875,"La Quinta - Chelsea,AL",3355,10/31/2023,SO#37459,7953.31,,Customer Deposits,
CUST_DEPOSIT-100189,189,A21001,968,20020,,875,"La Quinta - Chelsea,AL",3355,10/31/2023,SO# 35240,,2550.1,Customer Deposits,
CUST_DEPOSIT-100189,189.5,A10003,616,20020,616,875,"La Quinta - Chelsea,AL",3355,10/31/2023,SO# 35240,2550.1,,Customer Deposits,
CUST_DEPOSIT-100190,190,A21001,968,20020,,795,La Quinta - Fort Lauderdale - FL - Rob Song,3630,01/19/2024,SO# 36064,,11923,Customer Deposits,36064
CUST_DEPOSIT-100190,190.5,A10003,616,20020,616,795,La Quinta - Fort Lauderdale - FL - Rob Song,3630,01/19/2024,SO# 36064,11923,,Customer Deposits,36064
CUST_DEPOSIT-100191,191,A21001,968,20020,,372,La Quinta Albq West,2188,03/17/2025,SO# 38910,,28946.81,Customer Deposits,
CUST_DEPOSIT-100191,191.5,A10003,616,20020,616,372,La Quinta Albq West,2188,03/17/2025,SO# 38910,28946.81,,Customer Deposits,
CUST_DEPOSIT-100192,192,A21001,968,20020,,403,La Quinta Athens Alabama,2442,02/14/2025,SO# 36750,,9207.46,Customer Deposits,
CUST_DEPOSIT-100192,192.5,A10003,616,20020,616,403,La Quinta Athens Alabama,2442,02/14/2025,SO# 36750,9207.46,,Customer Deposits,
CUST_DEPOSIT-100193,193,A21001,968,20020,,299,La Quinta Athens Alabama,2442,05/29/2025,SO# 38997,,19840.41,Customer Deposits,
CUST_DEPOSIT-100193,193.5,A10003,616,20020,616,299,La Quinta Athens Alabama,2442,05/29/2025,SO# 38997,19840.41,,Customer Deposits,
CUST_DEPOSIT-100194,194,A21001,968,20020,,299,La Quinta Athens Alabama,2442,05/29/2025,SO# 38996,,2287.48,Customer Deposits,
CUST_DEPOSIT-100194,194.5,A10003,616,20020,616,299,La Quinta Athens Alabama,2442,05/29/2025,SO# 38996,2287.48,,Customer Deposits,
CUST_DEPOSIT-100195,195,A21001,968,20020,,379,La Quinta Auburn AL,2171,03/10/2025,SO# 38964,,365000,Customer Deposits,
CUST_DEPOSIT-100195,195.5,A10003,616,20020,616,379,La Quinta Auburn AL,2171,03/10/2025,SO# 38964,365000,,Customer Deposits,
CUST_DEPOSIT-100196,196,A21001,968,20020,,616,La Quinta by Wyndham Dallas DFW Airport N,3357,07/16/2024,SO# 34792,,110519.68,Customer Deposits,
CUST_DEPOSIT-100196,196.5,A10003,616,20020,616,616,La Quinta by Wyndham Dallas DFW Airport N,3357,07/16/2024,SO# 34792,110519.68,,Customer Deposits,
CUST_DEPOSIT-100197,197,A21001,968,20020,,837,"La Quinta Hawthorn - Miamisburg, OH",3358,12/08/2023,SO# 35755,,16125.28,Customer Deposits,
CUST_DEPOSIT-100197,197.5,A10003,616,20020,616,837,"La Quinta Hawthorn - Miamisburg, OH",3358,12/08/2023,SO# 35755,16125.28,,Customer Deposits,
CUST_DEPOSIT-100198,198,A21001,968,20020,,837,"La Quinta Hawthorn - Miamisburg, OH",3358,12/08/2023,SO# 35758,,4012.41,Customer Deposits,
CUST_DEPOSIT-100198,198.5,A10003,616,20020,616,837,"La Quinta Hawthorn - Miamisburg, OH",3358,12/08/2023,SO# 35758,4012.41,,Customer Deposits,
CUST_DEPOSIT-100199,199,A21001,968,20020,,837,"La Quinta Hawthorn - Miamisburg, OH",3358,12/08/2023,SO# 35756,,4676.63,Customer Deposits,
CUST_DEPOSIT-100199,199.5,A10003,616,20020,616,837,"La Quinta Hawthorn - Miamisburg, OH",3358,12/08/2023,SO# 35756,4676.63,,Customer Deposits,
CUST_DEPOSIT-100200,200,A21001,968,20020,,336,"La Quinta Hawthorn - Miamisburg, OH",3358,04/22/2025,SO# 38376,,16019.34,Customer Deposits,
CUST_DEPOSIT-100200,200.5,A10003,616,20020,616,336,"La Quinta Hawthorn - Miamisburg, OH",3358,04/22/2025,SO# 38376,16019.34,,Customer Deposits,
CUST_DEPOSIT-100201,201,A21001,968,20020,,561,"La Quinta Hawthorn - Miamisburg, OH",3358,09/09/2024,SO# 35754,,125992.99,Customer Deposits,
CUST_DEPOSIT-100201,201.5,A10003,616,20020,616,561,"La Quinta Hawthorn - Miamisburg, OH",3358,09/09/2024,SO# 35754,125992.99,,Customer Deposits,
CUST_DEPOSIT-100202,202,A21001,968,20020,,837,"La Quinta Hawthorn - Miamisburg, OH",3358,12/08/2023,SO# 35764,,7844.17,Customer Deposits,
CUST_DEPOSIT-100202,202.5,A10003,616,20020,616,837,"La Quinta Hawthorn - Miamisburg, OH",3358,12/08/2023,SO# 35764,7844.17,,Customer Deposits,
CUST_DEPOSIT-100203,203,A21001,968,20020,,837,"La Quinta Hawthorn - Miamisburg, OH",3358,12/08/2023,SO# 35766,,54396.65,Customer Deposits,
CUST_DEPOSIT-100203,203.5,A10003,616,20020,616,837,"La Quinta Hawthorn - Miamisburg, OH",3358,12/08/2023,SO# 35766,54396.65,,Customer Deposits,
CUST_DEPOSIT-100204,204,A21001,968,20020,,837,"La Quinta Hawthorn - Miamisburg, OH",3358,12/08/2023,SO# 35765,,925.75,Customer Deposits,
CUST_DEPOSIT-100204,204.5,A10003,616,20020,616,837,"La Quinta Hawthorn - Miamisburg, OH",3358,12/08/2023,SO# 35765,925.75,,Customer Deposits,
CUST_DEPOSIT-100205,205,A21001,968,20020,,501,"La Quinta Hawthorn - Miamisburg, OH",3358,11/08/2024,SO# 37260,,17687.73,Customer Deposits,
CUST_DEPOSIT-100205,205.5,A10003,616,20020,616,501,"La Quinta Hawthorn - Miamisburg, OH",3358,11/08/2024,SO# 37260,17687.73,,Customer Deposits,
CUST_DEPOSIT-100206,206,A21001,968,20020,,391,"La Quinta Hawthorn - Miamisburg, OH",3358,02/26/2025,SO# 37260,,55232.84,Customer Deposits,
CUST_DEPOSIT-100206,206.5,A10003,616,20020,616,391,"La Quinta Hawthorn - Miamisburg, OH",3358,02/26/2025,SO# 37260,55232.84,,Customer Deposits,
CUST_DEPOSIT-100207,207,A21001,968,20020,,1231,La Quinta Inn & Suites- Seatac Airport- Seattle WA,2328,11/09/2022,,,57014.8,Customer Deposits,33505
CUST_DEPOSIT-100207,207.5,A10003,616,20020,616,1231,La Quinta Inn & Suites- Seatac Airport- Seattle WA,2328,11/09/2022,,57014.8,,Customer Deposits,33505
CUST_DEPOSIT-100208,208,A21001,968,20020,,342,"La Quinta Inn & Suites-Mansfield, OH",2349,04/16/2025,SO# 38803,,5158.84,Customer Deposits,
CUST_DEPOSIT-100208,208.5,A10003,616,20020,616,342,"La Quinta Inn & Suites-Mansfield, OH",2349,04/16/2025,SO# 38803,5158.84,,Customer Deposits,
CUST_DEPOSIT-100209,209,A21001,968,20020,,756,LA QUINTA ORLANDO,2678,02/27/2024,SO# 33564,,176474.6,Customer Deposits,33564
CUST_DEPOSIT-100209,209.5,A10003,616,20020,616,756,LA QUINTA ORLANDO,2678,02/27/2024,SO# 33564,176474.6,,Customer Deposits,33564
CUST_DEPOSIT-100210,210,A21001,968,20020,,887,La Quinta San Antonio 1,2618,10/19/2023,SO# 34399,,976.22,Customer Deposits,
CUST_DEPOSIT-100210,210.5,A10003,616,20020,616,887,La Quinta San Antonio 1,2618,10/19/2023,SO# 34399,976.22,,Customer Deposits,
CUST_DEPOSIT-100211,211,A21001,968,20020,,887,La Quinta San Antonio 1,2618,10/19/2023,SO# 34400,,2367.3,Customer Deposits,
CUST_DEPOSIT-100211,211.5,A10003,616,20020,616,887,La Quinta San Antonio 1,2618,10/19/2023,SO# 34400,2367.3,,Customer Deposits,
CUST_DEPOSIT-100212,212,A21001,968,20020,,887,La Quinta San Antonio 1,2618,10/19/2023,SO# 34410,,1027.1,Customer Deposits,
CUST_DEPOSIT-100212,212.5,A10003,616,20020,616,887,La Quinta San Antonio 1,2618,10/19/2023,SO# 34410,1027.1,,Customer Deposits,
CUST_DEPOSIT-100213,213,A21001,968,20020,,498,LA QUINTA SHONTO AZ,3360,11/11/2024,,,10742.29,Customer Deposits,
CUST_DEPOSIT-100213,213.5,A10003,616,20020,616,498,LA QUINTA SHONTO AZ,3360,11/11/2024,,10742.29,,Customer Deposits,
CUST_DEPOSIT-100214,214,A21001,968,20020,,621,LA QUINTA SHONTO AZ,3360,07/11/2024,,,22989.96,Customer Deposits,
CUST_DEPOSIT-100214,214.5,A10003,616,20020,616,621,LA QUINTA SHONTO AZ,3360,07/11/2024,,22989.96,,Customer Deposits,
CUST_DEPOSIT-100215,215,A21001,968,20020,,1337,"La Quinta, Huntsville AL",3362,07/26/2022,SO# 32702,,3278.72,Customer Deposits,
CUST_DEPOSIT-100215,215.5,A10003,616,20020,616,1337,"La Quinta, Huntsville AL",3362,07/26/2022,SO# 32702,3278.72,,Customer Deposits,
CUST_DEPOSIT-100216,216,A21001,968,20020,,1155,"La Quinta, Huntsville AL",3362,01/24/2023,SO# 32692,,7657.62,Customer Deposits,
CUST_DEPOSIT-100216,216.5,A10003,616,20020,616,1155,"La Quinta, Huntsville AL",3362,01/24/2023,SO# 32692,7657.62,,Customer Deposits,
CUST_DEPOSIT-100217,217,A21001,968,20020,,1155,"La Quinta, Huntsville AL",3362,01/24/2023,SO# 32699,,1380.42,Customer Deposits,
CUST_DEPOSIT-100217,217.5,A10003,616,20020,616,1155,"La Quinta, Huntsville AL",3362,01/24/2023,SO# 32699,1380.42,,Customer Deposits,
CUST_DEPOSIT-100218,218,A21001,968,20020,,1155,"La Quinta, Huntsville AL",3362,01/24/2023,SO# 32694,,5344.63,Customer Deposits,
CUST_DEPOSIT-100218,218.5,A10003,616,20020,616,1155,"La Quinta, Huntsville AL",3362,01/24/2023,SO# 32694,5344.63,,Customer Deposits,
CUST_DEPOSIT-100219,219,A21001,968,20020,,1337,"La Quinta, Huntsville AL",3362,07/26/2022,SO# 32697,,340,Customer Deposits,
CUST_DEPOSIT-100219,219.5,A10003,616,20020,616,1337,"La Quinta, Huntsville AL",3362,07/26/2022,SO# 32697,340,,Customer Deposits,
CUST_DEPOSIT-100220,220,A21001,968,20020,,1155,"La Quinta, Huntsville AL",3362,01/24/2023,SO# 32693,,6819.94,Customer Deposits,
CUST_DEPOSIT-100220,220.5,A10003,616,20020,616,1155,"La Quinta, Huntsville AL",3362,01/24/2023,SO# 32693,6819.94,,Customer Deposits,
CUST_DEPOSIT-100221,221,A21001,968,20020,,1337,"La Quinta, Huntsville AL",3362,07/26/2022,SO# 32698,,5788.39,Customer Deposits,
CUST_DEPOSIT-100221,221.5,A10003,616,20020,616,1337,"La Quinta, Huntsville AL",3362,07/26/2022,SO# 32698,5788.39,,Customer Deposits,
CUST_DEPOSIT-100222,222,A21001,968,20020,,1155,"La Quinta, Huntsville AL",3362,01/24/2023,SO# 32697,,18969.36,Customer Deposits,
CUST_DEPOSIT-100222,222.5,A10003,616,20020,616,1155,"La Quinta, Huntsville AL",3362,01/24/2023,SO# 32697,18969.36,,Customer Deposits,
CUST_DEPOSIT-100223,223,A21001,968,20020,,1155,"La Quinta, Huntsville AL",3362,01/24/2023,SO# 32698,,4210.86,Customer Deposits,
CUST_DEPOSIT-100223,223.5,A10003,616,20020,616,1155,"La Quinta, Huntsville AL",3362,01/24/2023,SO# 32698,4210.86,,Customer Deposits,
CUST_DEPOSIT-100224,224,A21001,968,20020,,1337,"La Quinta, Huntsville AL",3362,07/26/2022,SO# 32693,,9374.91,Customer Deposits,
CUST_DEPOSIT-100224,224.5,A10003,616,20020,616,1337,"La Quinta, Huntsville AL",3362,07/26/2022,SO# 32693,9374.91,,Customer Deposits,
CUST_DEPOSIT-100225,225,A21001,968,20020,,1155,"La Quinta, Huntsville AL",3362,01/24/2023,SO# 32695,,4196.33,Customer Deposits,
CUST_DEPOSIT-100225,225.5,A10003,616,20020,616,1155,"La Quinta, Huntsville AL",3362,01/24/2023,SO# 32695,4196.33,,Customer Deposits,
CUST_DEPOSIT-100226,226,A21001,968,20020,,1337,"La Quinta, Huntsville AL",3362,07/26/2022,SO# 32692,,256.46,Customer Deposits,
CUST_DEPOSIT-100226,226.5,A10003,616,20020,616,1337,"La Quinta, Huntsville AL",3362,07/26/2022,SO# 32692,256.46,,Customer Deposits,
CUST_DEPOSIT-100227,227,A21001,968,20020,,1337,"La Quinta, Huntsville AL",3362,07/26/2022,SO# 32699,,1897.57,Customer Deposits,
CUST_DEPOSIT-100227,227.5,A10003,616,20020,616,1337,"La Quinta, Huntsville AL",3362,07/26/2022,SO# 32699,1897.57,,Customer Deposits,
CUST_DEPOSIT-100228,228,A21001,968,20020,,1155,"La Quinta, Huntsville AL",3362,01/24/2023,SO# 32696,,1853.27,Customer Deposits,
CUST_DEPOSIT-100228,228.5,A10003,616,20020,616,1155,"La Quinta, Huntsville AL",3362,01/24/2023,SO# 32696,1853.27,,Customer Deposits,
CUST_DEPOSIT-100229,229,A21001,968,20020,,1155,"La Quinta, Huntsville AL",3362,01/24/2023,SO# 32702,,2385.16,Customer Deposits,
CUST_DEPOSIT-100229,229.5,A10003,616,20020,616,1155,"La Quinta, Huntsville AL",3362,01/24/2023,SO# 32702,2385.16,,Customer Deposits,
CUST_DEPOSIT-100230,230,A21001,968,20020,,1337,"La Quinta, Huntsville AL",3362,07/26/2022,SO# 32696,,3592,Customer Deposits,
CUST_DEPOSIT-100230,230.5,A10003,616,20020,616,1337,"La Quinta, Huntsville AL",3362,07/26/2022,SO# 32696,3592,,Customer Deposits,
CUST_DEPOSIT-100231,231,A21001,968,20020,,1337,"La Quinta, Huntsville AL",3362,07/26/2022,SO# 32694,,7346.91,Customer Deposits,
CUST_DEPOSIT-100231,231.5,A10003,616,20020,616,1337,"La Quinta, Huntsville AL",3362,07/26/2022,SO# 32694,7346.91,,Customer Deposits,
CUST_DEPOSIT-100232,232,A21001,968,20020,,386,"La Quinta- Santa Rosa, CA",2645,03/03/2025,SO# 38742,,1247.88,Customer Deposits,
CUST_DEPOSIT-100232,232.5,A10003,616,20020,616,386,"La Quinta- Santa Rosa, CA",2645,03/03/2025,SO# 38742,1247.88,,Customer Deposits,
CUST_DEPOSIT-100233,233,A21001,968,20020,,326,Landrys,2499,05/02/2025,SO# 38970,,477.68,Customer Deposits,
CUST_DEPOSIT-100233,233.5,A10003,616,20020,616,326,Landrys,2499,05/02/2025,SO# 38970,477.68,,Customer Deposits,
CUST_DEPOSIT-100234,234,A21001,968,20020,,538,LaQuinta Inn & Suites Oxford AL,2752,10/02/2024,,,6643.72,Customer Deposits,
CUST_DEPOSIT-100234,234.5,A10003,616,20020,616,538,LaQuinta Inn & Suites Oxford AL,2752,10/02/2024,,6643.72,,Customer Deposits,
CUST_DEPOSIT-100235,235,A21001,968,20020,,595,LaQuinta Inn Pharr TX,3365,08/06/2024,SO# 36008,,329.6,Customer Deposits,
CUST_DEPOSIT-100235,235.5,A10003,616,20020,616,595,LaQuinta Inn Pharr TX,3365,08/06/2024,SO# 36008,329.6,,Customer Deposits,
CUST_DEPOSIT-100236,236,A21001,968,20020,,726,LaQuinta Yakima WA,2619,03/28/2024,SO# 36351,,689,Customer Deposits,36351
CUST_DEPOSIT-100236,236.5,A10003,616,20020,616,726,LaQuinta Yakima WA,2619,03/28/2024,SO# 36351,689,,Customer Deposits,36351
CUST_DEPOSIT-100237,237,A21001,968,20020,,1191,LaQuinta/Hawthone - Knoxville TN - AMit,3367,12/19/2022,SO# 33728,,506.98,Customer Deposits,
CUST_DEPOSIT-100237,237.5,A10003,616,20020,616,1191,LaQuinta/Hawthone - Knoxville TN - AMit,3367,12/19/2022,SO# 33728,506.98,,Customer Deposits,
CUST_DEPOSIT-100238,238,A21001,968,20020,,455,"Las Vegas Resort Holdings, LLC",3368,12/24/2024,SO# 37903,,1995,Customer Deposits,
CUST_DEPOSIT-100238,238.5,A10003,616,20020,616,455,"Las Vegas Resort Holdings, LLC",3368,12/24/2024,SO# 37903,1995,,Customer Deposits,
CUST_DEPOSIT-100239,239,A21001,968,20020,,305,"Las Vegas Resort Holdings, LLC",3368,05/23/2025,SO# 38890,,346648.83,Customer Deposits,
CUST_DEPOSIT-100239,239.5,A10003,616,20020,616,305,"Las Vegas Resort Holdings, LLC",3368,05/23/2025,SO# 38890,346648.83,,Customer Deposits,
CUST_DEPOSIT-100240,240,A21001,968,20020,,404,"Las Vegas Resort Holdings, LLC",3368,02/13/2025,SO# 38627,,3975.37,Customer Deposits,
CUST_DEPOSIT-100240,240.5,A10003,616,20020,616,404,"Las Vegas Resort Holdings, LLC",3368,02/13/2025,SO# 38627,3975.37,,Customer Deposits,
CUST_DEPOSIT-100241,241,A21001,968,20020,,1958,"Las Vegas Resort Holdings, LLC",3368,11/12/2020,SO#39117,,11048.62,Customer Deposits,"29254 (2021) ORDER CANCELLED and moved the deposit to SO#29080. 29080 IS PAID IN FULL, put credit on main account"
CUST_DEPOSIT-100241,241.5,A10003,616,20020,616,1958,"Las Vegas Resort Holdings, LLC",3368,11/12/2020,SO#39117,11048.62,,Customer Deposits,"29254 (2021) ORDER CANCELLED and moved the deposit to SO#29080. 29080 IS PAID IN FULL, put credit on main account"
CUST_DEPOSIT-100242,242,A21001,968,20020,,463,Link Floors,3564,12/16/2024,SO# 38515,,14924.64,Customer Deposits,
CUST_DEPOSIT-100242,242.5,A10003,616,20020,616,463,Link Floors,3564,12/16/2024,SO# 38515,14924.64,,Customer Deposits,
CUST_DEPOSIT-100243,243,A21001,968,20020,,372,LQ Brownsville,2178,03/17/2025,SO# 38912,,41797.64,Customer Deposits,
CUST_DEPOSIT-100243,243.5,A10003,616,20020,616,372,LQ Brownsville,2178,03/17/2025,SO# 38912,41797.64,,Customer Deposits,
CUST_DEPOSIT-100244,244,A21001,968,20020,,505,LQ Hawthorne Leavenworth,3412,11/04/2024,SO# 38183,,44614.29,Customer Deposits,
CUST_DEPOSIT-100244,244.5,A10003,616,20020,616,505,LQ Hawthorne Leavenworth,3412,11/04/2024,SO# 38183,44614.29,,Customer Deposits,
CUST_DEPOSIT-100245,245,A21001,968,20020,,305,LQ Hawthorne Leavenworth,3412,05/23/2025,SO# 38183,,177412.72,Customer Deposits,
CUST_DEPOSIT-100245,245.5,A10003,616,20020,616,305,LQ Hawthorne Leavenworth,3412,05/23/2025,SO# 38183,177412.72,,Customer Deposits,
CUST_DEPOSIT-100246,246,A21001,968,20020,,348,LQ Kingston,2358,04/10/2025,SO# 38793,,247.37,Customer Deposits,647
CUST_DEPOSIT-100246,246.5,A10003,616,20020,616,348,LQ Kingston,2358,04/10/2025,SO# 38793,247.37,,Customer Deposits,647
CUST_DEPOSIT-100247,247,A21001,968,20020,,351,LQ Laredo,2337,04/07/2025,SO# 39071,,88140.03,Customer Deposits,
CUST_DEPOSIT-100247,247.5,A10003,616,20020,616,351,LQ Laredo,2337,04/07/2025,SO# 39071,88140.03,,Customer Deposits,
CUST_DEPOSIT-100248,248,A21001,968,20020,,355,Marino Construction,2335,04/03/2025,SO#38733/3,,461.84,Customer Deposits,
CUST_DEPOSIT-100248,248.5,A10003,616,20020,616,355,Marino Construction,2335,04/03/2025,SO#38733/3,461.84,,Customer Deposits,
CUST_DEPOSIT-100249,249,A21001,968,20020,,279,MCP Group,596,06/18/2025,SO# 38843,,642.18,Customer Deposits,
CUST_DEPOSIT-100249,249.5,A10003,616,20020,616,279,MCP Group,596,06/18/2025,SO# 38843,642.18,,Customer Deposits,
CUST_DEPOSIT-100250,250,A21001,968,20020,,272,MCP Group,596,06/25/2025,SO# 39012,,36000,Customer Deposits,
CUST_DEPOSIT-100250,250.5,A10003,616,20020,616,272,MCP Group,596,06/25/2025,SO# 39012,36000,,Customer Deposits,
CUST_DEPOSIT-100251,251,A21001,968,20020,,330,MCP Group,596,04/28/2025,SO# 38806,,40720,Customer Deposits,
CUST_DEPOSIT-100251,251.5,A10003,616,20020,616,330,MCP Group,596,04/28/2025,SO# 38806,40720,,Customer Deposits,
CUST_DEPOSIT-100252,252,A21001,968,20020,,321,Medallion Hospitality,2445,05/07/2025,SO# 38974,,937.85,Customer Deposits,
CUST_DEPOSIT-100252,252.5,A10003,616,20020,616,321,Medallion Hospitality,2445,05/07/2025,SO# 38974,937.85,,Customer Deposits,
CUST_DEPOSIT-100253,253,A21001,968,20020,,315,Mehr Consultancy,1934,05/13/2025,SO# 38980,,13250.94,Customer Deposits,
CUST_DEPOSIT-100253,253.5,A10003,616,20020,616,315,Mehr Consultancy,1934,05/13/2025,SO# 38980,13250.94,,Customer Deposits,
CUST_DEPOSIT-100254,254,A21001,968,20020,,438,Mehr Consultancy,1934,01/10/2025,,,8145.33,Customer Deposits,
CUST_DEPOSIT-100254,254.5,A10003,616,20020,616,438,Mehr Consultancy,1934,01/10/2025,,8145.33,,Customer Deposits,
CUST_DEPOSIT-100255,255,A21001,968,20020,,368,Mehr Consultancy,1934,03/21/2025,SO# 38959,,2811.65,Customer Deposits,
CUST_DEPOSIT-100255,255.5,A10003,616,20020,616,368,Mehr Consultancy,1934,03/21/2025,SO# 38959,2811.65,,Customer Deposits,
CUST_DEPOSIT-100256,256,A21001,968,20020,,307,Mesquite Gaming,1554,05/21/2025,SO#39077,,3015.86,Customer Deposits,
CUST_DEPOSIT-100256,256.5,A10003,616,20020,616,307,Mesquite Gaming,1554,05/21/2025,SO#39077,3015.86,,Customer Deposits,
CUST_DEPOSIT-100257,257,A21001,968,20020,,356,Mesquite Gaming,1554,04/02/2025,SO# 38563,,2918.06,Customer Deposits,
CUST_DEPOSIT-100257,257.5,A10003,616,20020,616,356,Mesquite Gaming,1554,04/02/2025,SO# 38563,2918.06,,Customer Deposits,
CUST_DEPOSIT-100258,258,A21001,968,20020,,368,Mesquite Gaming,1554,03/21/2025,SO#39077,,24977.25,Customer Deposits,
CUST_DEPOSIT-100258,258.5,A10003,616,20020,616,368,Mesquite Gaming,1554,03/21/2025,SO#39077,24977.25,,Customer Deposits,
CUST_DEPOSIT-100259,259,A21001,968,20020,,566,Monsoon Flower LLC,1720,09/04/2024,SO# 37734,,229426.76,Customer Deposits,
CUST_DEPOSIT-100259,259.5,A10003,616,20020,616,566,Monsoon Flower LLC,1720,09/04/2024,SO# 37734,229426.76,,Customer Deposits,
CUST_DEPOSIT-100260,260,A21001,968,20020,,378,Monsoon Flower LLC,1720,03/11/2025,SO# 37734,,144265.55,Customer Deposits,
CUST_DEPOSIT-100260,260.5,A10003,616,20020,616,378,Monsoon Flower LLC,1720,03/11/2025,SO# 37734,144265.55,,Customer Deposits,
CUST_DEPOSIT-100261,261,A21001,968,20020,,273,Monsoon Flower LLC,1720,06/24/2025,SO# 37734,,167862.47,Customer Deposits,
CUST_DEPOSIT-100261,261.5,A10003,616,20020,616,273,Monsoon Flower LLC,1720,06/24/2025,SO# 37734,167862.47,,Customer Deposits,
CUST_DEPOSIT-100262,262,A21001,968,20020,,457,Monsoon Flower LLC,1720,12/22/2024,SO# 37734,,151960.56,Customer Deposits,
CUST_DEPOSIT-100262,262.5,A10003,616,20020,616,457,Monsoon Flower LLC,1720,12/22/2024,SO# 37734,151960.56,,Customer Deposits,
CUST_DEPOSIT-100263,263,A21001,968,20020,,452,Monsoon Flower LLC,1720,12/27/2024,SO# 37734,,151960.56,Customer Deposits,
CUST_DEPOSIT-100263,263.5,A10003,616,20020,616,452,Monsoon Flower LLC,1720,12/27/2024,SO# 37734,151960.56,,Customer Deposits,
CUST_DEPOSIT-100264,264,A21001,968,20020,,417,Monsoon Flower LLC,1720,01/31/2025,SO# 38671,,60599.53,Customer Deposits,
CUST_DEPOSIT-100264,264.5,A10003,616,20020,616,417,Monsoon Flower LLC,1720,01/31/2025,SO# 38671,60599.53,,Customer Deposits,
CUST_DEPOSIT-100265,265,A21001,968,20020,,288,MTZ Tile Stone LLC,2357,06/09/2025,SO# 39003,,14459.3,Customer Deposits,
CUST_DEPOSIT-100265,265.5,A10003,616,20020,616,288,MTZ Tile Stone LLC,2357,06/09/2025,SO# 39003,14459.3,,Customer Deposits,
CUST_DEPOSIT-100266,266,A21001,968,20020,,271,Mukesh ‘Mike’ Patel,2443,06/26/2025,,,15346.06,Customer Deposits,
CUST_DEPOSIT-100266,266.5,A10003,616,20020,616,271,Mukesh ‘Mike’ Patel,2443,06/26/2025,,15346.06,,Customer Deposits,
CUST_DEPOSIT-100267,267,A21001,968,20020,,347,My Grout Guyz Inc,2377,04/11/2025,SO# 38795,,460.8,Customer Deposits,
CUST_DEPOSIT-100267,267.5,A10003,616,20020,616,347,My Grout Guyz Inc,2377,04/11/2025,SO# 38795,460.8,,Customer Deposits,
CUST_DEPOSIT-100268,268,A21001,968,20020,,498,Namou Hotels,2894,11/11/2024,,,400000,Customer Deposits,
CUST_DEPOSIT-100268,268.5,A10003,616,20020,616,498,Namou Hotels,2894,11/11/2024,,400000,,Customer Deposits,
CUST_DEPOSIT-100269,269,A21001,968,20020,,434,Nick Platt Construction,2457,01/14/2025,SO# 38526,,-1938.25,Customer Deposits,439
CUST_DEPOSIT-100269,269.5,A10003,616,20020,616,434,Nick Platt Construction,2457,01/14/2025,SO# 38526,-1938.25,,Customer Deposits,439
CUST_DEPOSIT-100270,270,A21001,968,20020,,313,Nick Platt Construction,2457,05/15/2025,SO# 38992,,16667.37,Customer Deposits,
CUST_DEPOSIT-100270,270.5,A10003,616,20020,616,313,Nick Platt Construction,2457,05/15/2025,SO# 38992,16667.37,,Customer Deposits,
CUST_DEPOSIT-100271,271,A21001,968,20020,,298,"North Texas HOCO, LLC",2481,05/30/2025,SO# 38858,,43586.55,Customer Deposits,
CUST_DEPOSIT-100271,271.5,A10003,616,20020,616,298,"North Texas HOCO, LLC",2481,05/30/2025,SO# 38858,43586.55,,Customer Deposits,
CUST_DEPOSIT-100272,272,A21001,968,20020,,284,"North Texas HOCO, LLC",2481,06/13/2025,,,84253.07,Customer Deposits,
CUST_DEPOSIT-100272,272.5,A10003,616,20020,616,284,"North Texas HOCO, LLC",2481,06/13/2025,,84253.07,,Customer Deposits,
CUST_DEPOSIT-100273,273,A21001,968,20020,,288,"North Texas HOCO, LLC",2481,06/09/2025,SO# 38858,,127333.02,Customer Deposits,
CUST_DEPOSIT-100273,273.5,A10003,616,20020,616,288,"North Texas HOCO, LLC",2481,06/09/2025,SO# 38858,127333.02,,Customer Deposits,
CUST_DEPOSIT-100274,274,A21001,968,20020,,456,Northlake Innkeepers I Ltd.,3375,12/23/2024,,,3839.1,Customer Deposits,
CUST_DEPOSIT-100274,274.5,A10003,616,20020,616,456,Northlake Innkeepers I Ltd.,3375,12/23/2024,,3839.1,,Customer Deposits,
CUST_DEPOSIT-100275,275,A21001,968,20020,,369,Northlake Innkeepers I Ltd.,3375,03/20/2025,SO# 37269,,58186.15,Customer Deposits,
CUST_DEPOSIT-100275,275.5,A10003,616,20020,616,369,Northlake Innkeepers I Ltd.,3375,03/20/2025,SO# 37269,58186.15,,Customer Deposits,
CUST_DEPOSIT-100276,276,A21001,968,20020,,615,Northlake Innkeepers I Ltd.,3375,07/17/2024,SO# 37271,,12418.99,Customer Deposits,
CUST_DEPOSIT-100276,276.5,A10003,616,20020,616,615,Northlake Innkeepers I Ltd.,3375,07/17/2024,SO# 37271,12418.99,,Customer Deposits,
CUST_DEPOSIT-100277,277,A21001,968,20020,,299,Om Sairam Hospitality Inc.,2528,05/29/2025,SO# 38896,,7288.72,Customer Deposits,
CUST_DEPOSIT-100277,277.5,A10003,616,20020,616,299,Om Sairam Hospitality Inc.,2528,05/29/2025,SO# 38896,7288.72,,Customer Deposits,
CUST_DEPOSIT-100278,278,A21001,968,20020,,672,Pinnacle Hospitality Partners / Hilton Garden inn Nashville,3547,05/21/2024,SO# 36199,,4260,Customer Deposits,36199
CUST_DEPOSIT-100278,278.5,A10003,616,20020,616,672,Pinnacle Hospitality Partners / Hilton Garden inn Nashville,3547,05/21/2024,SO# 36199,4260,,Customer Deposits,36199
CUST_DEPOSIT-100279,279,A21001,968,20020,,350,"Pinnacle Marble & Granite, Inc.",2273,04/08/2025,SO# 38822,,4658.01,Customer Deposits,
CUST_DEPOSIT-100279,279.5,A10003,616,20020,616,350,"Pinnacle Marble & Granite, Inc.",2273,04/08/2025,SO# 38822,4658.01,,Customer Deposits,
CUST_DEPOSIT-100280,280,A21001,968,20020,,391,"Pinnacle Marble And Granite, Inc",632,02/26/2025,SO# 38744,,2620.45,Customer Deposits,5331
CUST_DEPOSIT-100280,280.5,A10003,616,20020,616,391,"Pinnacle Marble And Granite, Inc",632,02/26/2025,SO# 38744,2620.45,,Customer Deposits,5331
CUST_DEPOSIT-100281,281,A21001,968,20020,,431,"Pitt-Cran Hospitality, LLC/ Wingate Cranberry",3377,01/17/2025,SO# 38120,,196334.78,Customer Deposits,
CUST_DEPOSIT-100281,281.5,A10003,616,20020,616,431,"Pitt-Cran Hospitality, LLC/ Wingate Cranberry",3377,01/17/2025,SO# 38120,196334.78,,Customer Deposits,
CUST_DEPOSIT-100282,282,A21001,968,20020,,308,Platinum,637,05/20/2025,SO# 38991,,500000,Customer Deposits,
CUST_DEPOSIT-100282,282.5,A10003,616,20020,616,308,Platinum,637,05/20/2025,SO# 38991,500000,,Customer Deposits,
CUST_DEPOSIT-100283,283,A21001,968,20020,,377,PREDOCK,2162,03/12/2025,SO#39088,,9387.54,Customer Deposits,
CUST_DEPOSIT-100283,283.5,A10003,616,20020,616,377,PREDOCK,2162,03/12/2025,SO#39088,9387.54,,Customer Deposits,
CUST_DEPOSIT-100284,284,A21001,968,20020,,326,PRIME SAY LLC,2455,05/02/2025,SO# 38865,,389.29,Customer Deposits,
CUST_DEPOSIT-100284,284.5,A10003,616,20020,616,326,PRIME SAY LLC,2455,05/02/2025,SO# 38865,389.29,,Customer Deposits,
CUST_DEPOSIT-100285,285,A21001,968,20020,,371,Prince Preferred Hotels,649,03/18/2025,SO# 36565,,117244.46,Customer Deposits,
CUST_DEPOSIT-100285,285.5,A10003,616,20020,616,371,Prince Preferred Hotels,649,03/18/2025,SO# 36565,117244.46,,Customer Deposits,
CUST_DEPOSIT-100286,286,A21001,968,20020,,414,Prince Preferred Hotels,649,02/03/2025,SO# 36565,,9439.67,Customer Deposits,
CUST_DEPOSIT-100286,286.5,A10003,616,20020,616,414,Prince Preferred Hotels,649,02/03/2025,SO# 36565,9439.67,,Customer Deposits,
CUST_DEPOSIT-100287,287,A21001,968,20020,,286,Queen City Winnelson,2336,06/11/2025,SO# 38946,,4059.16,Customer Deposits,
CUST_DEPOSIT-100287,287.5,A10003,616,20020,616,286,Queen City Winnelson,2336,06/11/2025,SO# 38946,4059.16,,Customer Deposits,
CUST_DEPOSIT-100288,288,A21001,968,20020,,847,Red Roof Plus-Manassas,3379,11/28/2023,SO# 35211,,73.25,Customer Deposits,
CUST_DEPOSIT-100288,288.5,A10003,616,20020,616,847,Red Roof Plus-Manassas,3379,11/28/2023,SO# 35211,73.25,,Customer Deposits,
CUST_DEPOSIT-100289,289,A21001,968,20020,,365,Renu,675,03/24/2025,SO# 38694,,17719.99,Customer Deposits,
CUST_DEPOSIT-100289,289.5,A10003,616,20020,616,365,Renu,675,03/24/2025,SO# 38694,17719.99,,Customer Deposits,
CUST_DEPOSIT-100290,290,A21001,968,20020,,327,Residence Inn - San Marcos TX,2338,05/01/2025,SO# 38859,,3401,Customer Deposits,
CUST_DEPOSIT-100290,290.5,A10003,616,20020,616,327,Residence Inn - San Marcos TX,2338,05/01/2025,SO# 38859,3401,,Customer Deposits,
CUST_DEPOSIT-100291,291,A21001,968,20020,,376,"Residence Inn Indianapolis,IN",2609,03/13/2025,SO# 38296,,363954.02,Customer Deposits,
CUST_DEPOSIT-100291,291.5,A10003,616,20020,616,376,"Residence Inn Indianapolis,IN",2609,03/13/2025,SO# 38296,363954.02,,Customer Deposits,
CUST_DEPOSIT-100292,292,A21001,968,20020,,588,"Residence Inn Indianapolis,IN",2609,08/13/2024,,,43.27,Customer Deposits,"Customer made 2 wire payments for 2 accounts, one for $1,050,000.00 and one for $263,639.37"
CUST_DEPOSIT-100292,292.5,A10003,616,20020,616,588,"Residence Inn Indianapolis,IN",2609,08/13/2024,,43.27,,Customer Deposits,"Customer made 2 wire payments for 2 accounts, one for $1,050,000.00 and one for $263,639.37"
CUST_DEPOSIT-100293,293,A21001,968,20020,,438,"Residence Inn Indianapolis,IN",2609,01/10/2025,SO# 37763,,265313.38,Customer Deposits,
CUST_DEPOSIT-100293,293.5,A10003,616,20020,616,438,"Residence Inn Indianapolis,IN",2609,01/10/2025,SO# 37763,265313.38,,Customer Deposits,
CUST_DEPOSIT-100294,294,A21001,968,20020,,306,"Residence Inn Pearland, TX",2466,05/22/2025,SO# 38889,,4427.42,Customer Deposits,
CUST_DEPOSIT-100294,294.5,A10003,616,20020,616,306,"Residence Inn Pearland, TX",2466,05/22/2025,SO# 38889,4427.42,,Customer Deposits,
CUST_DEPOSIT-100295,295,A21001,968,20020,,326,"Residence Inn Pearland, TX",2466,05/02/2025,SO# 38295,,27336.73,Customer Deposits,
CUST_DEPOSIT-100295,295.5,A10003,616,20020,616,326,"Residence Inn Pearland, TX",2466,05/02/2025,SO# 38295,27336.73,,Customer Deposits,
CUST_DEPOSIT-100296,296,A21001,968,20020,,319,"Residence Inn Pearland, TX",2466,05/09/2025,SO# 38872,,4509.24,Customer Deposits,5664
CUST_DEPOSIT-100296,296.5,A10003,616,20020,616,319,"Residence Inn Pearland, TX",2466,05/09/2025,SO# 38872,4509.24,,Customer Deposits,5664
CUST_DEPOSIT-100297,297,A21001,968,20020,,487,"Residence Inn Pearland, TX",2466,11/22/2024,SO# 38295,,4343.49,Customer Deposits,
CUST_DEPOSIT-100297,297.5,A10003,616,20020,616,487,"Residence Inn Pearland, TX",2466,11/22/2024,SO# 38295,4343.49,,Customer Deposits,
CUST_DEPOSIT-100298,298,A21001,968,20020,,362,Rock River Valley Flooring Inc,2288,03/27/2025,SO# 38921,,239,Customer Deposits,
CUST_DEPOSIT-100298,298.5,A10003,616,20020,616,362,Rock River Valley Flooring Inc,2288,03/27/2025,SO# 38921,239,,Customer Deposits,
CUST_DEPOSIT-100299,299,A21001,968,20020,,399,Schoenfelder Renovations,2599,02/18/2025,SO# 38718,,2052.68,Customer Deposits,468
CUST_DEPOSIT-100299,299.5,A10003,616,20020,616,399,Schoenfelder Renovations,2599,02/18/2025,SO# 38718,2052.68,,Customer Deposits,468
CUST_DEPOSIT-100300,300,A21001,968,20020,,279,SET Floors,933,06/18/2025,SO# 38844,,2002.44,Customer Deposits,
CUST_DEPOSIT-100300,300.5,A10003,616,20020,616,279,SET Floors,933,06/18/2025,SO# 38844,2002.44,,Customer Deposits,
CUST_DEPOSIT-100301,301,A21001,968,20020,,362,SET Floors,933,03/27/2025,SO# 38954,,5756.59,Customer Deposits,
CUST_DEPOSIT-100301,301.5,A10003,616,20020,616,362,SET Floors,933,03/27/2025,SO# 38954,5756.59,,Customer Deposits,
CUST_DEPOSIT-100302,302,A21001,968,20020,,364,Shiva Hotels Inc.,2169,03/25/2025,SO# 38919,,199306.4,Customer Deposits,
CUST_DEPOSIT-100302,302.5,A10003,616,20020,616,364,Shiva Hotels Inc.,2169,03/25/2025,SO# 38919,199306.4,,Customer Deposits,
CUST_DEPOSIT-100303,303,A21001,968,20020,,382,Shri Omkara LLC,2554,03/07/2025,SO# 38966,,300000,Customer Deposits,
CUST_DEPOSIT-100303,303.5,A10003,616,20020,616,382,Shri Omkara LLC,2554,03/07/2025,SO# 38966,300000,,Customer Deposits,
CUST_DEPOSIT-100304,304,A21001,968,20020,,354,SKIMS Retail,2597,04/04/2025,SO# 38825,,4400,Customer Deposits,
CUST_DEPOSIT-100304,304.5,A10003,616,20020,616,354,SKIMS Retail,2597,04/04/2025,SO# 38825,4400,,Customer Deposits,
CUST_DEPOSIT-100305,305,A21001,968,20020,,323,SKIMS Retail,2597,05/05/2025,SO# 38866,,5975,Customer Deposits,
CUST_DEPOSIT-100305,305.5,A10003,616,20020,616,323,SKIMS Retail,2597,05/05/2025,SO# 38866,5975,,Customer Deposits,
CUST_DEPOSIT-100306,306,A21001,968,20020,,347,SKIMS Retail,2597,04/11/2025,SO# 38794,,4300,Customer Deposits,
CUST_DEPOSIT-100306,306.5,A10003,616,20020,616,347,SKIMS Retail,2597,04/11/2025,SO# 38794,4300,,Customer Deposits,
CUST_DEPOSIT-100307,307,A21001,968,20020,,391,SKIMS Retail,2597,02/26/2025,SO# 38670,,85804.66,Customer Deposits,
CUST_DEPOSIT-100307,307.5,A10003,616,20020,616,391,SKIMS Retail,2597,02/26/2025,SO# 38670,85804.66,,Customer Deposits,
CUST_DEPOSIT-100308,308,A21001,968,20020,,361,Soma construction,2306,03/28/2025,SO# 38884,,500.52,Customer Deposits,86
CUST_DEPOSIT-100308,308.5,A10003,616,20020,616,361,Soma construction,2306,03/28/2025,SO# 38884,500.52,,Customer Deposits,86
CUST_DEPOSIT-100309,309,A21001,968,20020,,287,Soma construction,2306,06/10/2025,SO# 38856,,913.5,Customer Deposits,
CUST_DEPOSIT-100309,309.5,A10003,616,20020,616,287,Soma construction,2306,06/10/2025,SO# 38856,913.5,,Customer Deposits,
CUST_DEPOSIT-100310,310,A21001,968,20020,,494,"Someshwar Motel LLC - Comfort Inn Ogallala, NE",3388,11/15/2024,SO# 37902,,7867.61,Customer Deposits,
CUST_DEPOSIT-100310,310.5,A10003,616,20020,616,494,"Someshwar Motel LLC - Comfort Inn Ogallala, NE",3388,11/15/2024,SO# 37902,7867.61,,Customer Deposits,
CUST_DEPOSIT-100311,311,A21001,968,20020,,354,"Someshwar Motel LLC - Comfort Inn Ogallala, NE",3388,04/04/2025,SO# 38672,,1428.68,Customer Deposits,
CUST_DEPOSIT-100311,311.5,A10003,616,20020,616,354,"Someshwar Motel LLC - Comfort Inn Ogallala, NE",3388,04/04/2025,SO# 38672,1428.68,,Customer Deposits,
CUST_DEPOSIT-100312,312,A21001,968,20020,,398,"Someshwar Motel LLC - Comfort Inn Ogallala, NE",3388,02/19/2025,SO# 37902,,28899.89,Customer Deposits,
CUST_DEPOSIT-100312,312.5,A10003,616,20020,616,398,"Someshwar Motel LLC - Comfort Inn Ogallala, NE",3388,02/19/2025,SO# 37902,28899.89,,Customer Deposits,
CUST_DEPOSIT-100313,313,A21001,968,20020,,363,Sonder,690,03/26/2025,SO#35101/8,,0.28,Customer Deposits,
CUST_DEPOSIT-100313,313.5,A10003,616,20020,616,363,Sonder,690,03/26/2025,SO#35101/8,0.28,,Customer Deposits,
CUST_DEPOSIT-100314,314,A21001,968,20020,,355,Southwest Contracting LP,2334,04/03/2025,SO# 38801,,1671.51,Customer Deposits,678
CUST_DEPOSIT-100314,314.5,A10003,616,20020,616,355,Southwest Contracting LP,2334,04/03/2025,SO# 38801,1671.51,,Customer Deposits,678
CUST_DEPOSIT-100315,315,A21001,968,20020,,298,Specialty Tile Products Inc.,3566,05/30/2025,SO# 38835,,1931.35,Customer Deposits,
CUST_DEPOSIT-100315,315.5,A10003,616,20020,616,298,Specialty Tile Products Inc.,3566,05/30/2025,SO# 38835,1931.35,,Customer Deposits,
CUST_DEPOSIT-100316,316,A21001,968,20020,,271,Springhill Greensboro NC,2450,06/26/2025,SO# 38852,,3091.34,Customer Deposits,
CUST_DEPOSIT-100316,316.5,A10003,616,20020,616,271,Springhill Greensboro NC,2450,06/26/2025,SO# 38852,3091.34,,Customer Deposits,
CUST_DEPOSIT-100317,317,A21001,968,20020,,329,SSC Construction,2415,04/29/2025,SO# 38800,,19964.33,Customer Deposits,9141
CUST_DEPOSIT-100317,317.5,A10003,616,20020,616,329,SSC Construction,2415,04/29/2025,SO# 38800,19964.33,,Customer Deposits,9141
CUST_DEPOSIT-100318,318,A21001,968,20020,,1015,Stay Bridge - Manteca - CA - Aman Dhillon,3389,06/13/2023,SO# 34452,,13197.29,Customer Deposits,
CUST_DEPOSIT-100318,318.5,A10003,616,20020,616,1015,Stay Bridge - Manteca - CA - Aman Dhillon,3389,06/13/2023,SO# 34452,13197.29,,Customer Deposits,
CUST_DEPOSIT-100319,319,A21001,968,20020,,687,Staybridge Suites c/o Ravi Designs,2606,05/06/2024,SO# 35274,,1874.95,Customer Deposits,
CUST_DEPOSIT-100319,319.5,A10003,616,20020,616,687,Staybridge Suites c/o Ravi Designs,2606,05/06/2024,SO# 35274,1874.95,,Customer Deposits,
CUST_DEPOSIT-100320,320,A21001,968,20020,,907,Steve Hari/ Best Western TN,3570,09/29/2023,SO# 35197,,181.41,Customer Deposits,35197
CUST_DEPOSIT-100320,320.5,A10003,616,20020,616,907,Steve Hari/ Best Western TN,3570,09/29/2023,SO# 35197,181.41,,Customer Deposits,35197
CUST_DEPOSIT-100321,321,A21001,968,20020,,267,STONERIDGE HOSPITALITY GROUP,693,06/30/2025,SO# 38855,,8731.87,Customer Deposits,
CUST_DEPOSIT-100321,321.5,A10003,616,20020,616,267,STONERIDGE HOSPITALITY GROUP,693,06/30/2025,SO# 38855,8731.87,,Customer Deposits,
CUST_DEPOSIT-100322,322,A21001,968,20020,,378,STONERIDGE HOSPITALITY GROUP,693,03/11/2025,SO# 39073,,14254.22,Customer Deposits,
CUST_DEPOSIT-100322,322.5,A10003,616,20020,616,378,STONERIDGE HOSPITALITY GROUP,693,03/11/2025,SO# 39073,14254.22,,Customer Deposits,
CUST_DEPOSIT-100323,323,A21001,968,20020,,327,STONERIDGE HOSPITALITY GROUP,693,05/01/2025,SO# 39074,,11487.5,Customer Deposits,
CUST_DEPOSIT-100323,323.5,A10003,616,20020,616,327,STONERIDGE HOSPITALITY GROUP,693,05/01/2025,SO# 39074,11487.5,,Customer Deposits,
CUST_DEPOSIT-100324,324,A21001,968,20020,,372,STONERIDGE HOSPITALITY GROUP,693,03/17/2025,SO# 38855,,8731.88,Customer Deposits,
CUST_DEPOSIT-100324,324.5,A10003,616,20020,616,372,STONERIDGE HOSPITALITY GROUP,693,03/17/2025,SO# 38855,8731.88,,Customer Deposits,
CUST_DEPOSIT-100325,325,A21001,968,20020,,502,Super 8 motel - TN.,2631,11/07/2024,SO# 38230,,14228.54,Customer Deposits,
CUST_DEPOSIT-100325,325.5,A10003,616,20020,616,502,Super 8 motel - TN.,2631,11/07/2024,SO# 38230,14228.54,,Customer Deposits,
CUST_DEPOSIT-100326,326,A21001,968,20020,,434,Super 8 motel - TN.,2631,01/14/2025,SO# 38230,,14228.54,Customer Deposits,
CUST_DEPOSIT-100326,326.5,A10003,616,20020,616,434,Super 8 motel - TN.,2631,01/14/2025,SO# 38230,14228.54,,Customer Deposits,
CUST_DEPOSIT-100327,327,A21001,968,20020,,285,"Supreme Bright Albuquerque I, LLC",2537,06/12/2025,SO# 38834,,36679.88,Customer Deposits,
CUST_DEPOSIT-100327,327.5,A10003,616,20020,616,285,"Supreme Bright Albuquerque I, LLC",2537,06/12/2025,SO# 38834,36679.88,,Customer Deposits,
CUST_DEPOSIT-100328,328,A21001,968,20020,,293,SUPREME BRIGHT ATLANTIC CITY LLC (TRIBUTE SEAHAUS),3393,06/04/2025,SO#39079,,7885.21,Customer Deposits,
CUST_DEPOSIT-100328,328.5,A10003,616,20020,616,293,SUPREME BRIGHT ATLANTIC CITY LLC (TRIBUTE SEAHAUS),3393,06/04/2025,SO#39079,7885.21,,Customer Deposits,
CUST_DEPOSIT-100329,329,A21001,968,20020,,575,SUPREME BRIGHT ATLANTIC CITY LLC (TRIBUTE SEAHAUS),3393,08/26/2024,SO# 36641,,1480.05,Customer Deposits,
CUST_DEPOSIT-100329,329.5,A10003,616,20020,616,575,SUPREME BRIGHT ATLANTIC CITY LLC (TRIBUTE SEAHAUS),3393,08/26/2024,SO# 36641,1480.05,,Customer Deposits,
CUST_DEPOSIT-100330,330,A21001,968,20020,,496,SUPREME BRIGHT ATLANTIC CITY LLC (TRIBUTE SEAHAUS),3393,11/13/2024,SO# 37466,,71215.73,Customer Deposits,
CUST_DEPOSIT-100330,330.5,A10003,616,20020,616,496,SUPREME BRIGHT ATLANTIC CITY LLC (TRIBUTE SEAHAUS),3393,11/13/2024,SO# 37466,71215.73,,Customer Deposits,
CUST_DEPOSIT-100331,331,A21001,968,20020,,293,SUPREME BRIGHT ATLANTIC CITY LLC (TRIBUTE SEAHAUS),3393,06/04/2025,SO# 38999,,3060,Customer Deposits,
CUST_DEPOSIT-100331,331.5,A10003,616,20020,616,293,SUPREME BRIGHT ATLANTIC CITY LLC (TRIBUTE SEAHAUS),3393,06/04/2025,SO# 38999,3060,,Customer Deposits,
CUST_DEPOSIT-100332,332,A21001,968,20020,,970,Supreme Bright Westlake I LLC,3394,07/28/2023,SO# 34841,,1980.58,Customer Deposits,34841
CUST_DEPOSIT-100332,332.5,A10003,616,20020,616,970,Supreme Bright Westlake I LLC,3394,07/28/2023,SO# 34841,1980.58,,Customer Deposits,34841
CUST_DEPOSIT-100333,333,A21001,968,20020,,970,Supreme Bright Westlake I LLC,3394,07/28/2023,SO# 34842,,19769.75,Customer Deposits,34842
CUST_DEPOSIT-100333,333.5,A10003,616,20020,616,970,Supreme Bright Westlake I LLC,3394,07/28/2023,SO# 34842,19769.75,,Customer Deposits,34842
CUST_DEPOSIT-100334,334,A21001,968,20020,,281,SWINERTON,696,06/16/2025,,,7037,Customer Deposits,
CUST_DEPOSIT-100334,334.5,A10003,616,20020,616,281,SWINERTON,696,06/16/2025,,7037,,Customer Deposits,
CUST_DEPOSIT-100335,335,A21001,968,20020,,405,SWINERTON,696,02/12/2025,SO# 38181,,5651.83,Customer Deposits,
CUST_DEPOSIT-100335,335.5,A10003,616,20020,616,405,SWINERTON,696,02/12/2025,SO# 38181,5651.83,,Customer Deposits,
CUST_DEPOSIT-100336,336,A21001,968,20020,,278,TCC Multi-Family Interiors,2510,06/19/2025,,,23442.47,Customer Deposits,
CUST_DEPOSIT-100336,336.5,A10003,616,20020,616,278,TCC Multi-Family Interiors,2510,06/19/2025,,23442.47,,Customer Deposits,
CUST_DEPOSIT-100337,337,A21001,968,20020,,291,Texas Floor Covering,2541,06/06/2025,SO# 39063,,5393.53,Customer Deposits,
CUST_DEPOSIT-100337,337.5,A10003,616,20020,616,291,Texas Floor Covering,2541,06/06/2025,SO# 39063,5393.53,,Customer Deposits,
CUST_DEPOSIT-100338,338,A21001,968,20020,,354,The DOI Residence/ DEAZLY INC.,2346,04/04/2025,SO# 38758,,1044.83,Customer Deposits,
CUST_DEPOSIT-100338,338.5,A10003,616,20020,616,354,The DOI Residence/ DEAZLY INC.,2346,04/04/2025,SO# 38758,1044.83,,Customer Deposits,
CUST_DEPOSIT-100339,339,A21001,968,20020,,397,The DOI Residence/ DEAZLY INC.,2346,02/20/2025,SO# 37795,,9510.66,Customer Deposits,
CUST_DEPOSIT-100339,339.5,A10003,616,20020,616,397,The DOI Residence/ DEAZLY INC.,2346,02/20/2025,SO# 37795,9510.66,,Customer Deposits,
CUST_DEPOSIT-100340,340,A21001,968,20020,,560,The DOI Residence/ DEAZLY INC.,2346,09/10/2024,SO#37795,,9510.67,Customer Deposits,
CUST_DEPOSIT-100340,340.5,A10003,616,20020,616,560,The DOI Residence/ DEAZLY INC.,2346,09/10/2024,SO#37795,9510.67,,Customer Deposits,
CUST_DEPOSIT-100341,341,A21001,968,20020,,748,THE TD GROUP,3539,03/06/2024,SO# 35037,,350,Customer Deposits,35037
CUST_DEPOSIT-100341,341.5,A10003,616,20020,616,748,THE TD GROUP,3539,03/06/2024,SO# 35037,350,,Customer Deposits,35037
CUST_DEPOSIT-100342,342,A21001,968,20020,,748,THE TD GROUP,3539,03/06/2024,SO# 35103,,35439.65,Customer Deposits,35103
CUST_DEPOSIT-100342,342.5,A10003,616,20020,616,748,THE TD GROUP,3539,03/06/2024,SO# 35103,35439.65,,Customer Deposits,35103
CUST_DEPOSIT-100343,343,A21001,968,20020,,1267,Tico c,3631,10/04/2022,SO# 33286,,541.25,Customer Deposits,33286
CUST_DEPOSIT-100343,343.5,A10003,616,20020,616,1267,Tico c,3631,10/04/2022,SO# 33286,541.25,,Customer Deposits,33286
CUST_DEPOSIT-100344,344,A21001,968,20020,,473,Tommy Wong,3563,12/06/2024,SO# 38508,,620.79,Customer Deposits,5059
CUST_DEPOSIT-100344,344.5,A10003,616,20020,616,473,Tommy Wong,3563,12/06/2024,SO# 38508,620.79,,Customer Deposits,5059
CUST_DEPOSIT-100345,345,A21001,968,20020,,364,Total Floors,2210,03/25/2025,SO# 38957,,578.17,Customer Deposits,
CUST_DEPOSIT-100345,345.5,A10003,616,20020,616,364,Total Floors,2210,03/25/2025,SO# 38957,578.17,,Customer Deposits,
CUST_DEPOSIT-100346,346,A21001,968,20020,,516,TOWNEPLACE SUITES - OKC,3273,10/24/2024,SO# 38051,,17451.65,Customer Deposits,
CUST_DEPOSIT-100346,346.5,A10003,616,20020,616,516,TOWNEPLACE SUITES - OKC,3273,10/24/2024,SO# 38051,17451.65,,Customer Deposits,
CUST_DEPOSIT-100347,347,A21001,968,20020,,516,TOWNEPLACE SUITES - OKC,3273,10/24/2024,SO# 38051,,40000,Customer Deposits,53
CUST_DEPOSIT-100347,347.5,A10003,616,20020,616,516,TOWNEPLACE SUITES - OKC,3273,10/24/2024,SO# 38051,40000,,Customer Deposits,53
CUST_DEPOSIT-100348,348,A21001,968,20020,,284,"TownePlace Suites Morristown, TN",3675,06/13/2025,SO# 39007,,759214.25,Customer Deposits,
CUST_DEPOSIT-100348,348.5,A10003,616,20020,616,284,"TownePlace Suites Morristown, TN",3675,06/13/2025,SO# 39007,759214.25,,Customer Deposits,
CUST_DEPOSIT-100349,349,A21001,968,20020,,305,"Towneplace Suites Temple, TX",2498,05/23/2025,SO# 38901,,509769.33,Customer Deposits,
CUST_DEPOSIT-100349,349.5,A10003,616,20020,616,305,"Towneplace Suites Temple, TX",2498,05/23/2025,SO# 38901,509769.33,,Customer Deposits,
CUST_DEPOSIT-100350,350,A21001,968,20020,,327,Townplace San Antonio,2426,05/01/2025,SO# 38864,,9307.67,Customer Deposits,
CUST_DEPOSIT-100350,350.5,A10003,616,20020,616,327,Townplace San Antonio,2426,05/01/2025,SO# 38864,9307.67,,Customer Deposits,
CUST_DEPOSIT-100351,351,A21001,968,20020,,375,Treco Enterprises Inc.,2185,03/14/2025,SO# 38911,,917.76,Customer Deposits,
CUST_DEPOSIT-100351,351.5,A10003,616,20020,616,375,Treco Enterprises Inc.,2185,03/14/2025,SO# 38911,917.76,,Customer Deposits,
CUST_DEPOSIT-100352,352,A21001,968,20020,,347,Trinity Contract Flooring,2379,04/11/2025,SO# 38796,,782.55,Customer Deposits,
CUST_DEPOSIT-100352,352.5,A10003,616,20020,616,347,Trinity Contract Flooring,2379,04/11/2025,SO# 38796,782.55,,Customer Deposits,
CUST_DEPOSIT-100353,353,A21001,968,20020,,322,Triton Stone,2437,05/06/2025,SO# 38868,,2806.24,Customer Deposits,
CUST_DEPOSIT-100353,353.5,A10003,616,20020,616,322,Triton Stone,2437,05/06/2025,SO# 38868,2806.24,,Customer Deposits,
CUST_DEPOSIT-100354,354,A21001,968,20020,,432,Trylon LLC/ RJ Construction LTD,1688,01/16/2025,SO# 38623,,57212,Customer Deposits,
CUST_DEPOSIT-100354,354.5,A10003,616,20020,616,432,Trylon LLC/ RJ Construction LTD,1688,01/16/2025,SO# 38623,57212,,Customer Deposits,
CUST_DEPOSIT-100355,355,A21001,968,20020,,350,Two one two,3397,04/08/2025,SO# 38621,,12035.03,Customer Deposits,
CUST_DEPOSIT-100355,355.5,A10003,616,20020,616,350,Two one two,3397,04/08/2025,SO# 38621,12035.03,,Customer Deposits,
CUST_DEPOSIT-100356,356,A21001,968,20020,,827,Two one two,3397,12/18/2023,SO# 35870,,4462.2,Customer Deposits,35870
CUST_DEPOSIT-100356,356.5,A10003,616,20020,616,827,Two one two,3397,12/18/2023,SO# 35870,4462.2,,Customer Deposits,35870
CUST_DEPOSIT-100357,357,A21001,968,20020,,424,Two one two,3397,01/24/2025,SO# 38621,,6730.19,Customer Deposits,
CUST_DEPOSIT-100357,357.5,A10003,616,20020,616,424,Two one two,3397,01/24/2025,SO# 38621,6730.19,,Customer Deposits,
CUST_DEPOSIT-100358,358,A21001,968,20020,,307,Urban Atelier Group LLC,714,05/21/2025,SO#36095 SO#36072/5 SO36072/6,,202971.8,Customer Deposits,
CUST_DEPOSIT-100358,358.5,A10003,616,20020,616,307,Urban Atelier Group LLC,714,05/21/2025,SO#36095 SO#36072/5 SO36072/6,202971.8,,Customer Deposits,
CUST_DEPOSIT-100359,359,A21001,968,20020,,357,Vedi Hospitality LLC,2316,04/01/2025,SO# 38785,,3696.84,Customer Deposits,
CUST_DEPOSIT-100359,359.5,A10003,616,20020,616,357,Vedi Hospitality LLC,2316,04/01/2025,SO# 38785,3696.84,,Customer Deposits,
CUST_DEPOSIT-100360,360,A21001,968,20020,,330,Vedi Hospitality Plano LLC,2414,04/28/2025,SO# 38797,,537.19,Customer Deposits,
CUST_DEPOSIT-100360,360.5,A10003,616,20020,616,330,Vedi Hospitality Plano LLC,2414,04/28/2025,SO# 38797,537.19,,Customer Deposits,
CUST_DEPOSIT-100361,361,A21001,968,20020,,431,Veranda Homes,2275,01/17/2025,SO# 38292,,13799.18,Customer Deposits,
CUST_DEPOSIT-100361,361.5,A10003,616,20020,616,431,Veranda Homes,2275,01/17/2025,SO# 38292,13799.18,,Customer Deposits,
CUST_DEPOSIT-100362,362,A21001,968,20020,,298,Veranda Homes,2275,05/30/2025,SO# 38832,,1818.92,Customer Deposits,
CUST_DEPOSIT-100362,362.5,A10003,616,20020,616,298,Veranda Homes,2275,05/30/2025,SO# 38832,1818.92,,Customer Deposits,
CUST_DEPOSIT-100363,363,A21001,968,20020,,449,Watermark Commercial Contractors LLC,3398,12/30/2024,SO#35363,,53129.68,Customer Deposits,
CUST_DEPOSIT-100363,363.5,A10003,616,20020,616,449,Watermark Commercial Contractors LLC,3398,12/30/2024,SO#35363,53129.68,,Customer Deposits,
CUST_DEPOSIT-100364,364,A21001,968,20020,,522,Watermark Commercial Contractors LLC,3398,10/18/2024,SO# 36161,,60849.66,Customer Deposits,
CUST_DEPOSIT-100364,364.5,A10003,616,20020,616,522,Watermark Commercial Contractors LLC,3398,10/18/2024,SO# 36161,60849.66,,Customer Deposits,
CUST_DEPOSIT-100365,365,A21001,968,20020,,831,Watermark Commercial Contractors LLC,3398,12/14/2023,SO# 34212,,1738.99,Customer Deposits,34212
CUST_DEPOSIT-100365,365.5,A10003,616,20020,616,831,Watermark Commercial Contractors LLC,3398,12/14/2023,SO# 34212,1738.99,,Customer Deposits,34212
CUST_DEPOSIT-100366,366,A21001,968,20020,,977,"Weaver Cooke Construction, LLC>",3399,07/21/2023,,,6308.4,Customer Deposits,
CUST_DEPOSIT-100366,366.5,A10003,616,20020,616,977,"Weaver Cooke Construction, LLC>",3399,07/21/2023,,6308.4,,Customer Deposits,
CUST_DEPOSIT-100367,367,A21001,968,20020,,385,Wheel Fish Group,2166,03/04/2025,SO# 38905,,45000,Customer Deposits,
CUST_DEPOSIT-100367,367.5,A10003,616,20020,616,385,Wheel Fish Group,2166,03/04/2025,SO# 38905,45000,,Customer Deposits,
CUST_DEPOSIT-100368,368,A21001,968,20020,,287,"White River Flooring, Inc.",2553,06/10/2025,SO# 38857,,14635.6,Customer Deposits,
CUST_DEPOSIT-100368,368.5,A10003,616,20020,616,287,"White River Flooring, Inc.",2553,06/10/2025,SO# 38857,14635.6,,Customer Deposits,
CUST_DEPOSIT-100369,369,A21001,968,20020,,284,Windson Property Holdings LLC,2567,06/13/2025,SO# 39006,,10561.08,Customer Deposits,
CUST_DEPOSIT-100369,369.5,A10003,616,20020,616,284,Windson Property Holdings LLC,2567,06/13/2025,SO# 39006,10561.08,,Customer Deposits,
CUST_DEPOSIT-100370,370,A21001,968,20020,,600,"Wingate - Erlanger, KY",2712,08/01/2024,SO# 35475,,3357.9,Customer Deposits,
CUST_DEPOSIT-100370,370.5,A10003,616,20020,616,600,"Wingate - Erlanger, KY",2712,08/01/2024,SO# 35475,3357.9,,Customer Deposits,
CUST_DEPOSIT-100371,371,A21001,968,20020,,693,Wingate by Wyndham / Indianapolis,2474,04/30/2024,SO# 36165,,0.01,Customer Deposits,36165
CUST_DEPOSIT-100371,371.5,A10003,616,20020,616,693,Wingate by Wyndham / Indianapolis,2474,04/30/2024,SO# 36165,0.01,,Customer Deposits,36165
CUST_DEPOSIT-100372,372,A21001,968,20020,,337,Wingate by Wyndham Pueblo CO.,2491,04/21/2025,SO#37611,,573.48,Customer Deposits,
CUST_DEPOSIT-100372,372.5,A10003,616,20020,616,337,Wingate by Wyndham Pueblo CO.,2491,04/21/2025,SO#37611,573.48,,Customer Deposits,
CUST_DEPOSIT-100373,373,A21001,968,20020,,449,Wingate by Wyndham Pueblo CO.,2491,12/30/2024,SO#38667,,113002.9,Customer Deposits,
CUST_DEPOSIT-100373,373.5,A10003,616,20020,616,449,Wingate by Wyndham Pueblo CO.,2491,12/30/2024,SO#38667,113002.9,,Customer Deposits,
CUST_DEPOSIT-100374,374,A21001,968,20020,,284,Wingate by Wyndham Pueblo CO.,2491,06/13/2025,SO# 38667,,214885.99,Customer Deposits,
CUST_DEPOSIT-100374,374.5,A10003,616,20020,616,284,Wingate by Wyndham Pueblo CO.,2491,06/13/2025,SO# 38667,214885.99,,Customer Deposits,
CUST_DEPOSIT-100375,375,A21001,968,20020,,452,Wingate by Wyndham Pueblo CO.,2491,12/27/2024,SO#38587,,5734.8,Customer Deposits,
CUST_DEPOSIT-100375,375.5,A10003,616,20020,616,452,Wingate by Wyndham Pueblo CO.,2491,12/27/2024,SO#38587,5734.8,,Customer Deposits,
CUST_DEPOSIT-100376,376,A21001,968,20020,,615,Wingate by Wyndham Pueblo CO.,2491,07/17/2024,SO# 37300,,2062.13,Customer Deposits,
CUST_DEPOSIT-100376,376.5,A10003,616,20020,616,615,Wingate by Wyndham Pueblo CO.,2491,07/17/2024,SO# 37300,2062.13,,Customer Deposits,
CUST_DEPOSIT-100377,377,A21001,968,20020,,601,"Wingate by Wyndham-Farmington, NM.",3268,07/31/2024,,,44795.55,Customer Deposits,
CUST_DEPOSIT-100377,377.5,A10003,616,20020,616,601,"Wingate by Wyndham-Farmington, NM.",3268,07/31/2024,,44795.55,,Customer Deposits,
CUST_DEPOSIT-100378,378,A21001,968,20020,,768,Wingate Owensboro_KY,3400,02/15/2024,,,62336.66,Customer Deposits,35526
CUST_DEPOSIT-100378,378.5,A10003,616,20020,616,768,Wingate Owensboro_KY,3400,02/15/2024,,62336.66,,Customer Deposits,35526
CUST_DEPOSIT-100379,379,A21001,968,20020,,630,Wingate Sheboygan WI - 01954,3561,07/02/2024,SO# 37135,,1465.65,Customer Deposits,37135
CUST_DEPOSIT-100379,379.5,A10003,616,20020,616,630,Wingate Sheboygan WI - 01954,3561,07/02/2024,SO# 37135,1465.65,,Customer Deposits,37135
CUST_DEPOSIT-100380,380,A21001,968,20020,,334,"WYNDHAM GARDEN INN- MANASSAS, VA",3403,04/24/2025,SO#38449,,14029.19,Customer Deposits,304
CUST_DEPOSIT-100380,380.5,A10003,616,20020,616,334,"WYNDHAM GARDEN INN- MANASSAS, VA",3403,04/24/2025,SO#38449,14029.19,,Customer Deposits,304
CUST_DEPOSIT-100381,381,A21001,968,20020,,848,Wyndham Garden Newark,3543,11/27/2023,SO#39107,,117734.97,Customer Deposits,35612
CUST_DEPOSIT-100381,381.5,A10003,616,20020,616,848,Wyndham Garden Newark,3543,11/27/2023,SO#39107,117734.97,,Customer Deposits,35612
CUST_DEPOSIT-100382,382,A21001,968,20020,,841,Wyndham Trademark Fredericksburg,3404,12/04/2023,SO# 35656,,306.78,Customer Deposits,
CUST_DEPOSIT-100382,382.5,A10003,616,20020,616,841,Wyndham Trademark Fredericksburg,3404,12/04/2023,SO# 35656,306.78,,Customer Deposits,
CUST_DEPOSIT-100383,383,A21001,968,20020,,778,Wyndham Trademark Fredericksburg,3404,02/05/2024,SO# 35656,,138.6,Customer Deposits,
CUST_DEPOSIT-100383,383.5,A10003,616,20020,616,778,Wyndham Trademark Fredericksburg,3404,02/05/2024,SO# 35656,138.6,,Customer Deposits,
CUST_DEPOSIT-100384,384,A21001,968,20020,,713,Yogi Divine Society Of Texas,729,04/10/2024,SO# 36508,,3131.98,Customer Deposits,36508
CUST_DEPOSIT-100384,384.5,A10003,616,20020,616,713,Yogi Divine Society Of Texas,729,04/10/2024,SO# 36508,3131.98,,Customer Deposits,36508
CUST_DEPOSIT-100385,385,A21001,968,20020,,292,ZENITH ROOFING SERVICES,733,06/05/2025,SO# 39002,,35241,Customer Deposits,
CUST_DEPOSIT-100385,385.5,A10003,616,20020,616,292,ZENITH ROOFING SERVICES,733,06/05/2025,SO# 39002,35241,,Customer Deposits,
