External ID,Account,Number,Account Internal ID,Description,Debit Amount,Credit Amount,Date
India_TB_1001,A30001- GRANITI VICENTIA LLC SHARE HOLDER,A30001,1189,Trial Balance GV India 2025,,4985000,12/31/2025
India_TB_1001,A30002 - KATRAGADDA RAVI KUMAR SHARE HOLDER (new),A30002,1239,Trial Balance GV India 2025,,7500,12/31/2025
India_TB_1001,A30003 - MUPPA NAGESWARA RAO SHARE HOLDER (new),A30003,1240,Trial Balance GV India 2025,,7500,12/31/2025
India_TB_1001,A30021,A30021,971,Trial Balance GV India 2025,,17488935.61,12/31/2025
India_TB_1001,A23921 -CREDIT CARD HDFC VISA 9961 (new),A23921,1242,Trial Balance GV India 2025,,8297.48,12/31/2025
India_TB_1001,A20001,A20001,966,Trial Balance GV India 2025,,812266.7,12/31/2025
India_TB_1001,A22100 Other current liabilities (Other current liabilities),A22100,1302,Trial Balance GV India 2025,,739501.3,12/31/2025
India_TB_1001,A22021 -AUDIT FEE PAYABLE (new),A22021,1244,Trial Balance GV India 2025,,216000,12/31/2025
India_TB_1001,A22022 -INCOME TAX PYABLE new),A22022,1245,Trial Balance GV India 2025,,2587801.93,12/31/2025
India_TB_1001,A22001,A22001,1315,Trial Balance GV India 2025,,802225,12/31/2025
India_TB_1001,A16002 - Computer & elec (all items to the right),A16002,961,Trial Balance GV India 2025,7465922.3,,12/31/2025
India_TB_1001,A16021 - Accumulated Depreciation,A16021,922,Trial Balance GV India 2025,,4819338.08,12/31/2025
India_TB_1001,A11001 (why is the balance a credit )?,A11001,950,Trial Balance GV India 2025,,14851560.41,12/31/2025
India_TB_1001,A10001,A10023,1317,Trial Balance GV India 2025,286039.1,,12/31/2025
India_TB_1001,A10021 -HDFC CURRENT ACCOUNT (new),A10021,1246,Trial Balance GV India 2025,7387350.82,,12/31/2025
India_TB_1001,A13101 -Deferreed Tax Asset (Net ) (new),A13101,1255,Trial Balance GV India 2025,152223,,12/31/2025
India_TB_1001,A15101 -Eswari exports rent deposit (new),A15101,1248,Trial Balance GV India 2025,9900000,,12/31/2025
India_TB_1001,A15102 -Padma Katrgadda rent deposit (new),A15102,1249,Trial Balance GV India 2025,5500000,,12/31/2025
India_TB_1001,A15103 -Ravi Katragadda rent deposit (new),A15103,1250,Trial Balance GV India 2025,5500000,,12/31/2025
India_TB_1001,A13151 - Gst Refund 23-24 (new),A13151,1252,Trial Balance GV India 2025,9657822.48,,12/31/2025
India_TB_1001,A13200 Other current assets (Other current assets),A13200,1303,Trial Balance GV India 2025,192400,,12/31/2025
India_TB_1001,A71003,A71003,1000,Trial Balance GV India 2025,161497,,12/31/2025
India_TB_1001,A13300 - Short term Loans and advances (Other current assets),A13300,1304,Trial Balance GV India 2025,1130301.36,,12/31/2025
India_TB_1001,A13300 - Short term Loans and advances (Other current assets),A13300,1304,Trial Balance GV India 2025,,7629.54,12/31/2025
India_TB_1001,"A40010 -Accounting, auditing and bookkeeping services (new)",A40010,1305,Trial Balance GV India 2025,,12761562.68,12/31/2025
India_TB_1001,A40011 -Architectural Services (new),A40011,1306,Trial Balance GV India 2025,,93217791.1,12/31/2025
India_TB_1001,A78008,A78008,1210,Trial Balance GV India 2025,59686,,12/31/2025
India_TB_1001,A84002,A84002,1033,Trial Balance GV India 2025,72726.65,,12/31/2025
India_TB_1001,A72006,A72006,1007,Trial Balance GV India 2025,739989,,12/31/2025
India_TB_1001,A78009,A78009,1307,Trial Balance GV India 2025,41400,,12/31/2025
India_TB_1001,A78002,A78002,1204,Trial Balance GV India 2025,59700,,12/31/2025
India_TB_1001,A72006,A72006,1007,Trial Balance GV India 2025,84317.31,,12/31/2025
India_TB_1001,A72004,A72004,1005,Trial Balance GV India 2025,1781739,,12/31/2025
India_TB_1001,A78008,A78008,1210,Trial Balance GV India 2025,1425215,,12/31/2025
India_TB_1001,A79101,A79101,1019,Trial Balance GV India 2025,341855.02,,12/31/2025
India_TB_1001,A79102,A79102,1020,Trial Balance GV India 2025,387695.63,,12/31/2025
India_TB_1001,A78009,A78009,1307,Trial Balance GV India 2025,22393,,12/31/2025
India_TB_1001,A78009,A78009,1307,Trial Balance GV India 2025,502573.75,,12/31/2025
India_TB_1001,A76002,A76002,1018,Trial Balance GV India 2025,361160.8,,12/31/2025
India_TB_1001,A71001,A71001,998,Trial Balance GV India 2025,45646,,12/31/2025
India_TB_1001,A71001,A71001,998,Trial Balance GV India 2025,357891,,12/31/2025
India_TB_1001,A72002,A72002,1003,Trial Balance GV India 2025,20272772.07,,12/31/2025
India_TB_1001,A78009,A78009,1307,Trial Balance GV India 2025,8801,,12/31/2025
India_TB_1001,A71002,A71002,999,Trial Balance GV India 2025,39555.15,,12/31/2025
India_TB_1001,A74003,A74003,1013,Trial Balance GV India 2025,8449193.5,,12/31/2025
India_TB_1001,A78009,A78009,1307,Trial Balance GV India 2025,202676,,12/31/2025
India_TB_1001,A79102,A79102,1020,Trial Balance GV India 2025,2509843.01,,12/31/2025
India_TB_1001,A78010 - Recruitment expenses (new),A78010,1253,Trial Balance GV India 2025,284155.79,,12/31/2025
India_TB_1001,A78001,A78001,1203,Trial Balance GV India 2025,109365,,12/31/2025
India_TB_1001,A79102,A79102,1020,Trial Balance GV India 2025,121988,,12/31/2025
India_TB_1001,A78009,A78009,1307,Trial Balance GV India 2025,114088,,12/31/2025
India_TB_1001,A78006,A78006,1208,Trial Balance GV India 2025,60000,,12/31/2025
India_TB_1001,A83001,A83001,1029,Trial Balance GV India 2025,1522200,,12/31/2025
India_TB_1001,A90003,A90003,1036,Trial Balance GV India 2025,1585846,,12/31/2025
India_TB_1001,A90003,A90003,1036,Trial Balance GV India 2025,947560.33,,12/31/2025
India_TB_1001,A72006,A72006,1007,Trial Balance GV India 2025,783690.04,,12/31/2025
India_TB_1001,A50004 for GV India and then reclass to A78001 in consolidation at HQ,A50004,980,Trial Balance GV India 2025,51120702,,12/31/2025
India_TB_1001,A81003,A81003,1025,Trial Balance GV India 2025,23364,,12/31/2025
India_TB_1001,A73001,A73001,1008,Trial Balance GV India 2025,477702,,12/31/2025
India_TB_1001,A70001,A70001,995,Trial Balance GV India 2025,200000,,12/31/2025
India_TB_1001,A70002,A70002,996,Trial Balance GV India 2025,160000,,12/31/2025
India_TB_1001,A30021,A30021,971,Trial Balance GV India 2025,10570391.58,,12/31/2025
India_TB_1001,A78005 Employee Benefits - General/Admin,A78005,1207,Trial Balance GV India 2025,115915.46,,12/31/2025
India_TB_1001,A90004 Accumulated Foreign Exchange ADJ,A90004,1037,Trial Balance GV India 2025,5544.68,,12/31/2025
India_TB_1001,A76002 Miscellaneous,A76002,1018,Trial Balance GV India 2025,10012,,12/31/2025
