External ID,Item,Item ID,Party Name,vendor ID,Invoice #,OLD,length,Invoice Date,New date,Balance Due,Memo,Subsidiary Id,Account,BIN,BIN ID,LOCATION,serial/lot number
OPENVENBILL_30001,cogs,40391,"Jasfer Industry Co., Limited",137,BILL_30001,23JSF10033,10,12-29-2023,12/29/2023,176.55,23JSF10033 - Import SPS data by Invoice in NetSuite,3,A20001,CW-001,17,2,10405
OPENVENBILL_30002,cogs,40391,"Jasfer Industry Co., Limited",137,BILL_30002,24JSF03048,10,01-01-2024,01/01/2024,2845.09,24JSF03048 - Import SPS data by Invoice in NetSuite,3,A20001,CW-001,17,2,10406
OPENVENBILL_30003,cogs,40391,"Jasfer Industry Co., Limited",137,BILL_30003,23JSF10033,10,01-05-2024,01/05/2024,2371.67,23JSF10033 - Import SPS data by Invoice in NetSuite,3,A20001,CW-001,17,2,10412
OPENVENBILL_30004,cogs,40391,"Jasfer Industry Co., Limited",137,BILL_30004,23BL092801,10,02-03-2024,02/03/2024,653.75,23BL092801 - Import SPS data by Invoice in NetSuite,3,A20001,CW-001,17,2,10418
OPENVENBILL_30005,cogs,40391,"Jasfer Industry Co., Limited",137,BILL_30005,23RT120101,10,04-17-2024,4/17/2024,1364.53,23RT120101 - Import SPS data by Invoice in NetSuite,3,A20001,CW-001,17,2,10425
OPENVENBILL_30006,cogs,40391,"Jasfer Industry Co., Limited",137,BILL_30006,23BL092801,10,04-19-2024,4/19/2024,394.90,23BL092801 - Import SPS data by Invoice in NetSuite,3,A20001,CW-001,17,2,10426
OPENVENBILL_30007,cogs,40391,"Jasfer Industry Co., Limited",137,BILL_30007,24JSF05019,10,06-07-2024,06/07/2024,1936.44,24JSF05019 - Import SPS data by Invoice in NetSuite,3,A20001,CW-001,17,2,10438
OPENVENBILL_30008,cogs,40391,"Jasfer Industry Co., Limited",137,BILL_30008,24JSF06012,10,07-02-2024,07/02/2024,1200.03,24JSF06012 - Import SPS data by Invoice in NetSuite,3,A20001,CW-001,17,2,10450
OPENVENBILL_30009,cogs,40391,"Jasfer Industry Co., Limited",137,BILL_30009,24JSF05010,10,08-01-2024,08/01/2024,566.67,24JSF05010 - Import SPS data by Invoice in NetSuite,3,A20001,CW-001,17,2,10455
OPENVENBILL_30010,cogs,40391,"Jasfer Industry Co., Limited",137,BILL_30010,24JSF05040,10,08-01-2024,08/01/2024,2600.00,24JSF05040 - Import SPS data by Invoice in NetSuite,3,A20001,CW-001,17,2,10456
OPENVENBILL_30011,cogs,40391,"Jasfer Industry Co., Limited",137,BILL_30011,24JSF06012,10,08-01-2024,08/01/2024,90.00,24JSF06012 - Import SPS data by Invoice in NetSuite,3,A20001,CW-001,17,2,10457
OPENVENBILL_30012,cogs,40391,"Jasfer Industry Co., Limited",137,BILL_30012,24JSF07027,10,08-01-2024,08/01/2024,1642.09,24JSF07027 - Import SPS data by Invoice in NetSuite,3,A20001,CW-001,17,2,10458
OPENVENBILL_30013,cogs,40391,"Jasfer Industry Co., Limited",137,BILL_30013,24JSF06012,10,08-06-2024,08/06/2024,14121.04,24JSF06012 - Import SPS data by Invoice in NetSuite,3,A20001,CW-001,17,2,10460
OPENVENBILL_30014,cogs,40391,"Jasfer Industry Co., Limited",137,BILL_30014,24JSF06012,10,08-10-2024,08/10/2024,6391.83,24JSF06012 - Import SPS data by Invoice in NetSuite,3,A20001,CW-001,17,2,10465
OPENVENBILL_30015,cogs,40391,"Jasfer Industry Co., Limited",137,BILL_30015,24BL060401,10,10-01-2024,10/01/2024,23680.22,24BL060401 - Import SPS data by Invoice in NetSuite,3,A20001,CW-001,17,2,10478
OPENVENBILL_30016,cogs,40391,"Jasfer Industry Co., Limited",137,BILL_30016,24RT052801,10,10-01-2024,10/01/2024,3798.45,24RT052801 - Import SPS data by Invoice in NetSuite,3,A20001,CW-001,17,2,10480
OPENVENBILL_30017,cogs,40391,"Jasfer Industry Co., Limited",137,BILL_30017,24JSF03048,10,10-12-2024,10/12/2024,995.00,24JSF03048 - Import SPS data by Invoice in NetSuite,3,A20001,CW-001,17,2,10490
OPENVENBILL_30018,cogs,40391,"Jasfer Industry Co., Limited",137,BILL_30018,24JSF05010,10,10-12-2024,10/12/2024,1000.00,24JSF05010 - Import SPS data by Invoice in NetSuite,3,A20001,CW-001,17,2,10491
OPENVENBILL_30019,cogs,40391,"Jasfer Industry Co., Limited",137,BILL_30019,24JSF07075,10,10-12-2024,10/12/2024,3499.13,24JSF07075 - Import SPS data by Invoice in NetSuite,3,A20001,CW-001,17,2,10494
OPENVENBILL_30020,cogs,40391,"Jasfer Industry Co., Limited",137,BILL_30020,24JSF08065,10,10-18-2024,10/18/2024,1807.03,24JSF08065 - Import SPS data by Invoice in NetSuite,3,A20001,CW-001,17,2,10497
OPENVENBILL_30021,cogs,40391,"Jasfer Industry Co., Limited",137,BILL_30021,24JSF08065,10,10-18-2024,10/18/2024,28841.64,24JSF08065 - Import SPS data by Invoice in NetSuite,3,A20001,CW-001,17,2,10498
OPENVENBILL_30022,cogs,40391,"Jasfer Industry Co., Limited",137,BILL_30022,24JSF05019,10,10-25-2024,10/25/2024,500.00,24JSF05019 - Import SPS data by Invoice in NetSuite,3,A20001,CW-001,17,2,10499
OPENVENBILL_30023,cogs,40391,"Jasfer Industry Co., Limited",137,BILL_30023,24BL060401,10,11-01-2024,11/01/2024,200.00,24BL060401 - Import SPS data by Invoice in NetSuite,3,A20001,CW-001,17,2,10505
OPENVENBILL_30024,cogs,40391,"Jasfer Industry Co., Limited",137,BILL_30024,23RT120101,10,11-01-2024,11/01/2024,2642.29,23RT120101 - Import SPS data by Invoice in NetSuite,3,A20001,CW-001,17,2,10506
OPENVENBILL_30025,cogs,40391,"Jasfer Industry Co., Limited",137,BILL_30025,23RT120101,10,11-01-2024,11/01/2024,3300.00,23RT120101 - Import SPS data by Invoice in NetSuite,3,A20001,CW-001,17,2,10507
OPENVENBILL_30026,cogs,40391,"Jasfer Industry Co., Limited",137,BILL_30026,23RT120101,10,11-01-2024,11/01/2024,8877.45,23RT120101 - Import SPS data by Invoice in NetSuite,3,A20001,CW-001,17,2,10508
OPENVENBILL_30027,cogs,40391,"Jasfer Industry Co., Limited",137,BILL_30027,23JSF10033,10,11-12-2024,11/12/2024,100.00,23JSF10033 - Import SPS data by Invoice in NetSuite,3,A20001,CW-001,17,2,10513
OPENVENBILL_30028,cogs,40391,"Jasfer Industry Co., Limited",137,BILL_30028,24JSF07027,10,11-14-2024,11/14/2024,4203.11,24JSF07027 - Import SPS data by Invoice in NetSuite,3,A20001,CW-001,17,2,10516
OPENVENBILL_30029,cogs,40391,"Jasfer Industry Co., Limited",137,BILL_30029,24JSF07027,10,11-14-2024,11/14/2024,21524.89,24JSF07027 - Import SPS data by Invoice in NetSuite,3,A20001,CW-001,17,2,10517
OPENVENBILL_30030,cogs,40391,"Jasfer Industry Co., Limited",137,BILL_30030,24JSF08023,10,11-23-2024,11/23/2024,224.97,24JSF08023 - Import SPS data by Invoice in NetSuite,3,A20001,CW-001,17,2,10525
OPENVENBILL_30031,cogs,40391,"Jasfer Industry Co., Limited",137,BILL_30031,24RT052801,10,12-16-2024,12/16/2024,3430.94,24RT052801 - Import SPS data by Invoice in NetSuite,3,A20001,CW-001,17,2,10533
OPENVENBILL_30032,cogs,40391,"Jasfer Industry Co., Limited",137,BILL_30032,24JSF07075,10,12-31-2024,12/31/2024,100.00,24JSF07075 - Import SPS data by Invoice in NetSuite,3,A20001,CW-001,17,2,10543
OPENVENBILL_30033,cogs,40391,"Jasfer Industry Co., Limited",137,BILL_30033,24JSF08023,10,01-01-2025,01/01/2025,7442.95,24JSF08023 - Import SPS data by Invoice in NetSuite,3,A20001,CW-001,17,2,10545
OPENVENBILL_30034,cogs,40391,"Jasfer Industry Co., Limited",137,BILL_30034,24JSF08029,10,01-01-2025,01/01/2025,1490.92,24JSF08029 - Import SPS data by Invoice in NetSuite,3,A20001,CW-001,17,2,10546
OPENVENBILL_30035,cogs,40391,"Jasfer Industry Co., Limited",137,BILL_30035,24JSF08029,10,01-01-2025,01/01/2025,3284.41,24JSF08029 - Import SPS data by Invoice in NetSuite,3,A20001,CW-001,17,2,10547
OPENVENBILL_30036,cogs,40391,"Jasfer Industry Co., Limited",137,BILL_30036,24JS110401,10,01-08-2025,01/08/2025,5200.00,24JS110401 - Import SPS data by Invoice in NetSuite,3,A20001,CW-001,17,2,10551
OPENVENBILL_30037,cogs,40391,"Jasfer Industry Co., Limited",137,BILL_30037,24JSF08070,10,01-13-2025,1/13/2025,1157.93,24JSF08070 - Import SPS data by Invoice in NetSuite,3,A20001,CW-001,17,2,10554
OPENVENBILL_30038,cogs,40391,"Jasfer Industry Co., Limited",137,BILL_30038,24JSF08070,10,01-13-2025,1/13/2025,2150.22,24JSF08070 - Import SPS data by Invoice in NetSuite,3,A20001,CW-001,17,2,10555
OPENVENBILL_30039,cogs,40391,"Jasfer Industry Co., Limited",137,BILL_30039,24JSF08070,10,01-13-2025,1/13/2025,20223.08,24JSF08070 - Import SPS data by Invoice in NetSuite,3,A20001,CW-001,17,2,10556
OPENVENBILL_30040,cogs,40391,"Jasfer Industry Co., Limited",137,BILL_30040,24JSF12032,10,01-21-2025,1/21/2025,2273.83,24JSF12032 - Import SPS data by Invoice in NetSuite,3,A20001,CW-001,17,2,10564
OPENVENBILL_30041,cogs,40391,"Jasfer Industry Co., Limited",137,BILL_30041,24JSF12032,10,01-21-2025,1/21/2025,3036.33,24JSF12032 - Import SPS data by Invoice in NetSuite,3,A20001,CW-001,17,2,10565
OPENVENBILL_30042,cogs,40391,"Jasfer Industry Co., Limited",137,BILL_30042,24JSF04008,10,01-21-2025,1/21/2025,776.00,24JSF04008 - Import SPS data by Invoice in NetSuite,3,A20001,CW-001,17,2,10566
OPENVENBILL_30043,cogs,40391,"Jasfer Industry Co., Limited",137,BILL_30043,24JSF04008,10,01-21-2025,1/21/2025,2137.27,24JSF04008 - Import SPS data by Invoice in NetSuite,3,A20001,CW-001,17,2,10567
OPENVENBILL_30044,cogs,40391,"Jasfer Industry Co., Limited",137,BILL_30044,24JSF05040,10,02-15-2025,2/15/2025,1753.53,24JSF05040 - Import SPS data by Invoice in NetSuite,3,A20001,CW-001,17,2,10578
OPENVENBILL_30045,cogs,40391,"Jasfer Industry Co., Limited",137,BILL_30045,24JSF05040,10,02-19-2025,2/19/2025,330.30,24JSF05040 - Import SPS data by Invoice in NetSuite,3,A20001,CW-001,17,2,10579
OPENVENBILL_30046,cogs,40391,"Jasfer Industry Co., Limited",137,BILL_30046,24BL111011,10,03-24-2025,3/24/2025,118.01,24BL111011 - Import SPS data by Invoice in NetSuite,3,A20001,CW-001,17,2,10585
OPENVENBILL_30047,cogs,40391,"Jasfer Industry Co., Limited",137,BILL_30047,24JS110401,10,05-11-2025,05/11/2025,4555.46,24JS110401 - Import SPS data by Invoice in NetSuite,3,A20001,CW-001,17,2,10624
OPENVENBILL_30048,cogs,40391,"Jasfer Industry Co., Limited",137,BILL_30048,24JS121102,10,05-11-2025,05/11/2025,420.22,24JS121102 - Import SPS data by Invoice in NetSuite,3,A20001,CW-001,17,2,10625
OPENVENBILL_30049,cogs,40391,"Jasfer Industry Co., Limited",137,BILL_30049,24JS111408,10,05-12-2025,05/12/2025,5543.21,24JS111408 - Import SPS data by Invoice in NetSuite,3,A20001,CW-001,17,2,10630
OPENVENBILL_30050,cogs,40391,"Jasfer Industry Co., Limited",137,BILL_30050,25JSF01022,10,05-19-2025,5/19/2025,8860.27,25JSF01022 - Import SPS data by Invoice in NetSuite,3,A20001,CW-001,17,2,10632
OPENVENBILL_30051,cogs,40391,"Jasfer Industry Co., Limited",137,BILL_30051,25JSF01022,10,05-19-2025,5/19/2025,2164.03,25JSF01022 - Import SPS data by Invoice in NetSuite,3,A20001,CW-001,17,2,10635
OPENVENBILL_30052,cogs,40391,"Jasfer Industry Co., Limited",137,BILL_30052,25BL041601,10,05-19-2025,5/19/2025,412.30,25BL041601 - Import SPS data by Invoice in NetSuite,3,A20001,CW-001,17,2,10639
OPENVENBILL_30053,cogs,40391,"Jasfer Industry Co., Limited",137,BILL_30053,24JSF11060,10,05-19-2025,5/19/2025,1059.45,24JSF11060 - Import SPS data by Invoice in NetSuite,3,A20001,CW-001,17,2,10644
OPENVENBILL_30054,cogs,40391,"Jasfer Industry Co., Limited",137,BILL_30054,24RT103106,10,05-19-2025,5/19/2025,12165.20,24RT103106 - Import SPS data by Invoice in NetSuite,3,A20001,CW-001,17,2,10647
OPENVENBILL_30055,cogs,40391,"Jasfer Industry Co., Limited",137,BILL_30055,24JS111408,10,05-19-2025,5/19/2025,84.78,24JS111408 - Import SPS data by Invoice in NetSuite,3,A20001,CW-001,17,2,10648
OPENVENBILL_30056,cogs,40391,"Jasfer Industry Co., Limited",137,BILL_30056,24JS121102,10,05-19-2025,5/19/2025,2945.65,24JS121102 - Import SPS data by Invoice in NetSuite,3,A20001,CW-001,17,2,10650
OPENVENBILL_30057,cogs,40391,"Jasfer Industry Co., Limited",137,BILL_30057,24JS121106,10,05-19-2025,5/19/2025,1031.74,24JS121106 - Import SPS data by Invoice in NetSuite,3,A20001,CW-001,17,2,10651
OPENVENBILL_30058,cogs,40391,"Jasfer Industry Co., Limited",137,BILL_30058,24JSF11060,10,05-19-2025,5/19/2025,956.99,24JSF11060 - Import SPS data by Invoice in NetSuite,3,A20001,CW-001,17,2,10654
OPENVENBILL_30059,cogs,40391,"Jasfer Industry Co., Limited",137,BILL_30059,25BL021302,10,05-19-2025,5/19/2025,4389.61,25BL021302 - Import SPS data by Invoice in NetSuite,3,A20001,CW-001,17,2,10657
OPENVENBILL_30060,cogs,40391,"Jasfer Industry Co., Limited",137,BILL_30060,24JSF11039,10,05-21-2025,5/21/2025,114.23,24JSF11039 - Import SPS data by Invoice in NetSuite,3,A20001,CW-001,17,2,10661
OPENVENBILL_30061,cogs,40391,"Jasfer Industry Co., Limited",137,BILL_30061,24JSF11039,10,05-21-2025,5/21/2025,651.45,24JSF11039 - Import SPS data by Invoice in NetSuite,3,A20001,CW-001,17,2,10662
OPENVENBILL_30062,cogs,40391,"Jasfer Industry Co., Limited",137,BILL_30062,24BL010601,10,05-29-2025,5/29/2025,14743.72,24BL010601 - Import SPS data by Invoice in NetSuite,3,A20001,CW-001,17,2,10669
OPENVENBILL_30063,cogs,40391,"Jasfer Industry Co., Limited",137,BILL_30063,25BL041601,10,05-29-2025,5/29/2025,543.45,25BL041601 - Import SPS data by Invoice in NetSuite,3,A20001,CW-001,17,2,10674
OPENVENBILL_30064,cogs,40391,"Jasfer Industry Co., Limited",137,BILL_30064,25JS011606,10,05-29-2025,5/29/2025,1228.35,25JS011606 - Import SPS data by Invoice in NetSuite,3,A20001,CW-001,17,2,10679
OPENVENBILL_30065,cogs,40391,"Jasfer Industry Co., Limited",137,BILL_30065,25JS012001,10,05-29-2025,5/29/2025,5230.71,25JS012001 - Import SPS data by Invoice in NetSuite,3,A20001,CW-001,17,2,10680
OPENVENBILL_30066,cogs,40391,"Jasfer Industry Co., Limited",137,BILL_30066,25JS012001,10,05-29-2025,5/29/2025,40325.30,25JS012001 - Import SPS data by Invoice in NetSuite,3,A20001,CW-001,17,2,10681
OPENVENBILL_30067,cogs,40391,"Jasfer Industry Co., Limited",137,BILL_30067,25JS011606,10,05-29-2025,5/29/2025,11261.08,25JS011606 - Import SPS data by Invoice in NetSuite,3,A20001,CW-001,17,2,10682
OPENVENBILL_30068,cogs,40391,"Jasfer Industry Co., Limited",137,BILL_30068,25JS012001,10,05-29-2025,5/29/2025,21780.52,25JS012001 - Import SPS data by Invoice in NetSuite,3,A20001,CW-001,17,2,10684
OPENVENBILL_30069,cogs,40391,"Jasfer Industry Co., Limited",137,BILL_30069,25BL021302,10,05-29-2025,5/29/2025,1787.12,25BL021302 - Import SPS data by Invoice in NetSuite,3,A20001,CW-001,17,2,10685
OPENVENBILL_30070,cogs,40391,"Jasfer Industry Co., Limited",137,BILL_30070,24BL111011,10,05-30-2025,5/30/2025,6353.16,24BL111011 - Import SPS data by Invoice in NetSuite,3,A20001,CW-001,17,2,10693
OPENVENBILL_30071,cogs,40391,"Jasfer Industry Co., Limited",137,BILL_30071,24JSF12036,10,05-30-2025,5/30/2025,2156.42,24JSF12036 - Import SPS data by Invoice in NetSuite,3,A20001,CW-001,17,2,10696
OPENVENBILL_30072,cogs,40391,"Jasfer Industry Co., Limited",137,BILL_30072,24BL112004,10,06-08-2025,06/08/2025,18247.45,24BL112004 - Import SPS data by Invoice in NetSuite,3,A20001,CW-001,17,2,10708
OPENVENBILL_30073,cogs,40391,"Jasfer Industry Co., Limited",137,BILL_30073,25JSF02070,10,06-08-2025,06/08/2025,5904.13,25JSF02070 - Import SPS data by Invoice in NetSuite,3,A20001,CW-001,17,2,10709
OPENVENBILL_30074,cogs,40391,"Jasfer Industry Co., Limited",137,BILL_30074,25JSF02070,10,06-08-2025,06/08/2025,57317.56,25JSF02070 - Import SPS data by Invoice in NetSuite,3,A20001,CW-001,17,2,10711
OPENVENBILL_30075,cogs,40391,"Jasfer Industry Co., Limited",137,BILL_30075,25RT032501,10,06-08-2025,06/08/2025,420.87,25RT032501 - Import SPS data by Invoice in NetSuite,3,A20001,CW-001,17,2,10714
OPENVENBILL_30076,cogs,40391,"Jasfer Industry Co., Limited",137,BILL_30076,24BL010601,10,06-09-2025,06/09/2025,3903.18,24BL010601 - Import SPS data by Invoice in NetSuite,3,A20001,CW-001,17,2,10715
OPENVENBILL_30077,cogs,40391,"Jasfer Industry Co., Limited",137,BILL_30077,24JS121106,10,06-12-2025,06/12/2025,86.86,24JS121106 - Import SPS data by Invoice in NetSuite,3,A20001,CW-001,17,2,10718
OPENVENBILL_30078,cogs,40391,"Jasfer Industry Co., Limited",137,BILL_30078,24RT103106,10,06-12-2025,06/12/2025,14536.12,24RT103106 - Import SPS data by Invoice in NetSuite,3,A20001,CW-001,17,2,10719
OPENVENBILL_30079,cogs,40391,"Jasfer Industry Co., Limited",137,BILL_30079,24BL112004,10,06-27-2025,6/27/2025,15788.49,24BL112004 - Import SPS data by Invoice in NetSuite,3,A20001,CW-001,17,2,10793
OPENVENBILL_30080,cogs,40391,"Jasfer Industry Co., Limited",137,BILL_30080,24JSF12036,10,06-28-2025,6/28/2025,3966.89,24JSF12036 - Import SPS data by Invoice in NetSuite,3,A20001,CW-001,17,2,10803
OPENVENBILL_30081,cogs,40391,"Jasfer Industry Co., Limited",137,BILL_30081,25RT032501,10,06-28-2025,6/28/2025,2047.49,25RT032501 - Import SPS data by Invoice in NetSuite,3,A20001,CW-001,17,2,10807
OPENVENBILL_30082,cogs,40391,"Jasfer Industry Co., Limited",137,BILL_30082,20250630,8,06-30-2025,6/30/2025,90.00,20250630 - Import SPS data by Invoice in NetSuite,3,A20001,CW-001,17,2,10811
OPENVENBILL_30083,cogs,40391,"Jasfer Industry Co., Limited",137,BILL_30083,20250630,8,06-30-2025,6/30/2025,110.00,20250630 - Import SPS data by Invoice in NetSuite,3,A20001,CW-001,17,2,10816
OPENVENBILL_30084,cogs,40391,"Jasfer Industry Co., Limited",137,BILL_30084,20250630,8,06-30-2025,6/30/2025,383.00,20250630 - Import SPS data by Invoice in NetSuite,3,A20001,CW-001,17,2,10817
OPENVENBILL_30085,cogs,40391,"Jasfer Industry Co., Limited",137,BILL_30085,20250630,8,06-30-2025,6/30/2025,440.98,20250630 - Import SPS data by Invoice in NetSuite,3,A20001,CW-001,17,2,10818
OPENVENBILL_30086,cogs,40391,"Jasfer Industry Co., Limited",137,BILL_30086,20250630,8,06-30-2025,6/30/2025,1033.94,20250630 - Import SPS data by Invoice in NetSuite,3,A20001,CW-001,17,2,10819
OPENVENBILL_30087,cogs,40391,"Jasfer Industry Co., Limited",137,BILL_30087,20250630,8,06-30-2025,6/30/2025,1084.53,20250630 - Import SPS data by Invoice in NetSuite,3,A20001,CW-001,17,2,10820
OPENVENBILL_30088,cogs,40391,"Jasfer Industry Co., Limited",137,BILL_30088,20250630,8,06-30-2025,6/30/2025,1321.47,20250630 - Import SPS data by Invoice in NetSuite,3,A20001,CW-001,17,2,10821
OPENVENBILL_30089,cogs,40391,"Jasfer Industry Co., Limited",137,BILL_30089,20250630,8,06-30-2025,6/30/2025,1535.77,20250630 - Import SPS data by Invoice in NetSuite,3,A20001,CW-001,17,2,10822
OPENVENBILL_30090,cogs,40391,"Jasfer Industry Co., Limited",137,BILL_30090,20250630,8,06-30-2025,6/30/2025,1705.83,20250630 - Import SPS data by Invoice in NetSuite,3,A20001,CW-001,17,2,10823
OPENVENBILL_30091,cogs,40391,"Jasfer Industry Co., Limited",137,BILL_30091,20250630,8,06-30-2025,6/30/2025,2408.53,20250630 - Import SPS data by Invoice in NetSuite,3,A20001,CW-001,17,2,10824
OPENVENBILL_30092,cogs,40391,"Jasfer Industry Co., Limited",137,BILL_30092,20250630,8,06-30-2025,6/30/2025,2664.00,20250630 - Import SPS data by Invoice in NetSuite,3,A20001,CW-001,17,2,10825
OPENVENBILL_30093,cogs,40391,"Jasfer Industry Co., Limited",137,BILL_30093,20250630,8,06-30-2025,6/30/2025,4824.38,20250630 - Import SPS data by Invoice in NetSuite,3,A20001,CW-001,17,2,10826
OPENVENBILL_30094,cogs,40391,"Jasfer Industry Co., Limited",137,BILL_30094,20250630,8,06-30-2025,6/30/2025,6821.66,20250630 - Import SPS data by Invoice in NetSuite,3,A20001,CW-001,17,2,10827
OPENVENBILL_30095,cogs,40391,Koby Singletary,1944,BILL_30095,SZPECM146501,12,02-24-2025,2/24/2025,12.00,SZPECM146501 - Import SPS data by Invoice in NetSuite,3,A20001,CW-001,17,2,10833
OPENVENBILL_30096,cogs,40391,Koby Singletary,1944,BILL_30096,SZPECM146501,12,02-24-2025,2/24/2025,12.00,SZPECM146501 - Import SPS data by Invoice in NetSuite,3,A20001,CW-001,17,2,10834
OPENVENBILL_30097,cogs,40391,Koby Singletary,1944,BILL_30097,SZPECM146501,12,02-24-2025,2/24/2025,12.00,SZPECM146501 - Import SPS data by Invoice in NetSuite,3,A20001,CW-001,17,2,10835
OPENVENBILL_30098,cogs,40391,Koby Singletary,1944,BILL_30098,SZPECM146501,12,02-24-2025,2/24/2025,12.00,SZPECM146501 - Import SPS data by Invoice in NetSuite,3,A20001,CW-001,17,2,10836
OPENVENBILL_30099,cogs,40391,Koby Singletary,1944,BILL_30099,SZPECM146501,12,02-24-2025,2/24/2025,12.00,SZPECM146501 - Import SPS data by Invoice in NetSuite,3,A20001,CW-001,17,2,10837
OPENVENBILL_30100,cogs,40391,Koby Singletary,1944,BILL_30100,SZPECM146501,12,02-24-2025,2/24/2025,12.00,SZPECM146501 - Import SPS data by Invoice in NetSuite,3,A20001,CW-001,17,2,10838
OPENVENBILL_30101,cogs,40391,Koby Singletary,1944,BILL_30101,SZPECM146501,12,02-24-2025,2/24/2025,12.00,SZPECM146501 - Import SPS data by Invoice in NetSuite,3,A20001,CW-001,17,2,10839
OPENVENBILL_30102,cogs,40391,Koby Singletary,1944,BILL_30102,SZPECM146501,12,02-24-2025,2/24/2025,12.00,SZPECM146501 - Import SPS data by Invoice in NetSuite,3,A20001,CW-001,17,2,10840
OPENVENBILL_30103,cogs,40391,Koby Singletary,1944,BILL_30103,SZPECM146501,12,02-24-2025,2/24/2025,12.00,SZPECM146501 - Import SPS data by Invoice in NetSuite,3,A20001,CW-001,17,2,10841
OPENVENBILL_30104,cogs,40391,Koby Singletary,1944,BILL_30104,SZPECM146501,12,02-24-2025,2/24/2025,12.00,SZPECM146501 - Import SPS data by Invoice in NetSuite,3,A20001,CW-001,17,2,10842
OPENVENBILL_30105,cogs,40391,Koby Singletary,1944,BILL_30105,SZPECM146501,12,02-24-2025,2/24/2025,12.00,SZPECM146501 - Import SPS data by Invoice in NetSuite,3,A20001,CW-001,17,2,10843
OPENVENBILL_30106,cogs,40391,Koby Singletary,1944,BILL_30106,SZPECM146501,12,02-24-2025,2/24/2025,13.08,SZPECM146501 - Import SPS data by Invoice in NetSuite,3,A20001,CW-001,17,2,10844
OPENVENBILL_30107,cogs,40391,Koby Singletary,1944,BILL_30107,SZPECM146501,12,02-24-2025,2/24/2025,12.00,SZPECM146501 - Import SPS data by Invoice in NetSuite,3,A20001,CW-001,17,2,10845
OPENVENBILL_30108,cogs,40391,Koby Singletary,1944,BILL_30108,SZPECM146501,12,02-24-2025,2/24/2025,12.00,SZPECM146501 - Import SPS data by Invoice in NetSuite,3,A20001,CW-001,17,2,10846
OPENVENBILL_30109,cogs,40391,Koby Singletary,1944,BILL_30109,SZPECM146501,12,02-24-2025,2/24/2025,12.00,SZPECM146501 - Import SPS data by Invoice in NetSuite,3,A20001,CW-001,17,2,10847
OPENVENBILL_30110,cogs,40391,Koby Singletary,1944,BILL_30110,SZPECM146501,12,02-24-2025,2/24/2025,12.00,SZPECM146501 - Import SPS data by Invoice in NetSuite,3,A20001,CW-001,17,2,10848
OPENVENBILL_30111,cogs,40391,Koby Singletary,1944,BILL_30111,SZPECM146501,12,02-24-2025,2/24/2025,12.00,SZPECM146501 - Import SPS data by Invoice in NetSuite,3,A20001,CW-001,17,2,10849
OPENVENBILL_30112,cogs,40391,Koby Singletary,1944,BILL_30112,SZPECM146501,12,02-24-2025,2/24/2025,12.00,SZPECM146501 - Import SPS data by Invoice in NetSuite,3,A20001,CW-001,17,2,10850
OPENVENBILL_30113,cogs,40391,Koby Singletary,1944,BILL_30113,SZPECM146501,12,02-24-2025,2/24/2025,12.00,SZPECM146501 - Import SPS data by Invoice in NetSuite,3,A20001,CW-001,17,2,10851
OPENVENBILL_30114,cogs,40391,Koby Singletary,1944,BILL_30114,SZPECM146501,12,02-24-2025,2/24/2025,12.00,SZPECM146501 - Import SPS data by Invoice in NetSuite,3,A20001,CW-001,17,2,10852
OPENVENBILL_30115,cogs,40391,Koby Singletary,1944,BILL_30115,SZPECM146501,12,02-24-2025,2/24/2025,12.00,SZPECM146501 - Import SPS data by Invoice in NetSuite,3,A20001,CW-001,17,2,10853
OPENVENBILL_30116,cogs,40391,Koby Singletary,1944,BILL_30116,SZPECM146501,12,02-24-2025,2/24/2025,12.00,SZPECM146501 - Import SPS data by Invoice in NetSuite,3,A20001,CW-001,17,2,10854
OPENVENBILL_30117,cogs,40391,Koby Singletary,1944,BILL_30117,SZPECM146501,12,02-24-2025,2/24/2025,12.00,SZPECM146501 - Import SPS data by Invoice in NetSuite,3,A20001,CW-001,17,2,10855
OPENVENBILL_30118,cogs,40391,Koby Singletary,1944,BILL_30118,SZPECM146501,12,02-24-2025,2/24/2025,12.00,SZPECM146501 - Import SPS data by Invoice in NetSuite,3,A20001,CW-001,17,2,10856
OPENVENBILL_30119,cogs,40391,Koby Singletary,1944,BILL_30119,SZPECM146501,12,02-24-2025,2/24/2025,12.00,SZPECM146501 - Import SPS data by Invoice in NetSuite,3,A20001,CW-001,17,2,10857
OPENVENBILL_30120,cogs,40391,Koby Singletary,1944,BILL_30120,SZPECM146501,12,02-24-2025,2/24/2025,12.00,SZPECM146501 - Import SPS data by Invoice in NetSuite,3,A20001,CW-001,17,2,10858
OPENVENBILL_30121,cogs,40391,Koby Singletary,1944,BILL_30121,SZPECM146501,12,02-24-2025,2/24/2025,12.00,SZPECM146501 - Import SPS data by Invoice in NetSuite,3,A20001,CW-001,17,2,10859
OPENVENBILL_30122,cogs,40391,Koby Singletary,1944,BILL_30122,SZPECY797601,12,02-24-2025,2/24/2025,17.08,SZPECY797601 - Import SPS data by Invoice in NetSuite,3,A20001,CW-001,17,2,10860
OPENVENBILL_30123,cogs,40391,Koby Singletary,1944,BILL_30123,SZPECY797601,12,02-24-2025,2/24/2025,22.00,SZPECY797601 - Import SPS data by Invoice in NetSuite,3,A20001,CW-001,17,2,10861
OPENVENBILL_30124,cogs,40391,Koby Singletary,1944,BILL_30124,SZPECY797601,12,02-24-2025,2/24/2025,22.00,SZPECY797601 - Import SPS data by Invoice in NetSuite,3,A20001,CW-001,17,2,10862
OPENVENBILL_30125,cogs,40391,Koby Singletary,1944,BILL_30125,SZPECY797601,12,02-24-2025,2/24/2025,22.00,SZPECY797601 - Import SPS data by Invoice in NetSuite,3,A20001,CW-001,17,2,10863
OPENVENBILL_30126,cogs,40391,Koby Singletary,1944,BILL_30126,SZPECY797601,12,02-24-2025,2/24/2025,22.00,SZPECY797601 - Import SPS data by Invoice in NetSuite,3,A20001,CW-001,17,2,10864
OPENVENBILL_30127,cogs,40391,Koby Singletary,1944,BILL_30127,SZPECY797601,12,02-24-2025,2/24/2025,22.00,SZPECY797601 - Import SPS data by Invoice in NetSuite,3,A20001,CW-001,17,2,10865
OPENVENBILL_30128,cogs,40391,Koby Singletary,1944,BILL_30128,SZPECY797601,12,02-24-2025,2/24/2025,22.00,SZPECY797601 - Import SPS data by Invoice in NetSuite,3,A20001,CW-001,17,2,10866
OPENVENBILL_30129,cogs,40391,Koby Singletary,1944,BILL_30129,SZPECY797601,12,02-24-2025,2/24/2025,22.00,SZPECY797601 - Import SPS data by Invoice in NetSuite,3,A20001,CW-001,17,2,10867
OPENVENBILL_30130,cogs,40391,Koby Singletary,1944,BILL_30130,SZPECY797601,12,02-24-2025,2/24/2025,22.00,SZPECY797601 - Import SPS data by Invoice in NetSuite,3,A20001,CW-001,17,2,10868
OPENVENBILL_30131,cogs,40391,Koby Singletary,1944,BILL_30131,SZPECY797601,12,02-24-2025,2/24/2025,22.00,SZPECY797601 - Import SPS data by Invoice in NetSuite,3,A20001,CW-001,17,2,10869
OPENVENBILL_30132,cogs,40391,Koby Singletary,1944,BILL_30132,SZPECY797601,12,02-24-2025,2/24/2025,22.00,SZPECY797601 - Import SPS data by Invoice in NetSuite,3,A20001,CW-001,17,2,10870
OPENVENBILL_30133,cogs,40391,Koby Singletary,1944,BILL_30133,SZPECY797601,12,02-24-2025,2/24/2025,22.00,SZPECY797601 - Import SPS data by Invoice in NetSuite,3,A20001,CW-001,17,2,10871
OPENVENBILL_30134,cogs,40391,Koby Singletary,1944,BILL_30134,SZPECY797601,12,02-24-2025,2/24/2025,22.00,SZPECY797601 - Import SPS data by Invoice in NetSuite,3,A20001,CW-001,17,2,10872
OPENVENBILL_30135,cogs,40391,Koby Singletary,1944,BILL_30135,SZPECY797601,12,02-24-2025,2/24/2025,22.00,SZPECY797601 - Import SPS data by Invoice in NetSuite,3,A20001,CW-001,17,2,10873
OPENVENBILL_30136,cogs,40391,Koby Singletary,1944,BILL_30136,SZPECY797601,12,02-24-2025,2/24/2025,22.00,SZPECY797601 - Import SPS data by Invoice in NetSuite,3,A20001,CW-001,17,2,10874
OPENVENBILL_30137,cogs,40391,Koby Singletary,1944,BILL_30137,SZPM04241100,12,02-24-2025,2/24/2025,3.00,SZPM04241100 - Import SPS data by Invoice in NetSuite,3,A20001,CW-001,17,2,10875
OPENVENBILL_30138,cogs,40391,Koby Singletary,1944,BILL_30138,SZPM04241100,12,02-24-2025,2/24/2025,3.00,SZPM04241100 - Import SPS data by Invoice in NetSuite,3,A20001,CW-001,17,2,10876
OPENVENBILL_30139,cogs,40391,Koby Singletary,1944,BILL_30139,SZPM04241100,12,02-24-2025,2/24/2025,5.44,SZPM04241100 - Import SPS data by Invoice in NetSuite,3,A20001,CW-001,17,2,10877
OPENVENBILL_30140,cogs,40391,Koby Singletary,1944,BILL_30140,SZPM04241100,12,02-24-2025,2/24/2025,5.00,SZPM04241100 - Import SPS data by Invoice in NetSuite,3,A20001,CW-001,17,2,10878
OPENVENBILL_30141,cogs,40391,Koby Singletary,1944,BILL_30141,SZPM04241100,12,02-24-2025,2/24/2025,3.00,SZPM04241100 - Import SPS data by Invoice in NetSuite,3,A20001,CW-001,17,2,10879
OPENVENBILL_30142,cogs,40391,Koby Singletary,1944,BILL_30142,SZPM04241100,12,02-24-2025,2/24/2025,4.00,SZPM04241100 - Import SPS data by Invoice in NetSuite,3,A20001,CW-001,17,2,10880
OPENVENBILL_30143,cogs,40391,Koby Singletary,1944,BILL_30143,SZPM04241100,12,02-24-2025,2/24/2025,3.00,SZPM04241100 - Import SPS data by Invoice in NetSuite,3,A20001,CW-001,17,2,10881
OPENVENBILL_30144,cogs,40391,Koby Singletary,1944,BILL_30144,SZPM04241100,12,02-24-2025,2/24/2025,3.00,SZPM04241100 - Import SPS data by Invoice in NetSuite,3,A20001,CW-001,17,2,10882
OPENVENBILL_30145,cogs,40391,Koby Singletary,1944,BILL_30145,SZPM04241100,12,02-24-2025,2/24/2025,5.00,SZPM04241100 - Import SPS data by Invoice in NetSuite,3,A20001,CW-001,17,2,10883
OPENVENBILL_30146,cogs,40391,Koby Singletary,1944,BILL_30146,SZPM04241100,12,02-24-2025,2/24/2025,4.00,SZPM04241100 - Import SPS data by Invoice in NetSuite,3,A20001,CW-001,17,2,10884
OPENVENBILL_30147,cogs,40391,Koby Singletary,1944,BILL_30147,SZPM04241100,12,02-24-2025,2/24/2025,3.00,SZPM04241100 - Import SPS data by Invoice in NetSuite,3,A20001,CW-001,17,2,10885
OPENVENBILL_30148,cogs,40391,Koby Singletary,1944,BILL_30148,SZPM04241100,12,02-24-2025,2/24/2025,5.00,SZPM04241100 - Import SPS data by Invoice in NetSuite,3,A20001,CW-001,17,2,10886
OPENVENBILL_30149,cogs,40391,Koby Singletary,1944,BILL_30149,SZPM04241100,12,02-24-2025,2/24/2025,3.00,SZPM04241100 - Import SPS data by Invoice in NetSuite,3,A20001,CW-001,17,2,10887
OPENVENBILL_30150,cogs,40391,Koby Singletary,1944,BILL_30150,SZPM58410300,12,02-24-2025,2/24/2025,6.00,SZPM58410300 - Import SPS data by Invoice in NetSuite,3,A20001,CW-001,17,2,10888
OPENVENBILL_30151,cogs,40391,Koby Singletary,1944,BILL_30151,SZPM58410300,12,02-24-2025,2/24/2025,6.00,SZPM58410300 - Import SPS data by Invoice in NetSuite,3,A20001,CW-001,17,2,10889
OPENVENBILL_30152,cogs,40391,Koby Singletary,1944,BILL_30152,SZPM58410300,12,02-24-2025,2/24/2025,8.88,SZPM58410300 - Import SPS data by Invoice in NetSuite,3,A20001,CW-001,17,2,10890
OPENVENBILL_30153,cogs,40391,Koby Singletary,1944,BILL_30153,SZPM58410300,12,02-24-2025,2/24/2025,6.00,SZPM58410300 - Import SPS data by Invoice in NetSuite,3,A20001,CW-001,17,2,10891
OPENVENBILL_30154,cogs,40391,Koby Singletary,1944,BILL_30154,SZPM58410300,12,02-24-2025,2/24/2025,6.00,SZPM58410300 - Import SPS data by Invoice in NetSuite,3,A20001,CW-001,17,2,10892
OPENVENBILL_30155,cogs,40391,Koby Singletary,1944,BILL_30155,SZPM58410300,12,02-24-2025,2/24/2025,6.00,SZPM58410300 - Import SPS data by Invoice in NetSuite,3,A20001,CW-001,17,2,10893
OPENVENBILL_30156,cogs,40391,Koby Singletary,1944,BILL_30156,SZPM58410300,12,02-24-2025,2/24/2025,6.00,SZPM58410300 - Import SPS data by Invoice in NetSuite,3,A20001,CW-001,17,2,10894
OPENVENBILL_30157,cogs,40391,Koby Singletary,1944,BILL_30157,SZPM58410300,12,02-24-2025,2/24/2025,6.00,SZPM58410300 - Import SPS data by Invoice in NetSuite,3,A20001,CW-001,17,2,10895
OPENVENBILL_30158,cogs,40391,Koby Singletary,1944,BILL_30158,SZPM58410300,12,02-24-2025,2/24/2025,6.00,SZPM58410300 - Import SPS data by Invoice in NetSuite,3,A20001,CW-001,17,2,10896
OPENVENBILL_30159,cogs,40391,Koby Singletary,1944,BILL_30159,SZPM58410300,12,02-24-2025,2/24/2025,6.00,SZPM58410300 - Import SPS data by Invoice in NetSuite,3,A20001,CW-001,17,2,10897
OPENVENBILL_30160,cogs,40391,Koby Singletary,1944,BILL_30160,SZPM58410300,12,02-24-2025,2/24/2025,6.00,SZPM58410300 - Import SPS data by Invoice in NetSuite,3,A20001,CW-001,17,2,10898
OPENVENBILL_30161,cogs,40391,Koby Singletary,1944,BILL_30161,SZPM58410300,12,02-24-2025,2/24/2025,6.00,SZPM58410300 - Import SPS data by Invoice in NetSuite,3,A20001,CW-001,17,2,10899
OPENVENBILL_30162,cogs,40391,Koby Singletary,1944,BILL_30162,SZPM58410300,12,02-24-2025,2/24/2025,6.00,SZPM58410300 - Import SPS data by Invoice in NetSuite,3,A20001,CW-001,17,2,10900
OPENVENBILL_30163,cogs,40391,Koby Singletary,1944,BILL_30163,SZPM58410300,12,02-24-2025,2/24/2025,6.00,SZPM58410300 - Import SPS data by Invoice in NetSuite,3,A20001,CW-001,17,2,10901
OPENVENBILL_30164,cogs,40391,Koby Singletary,1944,BILL_30164,SZPM58410300,12,02-24-2025,2/24/2025,6.00,SZPM58410300 - Import SPS data by Invoice in NetSuite,3,A20001,CW-001,17,2,10902
OPENVENBILL_30165,cogs,40391,Koby Singletary,1944,BILL_30165,SZPM73195300,12,02-24-2025,2/24/2025,25.00,SZPM73195300 - Import SPS data by Invoice in NetSuite,3,A20001,CW-001,17,2,10903
OPENVENBILL_30166,cogs,40391,Koby Singletary,1944,BILL_30166,SZPM73195300,12,02-24-2025,2/24/2025,25.00,SZPM73195300 - Import SPS data by Invoice in NetSuite,3,A20001,CW-001,17,2,10904
OPENVENBILL_30167,cogs,40391,Koby Singletary,1944,BILL_30167,SZPM73195300,12,02-24-2025,2/24/2025,25.00,SZPM73195300 - Import SPS data by Invoice in NetSuite,3,A20001,CW-001,17,2,10905
OPENVENBILL_30168,cogs,40391,Koby Singletary,1944,BILL_30168,SZPM73195300,12,02-24-2025,2/24/2025,25.00,SZPM73195300 - Import SPS data by Invoice in NetSuite,3,A20001,CW-001,17,2,10906
OPENVENBILL_30169,cogs,40391,Koby Singletary,1944,BILL_30169,SZPM73195300,12,02-24-2025,2/24/2025,25.00,SZPM73195300 - Import SPS data by Invoice in NetSuite,3,A20001,CW-001,17,2,10907
OPENVENBILL_30170,cogs,40391,Koby Singletary,1944,BILL_30170,SZPM73195300,12,02-24-2025,2/24/2025,25.00,SZPM73195300 - Import SPS data by Invoice in NetSuite,3,A20001,CW-001,17,2,10908
OPENVENBILL_30171,cogs,40391,Koby Singletary,1944,BILL_30171,SZPM73195300,12,02-24-2025,2/24/2025,25.00,SZPM73195300 - Import SPS data by Invoice in NetSuite,3,A20001,CW-001,17,2,10909
OPENVENBILL_30172,cogs,40391,Koby Singletary,1944,BILL_30172,SZPM73195300,12,02-24-2025,2/24/2025,25.00,SZPM73195300 - Import SPS data by Invoice in NetSuite,3,A20001,CW-001,17,2,10910
OPENVENBILL_30173,cogs,40391,Koby Singletary,1944,BILL_30173,SZPM73195300,12,02-24-2025,2/24/2025,25.00,SZPM73195300 - Import SPS data by Invoice in NetSuite,3,A20001,CW-001,17,2,10911
OPENVENBILL_30174,cogs,40391,Koby Singletary,1944,BILL_30174,SZPM73195300,12,02-24-2025,2/24/2025,25.00,SZPM73195300 - Import SPS data by Invoice in NetSuite,3,A20001,CW-001,17,2,10912
OPENVENBILL_30175,cogs,40391,Koby Singletary,1944,BILL_30175,SZPM73195300,12,02-24-2025,2/24/2025,25.08,SZPM73195300 - Import SPS data by Invoice in NetSuite,3,A20001,CW-001,17,2,10913
OPENVENBILL_30176,cogs,40391,Koby Singletary,1944,BILL_30176,SZPM73195300,12,02-24-2025,2/24/2025,25.00,SZPM73195300 - Import SPS data by Invoice in NetSuite,3,A20001,CW-001,17,2,10914
OPENVENBILL_30177,cogs,40391,Koby Singletary,1944,BILL_30177,SZPM73195300,12,02-24-2025,2/24/2025,25.00,SZPM73195300 - Import SPS data by Invoice in NetSuite,3,A20001,CW-001,17,2,10915
OPENVENBILL_30178,cogs,40391,Luis Hernandez,1584,BILL_30178,###########################,27,05-29-2025,5/29/2025,3365.00,########################### - Import SPS data by Invoice in NetSuite,3,A20001,CW-001,17,2,10923
OPENVENBILL_30179,cogs,40391,Luis Hernandez,1584,BILL_30179,###########################,27,05-29-2025,5/29/2025,100.00,########################### - Import SPS data by Invoice in NetSuite,3,A20001,CW-001,17,2,10924
OPENVENBILL_30180,cogs,40391,Marvelous Surfaces,163,BILL_30180,Projects-2024,13,12-23-2024,12/23/2024,178.00,Projects-2024 - Import SPS data by Invoice in NetSuite,3,A20001,CW-001,17,2,10927
OPENVENBILL_30181,cogs,40391,Marvelous Surfaces,163,BILL_30181,Projects-2024,13,12-23-2024,12/23/2024,6808.00,Projects-2024 - Import SPS data by Invoice in NetSuite,3,A20001,CW-001,17,2,10928
OPENVENBILL_30182,cogs,40391,Marvelous Surfaces,163,BILL_30182,Projects-2024,13,12-23-2024,12/23/2024,178.00,Projects-2024 - Import SPS data by Invoice in NetSuite,3,A20001,CW-001,17,2,10929
OPENVENBILL_30183,cogs,40391,Marvelous Surfaces,163,BILL_30183,Projects-2024,13,12-23-2024,12/23/2024,395.50,Projects-2024 - Import SPS data by Invoice in NetSuite,3,A20001,CW-001,17,2,10930
OPENVENBILL_30184,cogs,40391,Marvelous Surfaces,163,BILL_30184,Projects-2024,13,12-23-2024,12/23/2024,1550.25,Projects-2024 - Import SPS data by Invoice in NetSuite,3,A20001,CW-001,17,2,10931
OPENVENBILL_30185,cogs,40391,Marvelous Surfaces,163,BILL_30185,Projects-2024,13,12-23-2024,12/23/2024,232.50,Projects-2024 - Import SPS data by Invoice in NetSuite,3,A20001,CW-001,17,2,10932
OPENVENBILL_30186,cogs,40391,Marvelous Surfaces,163,BILL_30186,Projects-2024,13,12-23-2024,12/23/2024,155.00,Projects-2024 - Import SPS data by Invoice in NetSuite,3,A20001,CW-001,17,2,10933
OPENVENBILL_30187,cogs,40391,Marvelous Surfaces,163,BILL_30187,Projects-2024,13,12-23-2024,12/23/2024,155.00,Projects-2024 - Import SPS data by Invoice in NetSuite,3,A20001,CW-001,17,2,10934
OPENVENBILL_30188,cogs,40391,Marvelous Surfaces,163,BILL_30188,Projects-2024,13,12-23-2024,12/23/2024,1642.07,Projects-2024 - Import SPS data by Invoice in NetSuite,3,A20001,CW-001,17,2,10935
OPENVENBILL_30189,cogs,40391,Marvelous Surfaces,163,BILL_30189,Projects-2024,13,12-23-2024,12/23/2024,232.50,Projects-2024 - Import SPS data by Invoice in NetSuite,3,A20001,CW-001,17,2,10936
OPENVENBILL_30190,cogs,40391,Marvelous Surfaces,163,BILL_30190,Projects-2024,13,12-23-2024,12/23/2024,124.00,Projects-2024 - Import SPS data by Invoice in NetSuite,3,A20001,CW-001,17,2,10937
OPENVENBILL_30191,cogs,40391,Marvelous Surfaces,163,BILL_30191,Projects-2024,13,12-23-2024,12/23/2024,7030.00,Projects-2024 - Import SPS data by Invoice in NetSuite,3,A20001,CW-001,17,2,10938
OPENVENBILL_30192,cogs,40391,Marvelous Surfaces,163,BILL_30192,Projects-2024,13,12-23-2024,12/23/2024,186.00,Projects-2024 - Import SPS data by Invoice in NetSuite,3,A20001,CW-001,17,2,10939
OPENVENBILL_30193,cogs,40391,Marvelous Surfaces,163,BILL_30193,Projects-2024,13,12-23-2024,12/23/2024,162.50,Projects-2024 - Import SPS data by Invoice in NetSuite,3,A20001,CW-001,17,2,10940
OPENVENBILL_30194,cogs,40391,MASOMEX GLOBAL,1266,BILL_30194,20240217,8,02-17-2024,2/17/2024,602.00,20240217 - Import SPS data by Invoice in NetSuite,3,A20001,CW-001,17,2,10941
OPENVENBILL_30195,cogs,40391,MASOMEX GLOBAL,1266,BILL_30195,20240217,8,02-17-2024,2/17/2024,111.90,20240217 - Import SPS data by Invoice in NetSuite,3,A20001,CW-001,17,2,10942
OPENVENBILL_30196,cogs,40391,MASOMEX GLOBAL,1266,BILL_30196,MMG/2024-25/10,14,01-01-2025,01/01/2025,36.00,MMG/2024-25/10 - Import SPS data by Invoice in NetSuite,3,A20001,CW-001,17,2,10943
OPENVENBILL_30197,cogs,40391,MASOMEX GLOBAL,1266,BILL_30197,MMG/2024-25/10,14,01-01-2025,01/01/2025,48.15,MMG/2024-25/10 - Import SPS data by Invoice in NetSuite,3,A20001,CW-001,17,2,10944
OPENVENBILL_30198,cogs,40391,MASOMEX GLOBAL,1266,BILL_30198,MMG/2024-25/10,14,01-01-2025,01/01/2025,56.45,MMG/2024-25/10 - Import SPS data by Invoice in NetSuite,3,A20001,CW-001,17,2,10945
OPENVENBILL_30199,cogs,40391,"MileStone Florim USA, Inc.",1962,BILL_30199,20250630,8,06-30-2025,6/30/2025,3008.32,20250630 - Import SPS data by Invoice in NetSuite,3,A20001,CW-001,17,2,10960
OPENVENBILL_30200,cogs,40391,MIRAGE GRANITO CERAMICO USA INC,1956,BILL_30200,25336/VE,8,08-01-2024,08/01/2024,1092.61,25336/VE - Import SPS data by Invoice in NetSuite,3,A20001,CW-001,17,2,10964
OPENVENBILL_30201,cogs,40391,MIRAGE GRANITO CERAMICO USA INC,1956,BILL_30201,25336/VE,8,08-01-2024,08/01/2024,1697.58,25336/VE - Import SPS data by Invoice in NetSuite,3,A20001,CW-001,17,2,10965
OPENVENBILL_30202,cogs,40391,MIRAGE GRANITO CERAMICO USA INC,1956,BILL_30202,48449/VE,8,12-04-2024,12/04/2024,1174.08,48449/VE - Import SPS data by Invoice in NetSuite,3,A20001,CW-001,17,2,10967
OPENVENBILL_30203,cogs,40391,MIRAGE GRANITO CERAMICO USA INC,1956,BILL_30203,48449/VE,8,12-04-2024,12/04/2024,3769.29,48449/VE - Import SPS data by Invoice in NetSuite,3,A20001,CW-001,17,2,10968
OPENVENBILL_30204,cogs,40391,MIRAGE GRANITO CERAMICO USA INC,1956,BILL_30204,48449/VE,8,12-04-2024,12/04/2024,5333.33,48449/VE - Import SPS data by Invoice in NetSuite,3,A20001,CW-001,17,2,10969
OPENVENBILL_30205,cogs,40391,MIRAGE GRANITO CERAMICO USA INC,1956,BILL_30205,266/VE,6,01-08-2025,01/08/2025,346.32,266/VE - Import SPS data by Invoice in NetSuite,3,A20001,CW-001,17,2,10970
OPENVENBILL_30206,cogs,40391,MIRAGE GRANITO CERAMICO USA INC,1956,BILL_30206,266/VE,6,01-08-2025,01/08/2025,6350.40,266/VE - Import SPS data by Invoice in NetSuite,3,A20001,CW-001,17,2,10971
OPENVENBILL_30207,cogs,40391,MIRAGE GRANITO CERAMICO USA INC,1956,BILL_30207,266/VE,6,01-08-2025,01/08/2025,371.07,266/VE - Import SPS data by Invoice in NetSuite,3,A20001,CW-001,17,2,10972
OPENVENBILL_30208,cogs,40391,MIRAGE GRANITO CERAMICO USA INC,1956,BILL_30208,266/VE,6,01-08-2025,01/08/2025,6649.38,266/VE - Import SPS data by Invoice in NetSuite,3,A20001,CW-001,17,2,10973
OPENVENBILL_30209,cogs,40391,MIRAGE GRANITO CERAMICO USA INC,1956,BILL_30209,1200/VE,7,01-14-2025,1/14/2025,2627.34,1200/VE - Import SPS data by Invoice in NetSuite,3,A20001,CW-001,17,2,10974
OPENVENBILL_30210,cogs,40391,MIRAGE GRANITO CERAMICO USA INC,1956,BILL_30210,1200/VE,7,01-14-2025,1/14/2025,9132.48,1200/VE - Import SPS data by Invoice in NetSuite,3,A20001,CW-001,17,2,10975
OPENVENBILL_30211,cogs,40391,MIRAGE GRANITO CERAMICO USA INC,1956,BILL_30211,1200/VE,7,01-14-2025,1/14/2025,3529.98,1200/VE - Import SPS data by Invoice in NetSuite,3,A20001,CW-001,17,2,10976
OPENVENBILL_30212,cogs,40391,MIRAGE GRANITO CERAMICO USA INC,1956,BILL_30212,1200/VE,7,01-14-2025,1/14/2025,4233.60,1200/VE - Import SPS data by Invoice in NetSuite,3,A20001,CW-001,17,2,10977
OPENVENBILL_30213,cogs,40391,MIRAGE GRANITO CERAMICO USA INC,1956,BILL_30213,7130/VE,7,02-21-2025,2/21/2025,15762.60,7130/VE - Import SPS data by Invoice in NetSuite,3,A20001,CW-001,17,2,10979
OPENVENBILL_30214,cogs,40391,MIRAGE GRANITO CERAMICO USA INC,1956,BILL_30214,7130/VE,7,02-21-2025,2/21/2025,1247.40,7130/VE - Import SPS data by Invoice in NetSuite,3,A20001,CW-001,17,2,10980
OPENVENBILL_30215,cogs,40391,MIRAGE GRANITO CERAMICO USA INC,1956,BILL_30215,15341/VE,8,04-10-2025,04/10/2025,3175.20,15341/VE - Import SPS data by Invoice in NetSuite,3,A20001,CW-001,17,2,10984
OPENVENBILL_30216,cogs,40391,MIRAGE GRANITO CERAMICO USA INC,1956,BILL_30216,15341/VE,8,04-10-2025,04/10/2025,9525.60,15341/VE - Import SPS data by Invoice in NetSuite,3,A20001,CW-001,17,2,10985
OPENVENBILL_30217,cogs,40391,MIRAGE GRANITO CERAMICO USA INC,1956,BILL_30217,15341/VE,8,04-10-2025,04/10/2025,636.85,15341/VE - Import SPS data by Invoice in NetSuite,3,A20001,CW-001,17,2,10986
OPENVENBILL_30218,cogs,40391,MIRAGE GRANITO CERAMICO USA INC,1956,BILL_30218,21576/VE,8,05-19-2025,5/19/2025,3880.80,21576/VE - Import SPS data by Invoice in NetSuite,3,A20001,CW-001,17,2,10989
OPENVENBILL_30219,cogs,40391,MIRAGE GRANITO CERAMICO USA INC,1956,BILL_30219,21576/VE,8,05-19-2025,5/19/2025,2646.00,21576/VE - Import SPS data by Invoice in NetSuite,3,A20001,CW-001,17,2,10990
OPENVENBILL_30220,cogs,40391,MIRAGE GRANITO CERAMICO USA INC,1956,BILL_30220,20250630,8,06-30-2025,6/30/2025,456.50,20250630 - Import SPS data by Invoice in NetSuite,3,A20001,CW-001,17,2,10994
OPENVENBILL_30221,cogs,40391,Pantarei S.R.L,1280,BILL_30221,4,1,01-23-2024,1/23/2024,893.72,4 - Import SPS data by Invoice in NetSuite,3,A20001,CW-001,17,2,11038
OPENVENBILL_30222,cogs,40391,Pantarei S.R.L,1280,BILL_30222,4,1,01-23-2024,1/23/2024,1129.95,4 - Import SPS data by Invoice in NetSuite,3,A20001,CW-001,17,2,11039
OPENVENBILL_30223,cogs,40391,Richwood Hospitality Co. LTD,1285,BILL_30223,GV047,5,01-22-2025,1/22/2025,17.04,GV047 - Import SPS data by Invoice in NetSuite,3,A20001,CW-001,17,2,11102
OPENVENBILL_30224,cogs,40391,Richwood Hospitality Co. LTD,1285,BILL_30224,GV047,5,01-22-2025,1/22/2025,60.00,GV047 - Import SPS data by Invoice in NetSuite,3,A20001,CW-001,17,2,11103
OPENVENBILL_30225,cogs,40391,Richwood Hospitality Co. LTD,1285,BILL_30225,SR151-9,7,01-22-2025,1/22/2025,4348.37,SR151-9 - Import SPS data by Invoice in NetSuite,3,A20001,CW-001,17,2,11104
OPENVENBILL_30226,cogs,40391,Richwood Hospitality Co. LTD,1285,BILL_30226,SR151-9,7,01-22-2025,1/22/2025,726.00,SR151-9 - Import SPS data by Invoice in NetSuite,3,A20001,CW-001,17,2,11105
OPENVENBILL_30227,cogs,40391,Richwood Hospitality Co. LTD,1285,BILL_30227,SR307-2,7,05-12-2025,05/12/2025,1554.00,SR307-2 - Import SPS data by Invoice in NetSuite,3,A20001,CW-001,17,2,11184
OPENVENBILL_30228,cogs,40391,Richwood Hospitality Co. LTD,1285,BILL_30228,SR307-2,7,05-12-2025,05/12/2025,965.00,SR307-2 - Import SPS data by Invoice in NetSuite,3,A20001,CW-001,17,2,11185
OPENVENBILL_30229,cogs,40391,Richwood Hospitality Co. LTD,1285,BILL_30229,SR307-2,7,05-12-2025,05/12/2025,1794.00,SR307-2 - Import SPS data by Invoice in NetSuite,3,A20001,CW-001,17,2,11186
OPENVENBILL_30230,cogs,40391,Richwood Hospitality Co. LTD,1285,BILL_30230,SR307-2,7,05-12-2025,05/12/2025,6187.00,SR307-2 - Import SPS data by Invoice in NetSuite,3,A20001,CW-001,17,2,11187
OPENVENBILL_30231,cogs,40391,Richwood Hospitality Co. LTD,1285,BILL_30231,SR173-5K,8,05-18-2025,5/18/2025,2600.00,SR173-5K - Import SPS data by Invoice in NetSuite,3,A20001,CW-001,17,2,11192
OPENVENBILL_30232,cogs,40391,Richwood Hospitality Co. LTD,1285,BILL_30232,SR173-5K,8,05-18-2025,5/18/2025,2600.00,SR173-5K - Import SPS data by Invoice in NetSuite,3,A20001,CW-001,17,2,11193
OPENVENBILL_30233,cogs,40391,Richwood Hospitality Co. LTD,1285,BILL_30233,SR173-5K,8,05-18-2025,5/18/2025,2600.00,SR173-5K - Import SPS data by Invoice in NetSuite,3,A20001,CW-001,17,2,11194
OPENVENBILL_30234,cogs,40391,Richwood Hospitality Co. LTD,1285,BILL_30234,SR173-5K,8,05-18-2025,5/18/2025,2600.00,SR173-5K - Import SPS data by Invoice in NetSuite,3,A20001,CW-001,17,2,11195
OPENVENBILL_30235,cogs,40391,Richwood Hospitality Co. LTD,1285,BILL_30235,SR273-52,8,05-28-2025,5/28/2025,5334.22,SR273-52 - Import SPS data by Invoice in NetSuite,3,A20001,CW-001,17,2,11206
OPENVENBILL_30236,cogs,40391,Richwood Hospitality Co. LTD,1285,BILL_30236,SR273-52,8,05-30-2025,5/30/2025,7201.53,SR273-52 - Import SPS data by Invoice in NetSuite,3,A20001,CW-001,17,2,11208
OPENVENBILL_30237,cogs,40391,Richwood Hospitality Co. LTD,1285,BILL_30237,SR273-52,8,05-30-2025,5/30/2025,13971.54,SR273-52 - Import SPS data by Invoice in NetSuite,3,A20001,CW-001,17,2,11209
OPENVENBILL_30238,cogs,40391,Richwood Hospitality Co. LTD,1285,BILL_30238,20250630,8,06-30-2025,6/30/2025,6669.00,20250630 - Import SPS data by Invoice in NetSuite,3,A20001,CW-001,17,2,11223
OPENVENBILL_30239,cogs,40391,"Sponge Cushion, Inc.",1541,BILL_30239,20250630,8,06-30-2025,6/30/2025,1497.60,20250630 - Import SPS data by Invoice in NetSuite,3,A20001,CW-001,17,2,11242
OPENVENBILL_30240,cogs,40391,TransCeramica-4042,1290,BILL_30240,20250630,8,06-30-2025,6/30/2025,3756.61,20250630 - Import SPS data by Invoice in NetSuite,3,A20001,CW-001,17,2,11258
OPENVENBILL_30241,cogs,40391,Wall&deco s.r.l,2362,BILL_30241,20250630,8,06-30-2025,6/30/2025,2505.11,20250630 - Import SPS data by Invoice in NetSuite,3,A20001,CW-001,17,2,11278
OPENVENBILL_30242,cogs,40391,ZBOM Cabinets Corp.,1297,BILL_30242,ZB202410026USA,14,06-30-2025,6/30/2025,19481.94,ZB202410026USA - Import SPS data by Invoice in NetSuite,3,A20001,CW-001,17,2,11314
OPENVENBILL_30243,cogs,40391,ZBOM Cabinets Corp.,1297,BILL_30243,ZB202410026USA,14,06-30-2025,6/30/2025,8605.98,ZB202410026USA - Import SPS data by Invoice in NetSuite,3,A20001,CW-001,17,2,11315
OPENVENBILL_30244,cogs,40391,"AGM Tools, Inc.",42,BILL_30244,20250630,8,06-30-2025,6/30/2025,391.50,20250630 - Import SPS data by Invoice in NetSuite,3,A20001,CW-001,17,2,11316
OPENVENBILL_30245,cogs,40391,Aluguard,48,BILL_30245,KV20230920P01,13,02-14-2024,2/14/2024,3350.88,KV20230920P01 - Import SPS data by Invoice in NetSuite,3,A20001,CW-001,17,2,11317
OPENVENBILL_30246,cogs,40391,Aluguard,48,BILL_30246,KV20230920P01,13,07-29-2024,7/29/2024,21942.74,KV20230920P01 - Import SPS data by Invoice in NetSuite,3,A20001,CW-001,17,2,11318
OPENVENBILL_30247,cogs,40391,ATLAS CONCORDE S.p.A,1232,BILL_30247,9197/VE,7,02-20-2025,2/20/2025,12145.04,9197/VE - Import SPS data by Invoice in NetSuite,3,A20001,CW-001,17,2,11319
OPENVENBILL_30248,cogs,40391,ATLAS CONCORDE S.p.A,1232,BILL_30248,9197/VE,7,02-20-2025,2/20/2025,5884.79,9197/VE - Import SPS data by Invoice in NetSuite,3,A20001,CW-001,17,2,11320
OPENVENBILL_30249,cogs,40391,ATLAS CONCORDE S.p.A,1232,BILL_30249,9197/VE,7,02-20-2025,2/20/2025,10886.40,9197/VE - Import SPS data by Invoice in NetSuite,3,A20001,CW-001,17,2,11321
OPENVENBILL_30250,cogs,40391,ATLAS CONCORDE S.p.A,1232,BILL_30250,16430/VE,8,03-26-2025,3/26/2025,1091.61,16430/VE - Import SPS data by Invoice in NetSuite,3,A20001,CW-001,17,2,11322
OPENVENBILL_30251,cogs,40391,ATLAS CONCORDE S.p.A,1232,BILL_30251,16430/VE,8,03-26-2025,3/26/2025,3387.60,16430/VE - Import SPS data by Invoice in NetSuite,3,A20001,CW-001,17,2,11323
OPENVENBILL_30252,cogs,40391,ATLAS CONCORDE S.p.A,1232,BILL_30252,16430/VE,8,03-26-2025,3/26/2025,7272.72,16430/VE - Import SPS data by Invoice in NetSuite,3,A20001,CW-001,17,2,11324
OPENVENBILL_30253,cogs,40391,ATLAS CONCORDE S.p.A,1232,BILL_30253,16430/VE,8,03-26-2025,3/26/2025,8424.00,16430/VE - Import SPS data by Invoice in NetSuite,3,A20001,CW-001,17,2,11325
OPENVENBILL_30254,cogs,40391,ATLAS CONCORDE S.p.A,1232,BILL_30254,16430/VE,8,03-26-2025,3/26/2025,1814.40,16430/VE - Import SPS data by Invoice in NetSuite,3,A20001,CW-001,17,2,11326
OPENVENBILL_30255,cogs,40391,ATLAS CONCORDE S.p.A,1232,BILL_30255,20698/VE,8,04-15-2025,4/15/2025,18017.29,20698/VE - Import SPS data by Invoice in NetSuite,3,A20001,CW-001,17,2,11327
OPENVENBILL_30256,cogs,40391,ATLAS CONCORDE S.p.A,1232,BILL_30256,20698/VE,8,04-15-2025,4/15/2025,4103.41,20698/VE - Import SPS data by Invoice in NetSuite,3,A20001,CW-001,17,2,11328
OPENVENBILL_30257,cogs,40391,ATLAS CONCORDE S.p.A,1232,BILL_30257,22487/VE,8,04-24-2025,4/24/2025,907.20,22487/VE - Import SPS data by Invoice in NetSuite,3,A20001,CW-001,17,2,11329
OPENVENBILL_30258,cogs,40391,ATLAS CONCORDE S.p.A,1232,BILL_30258,22487/VE,8,04-24-2025,4/24/2025,17686.08,22487/VE - Import SPS data by Invoice in NetSuite,3,A20001,CW-001,17,2,11330
OPENVENBILL_30259,cogs,40391,ATLAS CONCORDE S.p.A,1232,BILL_30259,20250630,8,06-30-2025,6/30/2025,5183.82,20250630 - Import SPS data by Invoice in NetSuite,3,A20001,CW-001,17,2,11331
OPENVENBILL_30260,cogs,40391,"Beijing Topli Decorative Materials Co., LTD",1233,BILL_30260,241024USA-836,13,11-01-2024,11/01/2024,102.00,241024USA-836 - Import SPS data by Invoice in NetSuite,3,A20001,CW-001,17,2,11332
OPENVENBILL_30261,cogs,40391,"Beijing Topli Decorative Materials Co., LTD",1233,BILL_30261,241024USA-836,13,11-01-2024,11/01/2024,2141.39,241024USA-836 - Import SPS data by Invoice in NetSuite,3,A20001,CW-001,17,2,11333
OPENVENBILL_30262,cogs,40391,"Beijing Topli Decorative Materials Co., LTD",1233,BILL_30262,241024USA-836,13,11-01-2024,11/01/2024,138.00,241024USA-836 - Import SPS data by Invoice in NetSuite,3,A20001,CW-001,17,2,11334
OPENVENBILL_30263,cogs,40391,"Beijing Topli Decorative Materials Co., LTD",1233,BILL_30263,20250630,8,06-30-2025,6/30/2025,5322.42,20250630 - Import SPS data by Invoice in NetSuite,3,A20001,CW-001,17,2,11335
OPENVENBILL_30264,cogs,40391,"Cambodian Zulite Stone Co., Ltd.",1237,BILL_30264,GV2024001,9,04-01-2025,04/01/2025,10090.29,GV2024001 - Import SPS data by Invoice in NetSuite,3,A20001,CW-001,17,2,11336
OPENVENBILL_30265,cogs,40391,"Cambodian Zulite Stone Co., Ltd.",1237,BILL_30265,GV2024001,9,04-01-2025,04/01/2025,48411.46,GV2024001 - Import SPS data by Invoice in NetSuite,3,A20001,CW-001,17,2,11337
OPENVENBILL_30266,cogs,40391,"Cambodian Zulite Stone Co., Ltd.",1237,BILL_30266,GV2025003-Balance,17,04-03-2025,04/03/2025,2025.00,GV2025003-Balance - Import SPS data by Invoice in NetSuite,3,A20001,CW-001,17,2,11338
OPENVENBILL_30267,cogs,40391,"Cambodian Zulite Stone Co., Ltd.",1237,BILL_30267,GV2025003-Balance,17,04-03-2025,04/03/2025,3780.00,GV2025003-Balance - Import SPS data by Invoice in NetSuite,3,A20001,CW-001,17,2,11339
OPENVENBILL_30268,cogs,40391,CERAMICA REFIN SPA -ITALY,1238,BILL_30268,4864/VE,7,04-15-2025,4/15/2025,63.18,4864/VE - Import SPS data by Invoice in NetSuite,3,A20001,CW-001,17,2,11340
OPENVENBILL_30269,cogs,40391,CERAMICA REFIN SPA -ITALY,1238,BILL_30269,4864/VE,7,04-15-2025,4/15/2025,627.75,4864/VE - Import SPS data by Invoice in NetSuite,3,A20001,CW-001,17,2,11341
OPENVENBILL_30270,cogs,40391,CERAMICA REFIN SPA -ITALY,1238,BILL_30270,4864/VE,7,04-15-2025,4/15/2025,23231.25,4864/VE - Import SPS data by Invoice in NetSuite,3,A20001,CW-001,17,2,11342
OPENVENBILL_30271,cogs,40391,Dal Tile,1540,BILL_30271,20250630,8,06-30-2025,6/30/2025,4947.98,20250630 - Import SPS data by Invoice in NetSuite,3,A20001,CW-001,17,2,11343
OPENVENBILL_30272,cogs,40391,Easy Stones,1244,BILL_30272,112294,6,05-21-2025,5/21/2025,1381.31,112294 - Import SPS data by Invoice in NetSuite,3,A20001,CW-001,17,2,11344
OPENVENBILL_30273,cogs,40391,Easy Stones,1244,BILL_30273,112294,6,05-21-2025,5/21/2025,395.39,112294 - Import SPS data by Invoice in NetSuite,3,A20001,CW-001,17,2,11345
OPENVENBILL_30274,cogs,40391,EMIL AMERICA,1244,BILL_30274,20250630,8,06-30-2025,6/30/2025,8911.78,20250630 - Import SPS data by Invoice in NetSuite,3,A20001,CW-001,17,2,11346
OPENVENBILL_30275,cogs,40391,Fama,1248,BILL_30275,22533263-E,10,05-14-2025,5/14/2025,28625.52,22533263-E - Import SPS data by Invoice in NetSuite,3,A20001,CW-001,17,2,11347
OPENVENBILL_30276,cogs,40391,Fama,1248,BILL_30276,22533263-E,10,05-14-2025,5/14/2025,4133.26,22533263-E - Import SPS data by Invoice in NetSuite,3,A20001,CW-001,17,2,11348
OPENVENBILL_30277,cogs,40391,Fama,1248,BILL_30277,22533488-E,10,05-23-2025,5/23/2025,29426.30,22533488-E - Import SPS data by Invoice in NetSuite,3,A20001,CW-001,17,2,11349
OPENVENBILL_30278,cogs,40391,Fama,1248,BILL_30278,22533488-E,10,05-23-2025,5/23/2025,4262.00,22533488-E - Import SPS data by Invoice in NetSuite,3,A20001,CW-001,17,2,11350
OPENVENBILL_30279,cogs,40391,Fama,1248,BILL_30279,22534127-E,10,06-18-2025,6/18/2025,29225.08,22534127-E - Import SPS data by Invoice in NetSuite,3,A20001,CW-001,17,2,11351
OPENVENBILL_30280,cogs,40391,Fama,1248,BILL_30280,22534127-E,10,06-18-2025,6/18/2025,19078.82,22534127-E - Import SPS data by Invoice in NetSuite,3,A20001,CW-001,17,2,11352
OPENVENBILL_30281,cogs,40391,Fama,1248,BILL_30281,22534127-E,10,06-18-2025,6/18/2025,6327.94,22534127-E - Import SPS data by Invoice in NetSuite,3,A20001,CW-001,17,2,11353
OPENVENBILL_30282,cogs,40391,FPD SHPK,1252,BILL_30282,20250630,8,06-30-2025,6/30/2025,1917.00,20250630 - Import SPS data by Invoice in NetSuite,3,A20001,CW-001,17,2,11354
OPENVENBILL_30283,cogs,40391,GIBAM SHOPS SPA,1253,BILL_30283,2024-FE-0000267,15,07-31-2024,7/31/2024,156.80,2024-FE-0000267 - Import SPS data by Invoice in NetSuite,3,A20001,CW-001,17,2,11355
OPENVENBILL_30284,cogs,40391,GIBAM SHOPS SPA,1253,BILL_30284,2024-FE-0000267,15,07-31-2024,7/31/2024,6275.92,2024-FE-0000267 - Import SPS data by Invoice in NetSuite,3,A20001,CW-001,17,2,11356
OPENVENBILL_30285,cogs,40391,GIBAM SHOPS SPA,1253,BILL_30285,2024-FE-0000267,15,07-31-2024,7/31/2024,284.08,2024-FE-0000267 - Import SPS data by Invoice in NetSuite,3,A20001,CW-001,17,2,11357
OPENVENBILL_30286,cogs,40391,GIBAM SHOPS SPA,1253,BILL_30286,2024-FE-0000267,15,07-31-2024,7/31/2024,461.22,2024-FE-0000267 - Import SPS data by Invoice in NetSuite,3,A20001,CW-001,17,2,11358
OPENVENBILL_30287,cogs,40391,GIBAM SHOPS SPA,1253,BILL_30287,2024-FE-0000267,15,07-31-2024,7/31/2024,7612.74,2024-FE-0000267 - Import SPS data by Invoice in NetSuite,3,A20001,CW-001,17,2,11359
OPENVENBILL_30288,cogs,40391,GIBAM SHOPS SPA,1253,BILL_30288,2024-FE-0000362,15,10-28-2024,10/28/2024,1122.80,2024-FE-0000362 - Import SPS data by Invoice in NetSuite,3,A20001,CW-001,17,2,11360
OPENVENBILL_30289,cogs,40391,GIBAM SHOPS SPA,1253,BILL_30289,2024-FE-0000362,15,11-01-2024,11/01/2024,2240.38,2024-FE-0000362 - Import SPS data by Invoice in NetSuite,3,A20001,CW-001,17,2,11361
OPENVENBILL_30290,cogs,40391,GIBAM SHOPS SPA,1253,BILL_30290,2024-FE-0000451,15,12-18-2024,12/18/2024,5634.45,2024-FE-0000451 - Import SPS data by Invoice in NetSuite,3,A20001,CW-001,17,2,11362
OPENVENBILL_30291,cogs,40391,GIBAM SHOPS SPA,1253,BILL_30291,2024-FE-0000451,15,12-18-2024,12/18/2024,27532.51,2024-FE-0000451 - Import SPS data by Invoice in NetSuite,3,A20001,CW-001,17,2,11363
OPENVENBILL_30292,cogs,40391,Graniti Vicentia ,2936,BILL_30292,20250630,8,06-30-2025,6/30/2025,1191.52,20250630 - Import SPS data by Invoice in NetSuite,3,A20001,CW-001,17,2,11364
OPENVENBILL_30293,cogs,40391,GREEN RIVER INTL INC,1255,BILL_30293,"SR393-4,SR393-4S,SR410-3,",25,10-01-2024,10/01/2024,450.51,"SR393-4,SR393-4S,SR410-3, - Import SPS data by Invoice in NetSuite",3,A20001,CW-001,17,2,11365
OPENVENBILL_30294,cogs,40391,GREEN RIVER INTL INC,1255,BILL_30294,"SR393-4,SR393-4S,SR410-3,",25,10-01-2024,10/01/2024,6080.00,"SR393-4,SR393-4S,SR410-3, - Import SPS data by Invoice in NetSuite",3,A20001,CW-001,17,2,11366
OPENVENBILL_30295,cogs,40391,HARMONY HOSPITALITY CO LTD,2517,BILL_30295,GV048,5,05-27-2025,5/27/2025,49275.00,GV048 - Import SPS data by Invoice in NetSuite,3,A20001,CW-001,17,2,11367
OPENVENBILL_30296,cogs,40391,HARMONY HOSPITALITY CO LTD,2517,BILL_30296,SR273-41,8,05-30-2025,5/30/2025,16756.20,SR273-41 - Import SPS data by Invoice in NetSuite,3,A20001,CW-001,17,2,11368
OPENVENBILL_30297,cogs,40391,HARMONY HOSPITALITY CO LTD,2517,BILL_30297,SR273-41,8,05-30-2025,5/30/2025,32181.45,SR273-41 - Import SPS data by Invoice in NetSuite,3,A20001,CW-001,17,2,11369
OPENVENBILL_30298,cogs,40391,HARMONY HOSPITALITY CO LTD,2517,BILL_30298,SR382-4,7,05-30-2025,5/30/2025,32513.00,SR382-4 - Import SPS data by Invoice in NetSuite,3,A20001,CW-001,17,2,11370
OPENVENBILL_30299,cogs,40391,HARMONY HOSPITALITY CO LTD,2517,BILL_30299,SR382-4P2,9,05-30-2025,5/30/2025,14271.55,SR382-4P2 - Import SPS data by Invoice in NetSuite,3,A20001,CW-001,17,2,11371
OPENVENBILL_30300,cogs,40391,HARMONY HOSPITALITY CO LTD,2517,BILL_30300,SR410-9,7,05-30-2025,5/30/2025,22719.51,SR410-9 - Import SPS data by Invoice in NetSuite,3,A20001,CW-001,17,2,11372
OPENVENBILL_30301,cogs,40391,HARMONY HOSPITALITY CO LTD,2517,BILL_30301,SR410-9,7,05-30-2025,5/30/2025,14393.91,SR410-9 - Import SPS data by Invoice in NetSuite,3,A20001,CW-001,17,2,11373
OPENVENBILL_30302,cogs,40391,HARMONY HOSPITALITY CO LTD,2517,BILL_30302,SR410-9,7,05-30-2025,5/30/2025,673.08,SR410-9 - Import SPS data by Invoice in NetSuite,3,A20001,CW-001,17,2,11374
OPENVENBILL_30303,cogs,40391,HARMONY HOSPITALITY CO LTD,2517,BILL_30303,SR410-9,7,05-30-2025,5/30/2025,12145.32,SR410-9 - Import SPS data by Invoice in NetSuite,3,A20001,CW-001,17,2,11375
OPENVENBILL_30304,cogs,40391,HARMONY HOSPITALITY CO LTD,2517,BILL_30304,SR382-4,7,06-23-2025,6/23/2025,6646.20,SR382-4 - Import SPS data by Invoice in NetSuite,3,A20001,CW-001,17,2,11376
OPENVENBILL_30305,cogs,40391,HARMONY HOSPITALITY CO LTD,2517,BILL_30305,SR382-4P2,9,06-23-2025,6/23/2025,4053.00,SR382-4P2 - Import SPS data by Invoice in NetSuite,3,A20001,CW-001,17,2,11377
OPENVENBILL_30306,cogs,40391,HARMONY HOSPITALITY CO LTD,2517,BILL_30306,SR382-4P2,9,06-23-2025,6/23/2025,5862.85,SR382-4P2 - Import SPS data by Invoice in NetSuite,3,A20001,CW-001,17,2,11378
OPENVENBILL_30307,cogs,40391,HARMONY HOSPITALITY CO LTD,2517,BILL_30307,GV048,5,06-27-2025,6/27/2025,3555.21,GV048 - Import SPS data by Invoice in NetSuite,3,A20001,CW-001,17,2,11379
OPENVENBILL_30308,cogs,40391,HARMONY HOSPITALITY CO LTD,2517,BILL_30308,SR395-5,7,06-27-2025,6/27/2025,2458.15,SR395-5 - Import SPS data by Invoice in NetSuite,3,A20001,CW-001,17,2,11380
OPENVENBILL_30309,cogs,40391,HARMONY HOSPITALITY CO LTD,2517,BILL_30309,SR395-5,7,06-27-2025,6/27/2025,4388.40,SR395-5 - Import SPS data by Invoice in NetSuite,3,A20001,CW-001,17,2,11381
OPENVENBILL_30310,cogs,40391,HARMONY HOSPITALITY CO LTD,2517,BILL_30310,20250630,8,06-30-2025,6/30/2025,1320.00,20250630 - Import SPS data by Invoice in NetSuite,3,A20001,CW-001,17,2,11382
OPENVENBILL_30311,cogs,40391,Hollywood Bed & Spring Co.,1256,BILL_30311,20250630,8,06-30-2025,6/30/2025,13564.65,20250630 - Import SPS data by Invoice in NetSuite,3,A20001,CW-001,17,2,11383
