External ID,Item ,Item ID,Date,Transaction#,Invoice#,Location,Location ID,Subsidiary ID,Type,Description,Memo,Party,Vendor ID,Debit,Credit Amount,Balance,SPS,NetSuite,Serial lot no.,Bin id
BILL-43919,Item (Revenue/COGS),40391,07/01/2025,43919,SR412-2,GV,2,3,SupplierInvoice,Imports from SPS ,SR412-2-SupplierInvoice,Richwood Hospitality Co. LTD,1285,,6784.96,"($20,74,629.47)",Yes,No,BILLJULY2025,17
BILL-46779D,Item (Revenue/COGS),40391,07/01/2025,46779D,SR151-10,GV,2,3,SupplierInvoice,Imports from SPS ,SR151-10-SupplierInvoice,HARMONY HOSPITALITY CO LTD,2517,,46332.04,"($21,20,961.51)",Yes,No,BILLJULY2025,17
BILL-46779E,Item (Revenue/COGS),40391,07/01/2025,46779E,SR151-10,GV,2,3,SupplierInvoice,Imports from SPS ,SR151-10-SupplierInvoice,HARMONY HOSPITALITY CO LTD,2517,,39383.34,"($21,60,344.85)",Yes,No,BILLJULY2025,17
BILL-46779F,Item (Revenue/COGS),40391,07/01/2025,46779F,SR151-10,GV,2,3,SupplierInvoice,Imports from SPS ,SR151-10-SupplierInvoice,HARMONY HOSPITALITY CO LTD,2517,,47598.07,"($22,07,942.92)",Yes,No,BILLJULY2025,17
BILL-44418F,Item (Revenue/COGS),40391,07/02/2025,44418F,SR151-10,GV,2,3,SupplierInvoice,Imports from SPS ,SR151-10-SupplierInvoice,Richwood Hospitality Co. LTD,1285,,3626,"($22,11,568.92)",Yes,No,BILLJULY2025,17
BILL-44418G,Item (Revenue/COGS),40391,07/02/2025,44418G,SR151-10,GV,2,3,SupplierInvoice,Imports from SPS ,SR151-10-SupplierInvoice,Richwood Hospitality Co. LTD,1285,,2254,"($22,13,822.92)",Yes,No,BILLJULY2025,17
BILL-44418H,Item (Revenue/COGS),40391,07/02/2025,44418H,SR151-10,GV,2,3,SupplierInvoice,Imports from SPS ,SR151-10-SupplierInvoice,Richwood Hospitality Co. LTD,1285,,57720.97,"($22,71,543.89)",Yes,No,BILLJULY2025,17
BILL-44698,Item (Revenue/COGS),40391,07/02/2025,44698,SR151-10,GV,2,3,SupplierInvoice,Imports from SPS ,SR151-10-SupplierInvoice,Richwood Hospitality Co. LTD,1285,,51958.22,"($23,23,502.11)",Yes,No,BILLJULY2025,17
BILL-44698C,Item (Revenue/COGS),40391,07/02/2025,44698C,SR151-10,GV,2,3,SupplierInvoice,Imports from SPS ,SR151-10-SupplierInvoice,Richwood Hospitality Co. LTD,1285,,51764.04,"($23,75,266.15)",Yes,No,BILLJULY2025,17
BILL-44698D,Item (Revenue/COGS),40391,07/02/2025,44698D,SR151-10,GV,2,3,SupplierInvoice,Imports from SPS ,SR151-10-SupplierInvoice,Richwood Hospitality Co. LTD,1285,,51958.22,"($24,27,224.37)",Yes,No,BILLJULY2025,17
BILL-44698E,Item (Revenue/COGS),40391,07/02/2025,44698E,SR151-10,GV,2,3,SupplierInvoice,Imports from SPS ,SR151-10-SupplierInvoice,Richwood Hospitality Co. LTD,1285,,40716.25,"($24,67,940.62)",Yes,No,BILLJULY2025,17
BILL-43344,Item (Revenue/COGS),40391,07/03/2025,43344,SR173-5PC,GV,2,3,SupplierInvoice,Imports from SPS ,SR173-5PC-SupplierInvoice,HARMONY HOSPITALITY CO LTD,2517,,20234.4,"($24,88,175.02)",Yes,No,BILLJULY2025,17
BILL-44504B,Item (Revenue/COGS),40391,07/03/2025,44504B,8118121367,GV,2,3,SupplierInvoice,Imports from SPS ,8118121367-SupplierInvoice,GRESDEA,1961,,15801.36,"($25,03,976.38)",Yes,No,BILLJULY2025,17
BILL-45813,Item (Revenue/COGS),40391,07/03/2025,45813,SR173-5PM,GV,2,3,SupplierInvoice,Imports from SPS ,SR173-5PM-SupplierInvoice,HARMONY HOSPITALITY CO LTD,2517,,37963.9,"($25,41,940.28)",Yes,No,BILLJULY2025,17
BILL-45866,Item (Revenue/COGS),40391,07/03/2025,45866,GV2025019-B,GV,2,3,SupplierInvoice,Imports from SPS ,GV2025019-B-SupplierInvoice,"Xiamen Deyuan Panmin Trading Co., LTD",1295,,50,"($25,41,990.28)",Yes,No,BILLJULY2025,17
BILL-40915B,Item (Revenue/COGS),40391,07/09/2025,40915B,SR273-41P2,GV,2,3,SupplierInvoice,Imports from SPS ,SR273-41P2-SupplierInvoice,HARMONY HOSPITALITY CO LTD,2517,,6134.1,"($25,48,124.38)",Yes,No,BILLJULY2025,17
BILL-40918C,Item (Revenue/COGS),40391,07/09/2025,40918C,SR273-41,GV,2,3,SupplierInvoice,Imports from SPS ,SR273-41-SupplierInvoice,HARMONY HOSPITALITY CO LTD,2517,,6160,"($25,54,284.38)",Yes,No,BILLJULY2025,17
BILL-42365B,Item (Revenue/COGS),40391,07/09/2025,42365B,SR382-4P2,GV,2,3,SupplierInvoice,Imports from SPS ,SR382-4P2-SupplierInvoice,HARMONY HOSPITALITY CO LTD,2517,,601,"($25,54,885.38)",Yes,No,BILLJULY2025,17
BILL-42404,Item (Revenue/COGS),40391,07/09/2025,42404,SR382-3,GV,2,3,SupplierInvoice,Imports from SPS ,SR382-3-SupplierInvoice,HARMONY HOSPITALITY CO LTD,2517,,5806.45,"($25,60,691.83)",Yes,No,BILLJULY2025,17
BILL-45049,Item (Revenue/COGS),40391,07/09/2025,45049,SR273-37P2,GV,2,3,SupplierInvoice,Imports from SPS ,SR273-37P2-SupplierInvoice,HARMONY HOSPITALITY CO LTD,2517,,750.11,"($27,09,814.54)",Yes,No,BILLJULY2025,17
BILL-45813B,Item (Revenue/COGS),40391,07/09/2025,45813B,SR173-5PM,GV,2,3,SupplierInvoice,Imports from SPS ,SR173-5PM-SupplierInvoice,HARMONY HOSPITALITY CO LTD,2517,,5869,"($27,15,683.54)",Yes,No,BILLJULY2025,17
BILL-47004,Item (Revenue/COGS),40391,07/09/2025,47004,SR382-3,GV,2,3,SupplierInvoice,Imports from SPS ,SR382-3-SupplierInvoice,HARMONY HOSPITALITY CO LTD,2517,,2610.5,"($27,19,695.24)",Yes,No,BILLJULY2025,17
BILL-36504,Item (Revenue/COGS),40391,07/11/2025,36504,16,GV,2,3,SupplierInvoice,Imports from SPS ,16-SupplierInvoice,Pantarei S.R.L,1280,,45198,"($27,64,893.24)",Yes,No,BILLJULY2025,17
BILL-36502B,Item (Revenue/COGS),40391,07/14/2025,36502B,17,GV,2,3,SupplierInvoice,Imports from SPS ,17-SupplierInvoice,Pantarei S.R.L,1280,,13148.19,"($27,78,041.43)",Yes,No,BILLJULY2025,17
BILL-36504B,Item (Revenue/COGS),40391,07/14/2025,36504B,17,GV,2,3,SupplierInvoice,Imports from SPS ,17-SupplierInvoice,Pantarei S.R.L,1280,,36191.53,"($28,14,232.96)",Yes,No,BILLJULY2025,17
BILL-36503,Item (Revenue/COGS),40391,07/17/2025,36503,18,GV,2,3,SupplierInvoice,Imports from SPS ,18-SupplierInvoice,Pantarei S.R.L,1280,,32084.13,"($28,74,722.72)",Yes,No,BILLJULY2025,17
BILL-46772C,Item (Revenue/COGS),40391,07/17/2025,46772C,"SR273-58,GV048",GV,2,3,SupplierInvoice,Imports from SPS ,"SR273-58,GV048-SupplierInvoice",HARMONY HOSPITALITY CO LTD,2517,,209.13,"($28,74,931.85)",Yes,No,BILLJULY2025,17
BILL-36502C,Item (Revenue/COGS),40391,07/18/2025,36502C,19,GV,2,3,SupplierInvoice,Imports from SPS ,19-SupplierInvoice,Pantarei S.R.L,1280,,10651.2,"($28,85,583.05)",Yes,No,BILLJULY2025,17
BILL-36503B,Item (Revenue/COGS),40391,07/18/2025,36503B,19,GV,2,3,SupplierInvoice,Imports from SPS ,19-SupplierInvoice,Pantarei S.R.L,1280,,26373,"($29,11,956.05)",Yes,No,BILLJULY2025,17
BILL-45908,Item (Revenue/COGS),40391,07/18/2025,45908,ZB202501005USA,GV,2,3,SupplierInvoice,Imports from SPS ,ZB202501005USA-SupplierInvoice,ZBOM Cabinets Corp.,1297,,12065.33,"($29,24,021.38)",Yes,No,BILLJULY2025,17
BILL-44066,Item (Revenue/COGS),40391,07/21/2025,44066,SR350-13,GV,2,3,SupplierInvoice,Imports from SPS ,SR350-13-SupplierInvoice,HARMONY HOSPITALITY CO LTD,2517,,1216.27,"($29,25,237.65)",Yes,No,BILLJULY2025,17
BILL-46023,Item (Revenue/COGS),40391,07/22/2025,46023,ZB202410026USA,GV,2,3,SupplierInvoice,Imports from SPS ,ZB202410026USA-SupplierInvoice,ZBOM Cabinets Corp.,1297,,11075.11,"($30,11,782.80)",Yes,No,BILLJULY2025,17
BILL-36502D,Item (Revenue/COGS),40391,07/23/2025,36502D,21,GV,2,3,SupplierInvoice,Imports from SPS ,21-SupplierInvoice,Pantarei S.R.L,1280,,58714.73,"($30,70,497.53)",Yes,No,BILLJULY2025,17
BILL-36502E,Item (Revenue/COGS),40391,07/24/2025,36502E,22,GV,2,3,SupplierInvoice,Imports from SPS ,22-SupplierInvoice,Pantarei S.R.L,1280,,33567.36,"($44,69,808.66)",Yes,No,BILLJULY2025,17
BILL-35215O,Item (Revenue/COGS),40391,07/25/2025,35215O,25JSF07215,GV,2,3,SupplierInvoice,Imports from SPS ,25JSF07215-SupplierInvoice,"Jasfer Industry Co., Limited",137,,14986.33,"($46,76,853.98)",Yes,No,BILLJULY2025,17
BILL-36334D,Item (Revenue/COGS),40391,07/25/2025,36334D,23JSF12050,GV,2,3,SupplierInvoice,Imports from SPS ,23JSF12050-SupplierInvoice,"Jasfer Industry Co., Limited",137,,732,"($46,77,585.98)",Yes,No,BILLJULY2025,17
BILL-36502F,Item (Revenue/COGS),40391,07/25/2025,36502F,23,GV,2,3,SupplierInvoice,Imports from SPS ,23-SupplierInvoice,Pantarei S.R.L,1280,,27118.94,"($47,04,704.92)",Yes,No,BILLJULY2025,17
BILL-41877,Item (Revenue/COGS),40391,07/25/2025,41877,25AG543GRV-V,GV,2,3,SupplierInvoice,Imports from SPS ,25AG543GRV-V-SupplierInvoice,"Jasfer Industry Co., Limited",137,,5508.45,"($47,10,213.37)",Yes,No,BILLJULY2025,17
BILL-44356B,Item (Revenue/COGS),40391,07/25/2025,44356B,25RT010201,GV,2,3,SupplierInvoice,Imports from SPS ,25RT010201-SupplierInvoice,"Jasfer Industry Co., Limited",137,,27.26,"($47,10,240.63)",Yes,No,BILLJULY2025,17
BILL-45092,Item (Revenue/COGS),40391,07/25/2025,45092,25BL021204,GV,2,3,SupplierInvoice,Imports from SPS ,25BL021204-SupplierInvoice,"Jasfer Industry Co., Limited",137,,2619.09,"($47,16,630.91)",Yes,No,BILLJULY2025,17
BILL-45860,Item (Revenue/COGS),40391,07/25/2025,45860,25JS032704,GV,2,3,SupplierInvoice,Imports from SPS ,25JS032704-SupplierInvoice,"Jasfer Industry Co., Limited",137,,8209.08,"($47,24,839.99)",Yes,No,BILLJULY2025,17
BILL-45869,Item (Revenue/COGS),40391,07/25/2025,45869,25JS051504,GV,2,3,SupplierInvoice,Imports from SPS ,25JS051504-SupplierInvoice,"Jasfer Industry Co., Limited",137,,2454.74,"($47,27,294.73)",Yes,No,BILLJULY2025,17
BILL-45994,Item (Revenue/COGS),40391,07/25/2025,45994,25RT032701,GV,2,3,SupplierInvoice,Imports from SPS ,25RT032701-SupplierInvoice,"Jasfer Industry Co., Limited",137,,11424.26,"($47,38,718.99)",Yes,No,BILLJULY2025,17
BILL-46035,Item (Revenue/COGS),40391,07/25/2025,46035,25BL052802,GV,2,3,SupplierInvoice,Imports from SPS ,25BL052802-SupplierInvoice,"Jasfer Industry Co., Limited",137,,1541.04,"($47,40,260.03)",Yes,No,BILLJULY2025,17
BILL-35230B,Item (Revenue/COGS),40391,07/31/2025,35230B,F18626-2,GV,2,3,SupplierInvoice,Imports from SPS ,F18626-2-SupplierInvoice,Modular Shower Walls,1270,,5960.15,"($47,46,220.18)",Yes,No,BILLJULY2025,17
BILL-36340C,Item (Revenue/COGS),40391,07/31/2025,36340C,23JSF12035-2,GV,2,3,SupplierInvoice,Imports from SPS ,23JSF12035-2-SupplierInvoice,"Jasfer Industry Co., Limited",137,,1129.89,"($47,47,350.07)",Yes,No,BILLJULY2025,17
BILL-36502G,Item (Revenue/COGS),40391,07/31/2025,36502G,24,GV,2,3,SupplierInvoice,Imports from SPS ,24-SupplierInvoice,Pantarei S.R.L,1280,,24720.16,"($47,72,070.23)",Yes,No,BILLJULY2025,17
BILL-36504C,Item (Revenue/COGS),40391,07/31/2025,36504C,24,GV,2,3,SupplierInvoice,Imports from SPS ,24-SupplierInvoice,Pantarei S.R.L,1280,,9524.6,"($47,81,594.83)",Yes,No,BILLJULY2025,17
BILL-39671B,Item (Revenue/COGS),40391,07/31/2025,39671B,20250630-2,GV,2,3,SupplierInvoice,Imports from SPS ,20250630-2-SupplierInvoice,"Jasfer Industry Co., Limited",137,,26745.65,"($48,08,340.48)",Yes,No,BILLJULY2025,17
BILL-40611,Item (Revenue/COGS),40391,07/31/2025,40611,40611,GV,2,3,SupplierInvoice,Imports from SPS ,40611-SupplierInvoice,"Jasfer Industry Co., Limited",137,,7734.9,"($48,16,075.38)",Yes,No,BILLJULY2025,17
BILL-43171B,Item (Revenue/COGS),40391,07/31/2025,43171B,7312025,GV,2,3,SupplierInvoice,Imports from SPS ,7312025-SupplierInvoice,"Jasfer Industry Co., Limited",137,,928.46,"($48,17,003.84)",Yes,No,BILLJULY2025,17
BILL-43376,Item (Revenue/COGS),40391,07/31/2025,43376,7312025,GV,2,3,SupplierInvoice,Imports from SPS ,7312025-SupplierInvoice,"Jasfer Industry Co., Limited",137,,63945.84,"($48,80,949.68)",Yes,No,BILLJULY2025,17
BILL-43376B,Item (Revenue/COGS),40391,07/31/2025,43376B,7312025,GV,2,3,SupplierInvoice,Imports from SPS ,7312025-SupplierInvoice,"Jasfer Industry Co., Limited",137,,12350,"($48,93,299.68)",Yes,No,BILLJULY2025,17
BILL-43426B,Item (Revenue/COGS),40391,07/31/2025,43426B,7312025,GV,2,3,SupplierInvoice,Imports from SPS ,7312025-SupplierInvoice,"Jasfer Industry Co., Limited",137,,226.01,"($48,93,525.69)",Yes,No,BILLJULY2025,17
BILL-43654B,Item (Revenue/COGS),40391,07/31/2025,43654B,7312025,GV,2,3,SupplierInvoice,Imports from SPS ,7312025-SupplierInvoice,"Jasfer Industry Co., Limited",137,,180593.95,"($50,74,119.64)",Yes,No,BILLJULY2025,17
BILL-43759,Item (Revenue/COGS),40391,07/31/2025,43759,S5245695,GV,2,3,SupplierInvoice,Imports from SPS ,S5245695-SupplierInvoice,NEFCO Corporation,2197,,764.38,"($50,74,884.02)",Yes,No,BILLJULY2025,17
BILL-44448,Item (Revenue/COGS),40391,07/31/2025,44448,25JSF01007,GV,2,3,SupplierInvoice,Imports from SPS ,25JSF01007-SupplierInvoice,"Jasfer Industry Co., Limited",137,,2050.57,"($50,76,934.59)",Yes,No,BILLJULY2025,17
BILL-44494B,Item (Revenue/COGS),40391,07/31/2025,44494B,24JSF05101,GV,2,3,SupplierInvoice,Imports from SPS ,24JSF05101-SupplierInvoice,"Jasfer Industry Co., Limited",137,,830.39,"($50,77,764.98)",Yes,No,BILLJULY2025,17
BILL-46091,Item (Revenue/COGS),40391,07/31/2025,46091,25JSF07104,GV,2,3,SupplierInvoice,Imports from SPS ,25JSF07104-SupplierInvoice,"Jasfer Industry Co., Limited",137,,4246.87,"($50,82,011.85)",Yes,No,BILLJULY2025,17
BILL-44698X,Item (Revenue/COGS),40391,08/01/2025,44698X,SR151-10,GV,2,3,SupplierInvoice,Imports from SPS ,SR151-10-SupplierInvoice,Richwood Hospitality Co. LTD,1285,,51252.06,"($51,33,263.91)",Yes,No,BILLJULY2025,17
BILL-47230,Item (Revenue/COGS),40391,08/01/2025,47230,14036,GV,2,3,SupplierInvoice,Imports from SPS ,14036-SupplierInvoice,Atlas Concorde,1232,,367.06,"($51,33,630.97)",Yes,No,BILLJULY2025,17
BILL-47231,Item (Revenue/COGS),40391,08/01/2025,47231,41188101,GV,2,3,SupplierInvoice,Imports from SPS ,41188101-SupplierInvoice,MDC Interior Solutions,1267,,1748.55,"($51,35,379.52)",Yes,No,BILLJULY2025,17
BILL-45054,Item (Revenue/COGS),40391,08/02/2025,45054,SR393-8P3,GV,2,3,SupplierInvoice,Imports from SPS ,SR393-8P3-SupplierInvoice,Richwood Hospitality Co. LTD,1285,,25207.69,"($51,60,587.21)",Yes,No,BILLJULY2025,17
BILL-46024,Item (Revenue/COGS),40391,08/05/2025,46024,SR173-5B2,GV,2,3,SupplierInvoice,Imports from SPS ,SR173-5B2-SupplierInvoice,HARMONY HOSPITALITY CO LTD,2517,,31804.5,"($51,92,391.71)",Yes,No,BILLJULY2025,17
BILL-38723H,Item (Revenue/COGS),40391,08/07/2025,38723H,24,GV,2,3,SupplierInvoice,Imports from SPS ,24-SupplierInvoice,Pantarei S.R.L,1280,,510.14,"($51,92,901.85)",Yes,No,BILLJULY2025,17
BILL-44584,Item (Revenue/COGS),40391,08/07/2025,44584,999188385,GV,2,3,SupplierInvoice,Imports from SPS ,999188385-SupplierInvoice,"Shaw Integrated and Turf Solutions, Inc.",1287,,6954.62,"($52,48,369.74)",Yes,No,BILLJULY2025,17
BILL-36502H,Item (Revenue/COGS),40391,08/08/2025,36502H,25,GV,2,3,SupplierInvoice,Imports from SPS ,25-SupplierInvoice,Pantarei S.R.L,1280,,40126.26,"($52,88,496.00)",Yes,No,BILLJULY2025,17
BILL-46996,Item (Revenue/COGS),40391,08/11/2025,46996,SR434,GV,2,3,SupplierInvoice,Imports from SPS ,SR434-SupplierInvoice,HARMONY HOSPITALITY CO LTD,2517,,2559.6,"($52,91,953.60)",Yes,No,BILLJULY2025,17
BILL-46996B,Item (Revenue/COGS),40391,08/11/2025,46996B,SR434,GV,2,3,SupplierInvoice,Imports from SPS ,SR434-SupplierInvoice,HARMONY HOSPITALITY CO LTD,2517,,156,"($52,92,109.60)",Yes,No,BILLJULY2025,17
BILL-46997,Item (Revenue/COGS),40391,08/11/2025,46997,SR307-2,GV,2,3,SupplierInvoice,Imports from SPS ,SR307-2-SupplierInvoice,HARMONY HOSPITALITY CO LTD,2517,,5844,"($52,97,953.60)",Yes,No,BILLJULY2025,17
BILL-45628,Item (Revenue/COGS),40391,08/12/2025,45628,GV048-1,GV,2,3,SupplierInvoice,Imports from SPS ,GV048-1-SupplierInvoice,HARMONY HOSPITALITY CO LTD,2517,,6344.67,"($53,06,696.17)",Yes,No,BILLJULY2025,17
BILL-45746,Item (Revenue/COGS),40391,08/12/2025,45746,SR411-8P5,GV,2,3,SupplierInvoice,Imports from SPS ,SR411-8P5-SupplierInvoice,HARMONY HOSPITALITY CO LTD,2517,,2760.48,"($53,09,456.65)",Yes,No,BILLJULY2025,17
BILL-45813C,Item (Revenue/COGS),40391,08/12/2025,45813C,SR173-5PM,GV,2,3,SupplierInvoice,Imports from SPS ,SR173-5PM-SupplierInvoice,HARMONY HOSPITALITY CO LTD,2517,,5830,"($53,15,286.65)",Yes,No,BILLJULY2025,17
BILL-45853,Item (Revenue/COGS),40391,08/12/2025,45853,SR391-2,GV,2,3,SupplierInvoice,Imports from SPS ,SR391-2-SupplierInvoice,HARMONY HOSPITALITY CO LTD,2517,,3347.07,"($53,18,633.72)",Yes,No,BILLJULY2025,17
BILL-46024B,Item (Revenue/COGS),40391,08/12/2025,46024B,SR173-5B2,GV,2,3,SupplierInvoice,Imports from SPS ,SR173-5B2-SupplierInvoice,HARMONY HOSPITALITY CO LTD,2517,,13290.5,"($53,31,924.22)",Yes,No,BILLJULY2025,17
BILL-46779G,Item (Revenue/COGS),40391,08/12/2025,46779G,SR151-10,GV,2,3,SupplierInvoice,Imports from SPS ,SR151-10-SupplierInvoice,HARMONY HOSPITALITY CO LTD,2517,,5113.82,"($53,37,038.04)",Yes,No,BILLJULY2025,17
BILL-43006C,Item (Revenue/COGS),40391,08/13/2025,43006C,24BL111405,GV,2,3,SupplierInvoice,Imports from SPS ,24BL111405-SupplierInvoice,"Jasfer Industry Co., Limited",137,,2918.19,"($53,39,956.23)",Yes,No,BILLJULY2025,17
BILL-43614,Item (Revenue/COGS),40391,08/13/2025,43614,24JS120906,GV,2,3,SupplierInvoice,Imports from SPS ,24JS120906-SupplierInvoice,"Jasfer Industry Co., Limited",137,,347.99,"($53,40,304.22)",Yes,No,BILLJULY2025,17
BILL-44460,Item (Revenue/COGS),40391,08/13/2025,44460,25JSF01036,GV,2,3,SupplierInvoice,Imports from SPS ,25JSF01036-SupplierInvoice,"Jasfer Industry Co., Limited",137,,1207.51,"($53,41,511.73)",Yes,No,BILLJULY2025,17
BILL-45740,Item (Revenue/COGS),40391,08/13/2025,45740,25JSF03054,GV,2,3,SupplierInvoice,Imports from SPS ,25JSF03054-SupplierInvoice,"Jasfer Industry Co., Limited",137,,236.45,"($53,52,046.58)",Yes,No,BILLJULY2025,17
BILL-41831D,Item (Revenue/COGS),40391,08/20/2025,41831D,36264/VE,GV,2,3,SupplierInvoice,Imports from SPS ,36264/VE-SupplierInvoice,MirageGranitoCeramico S.p.A,173,,7408.8,"($53,59,455.38)",Yes,No,BILLJULY2025,17
BILL-43478,Item (Revenue/COGS),40391,08/21/2025,43478,SR393-14P3,GV,2,3,SupplierInvoice,Imports from SPS ,SR393-14P3-SupplierInvoice,HARMONY HOSPITALITY CO LTD,2517,,2096.48,"($53,61,551.86)",Yes,No,BILLJULY2025,17
BILL-45213,Item (Revenue/COGS),40391,08/21/2025,45213,SR393-14P4,GV,2,3,SupplierInvoice,Imports from SPS ,SR393-14P4-SupplierInvoice,HARMONY HOSPITALITY CO LTD,2517,,2380.03,"($53,64,771.34)",Yes,No,BILLJULY2025,17
BILL-45370,Item (Revenue/COGS),40391,08/21/2025,45370,SR393-14P6,GV,2,3,SupplierInvoice,Imports from SPS ,SR393-14P6-SupplierInvoice,HARMONY HOSPITALITY CO LTD,2517,,3021.6,"($53,67,792.94)",Yes,No,BILLJULY2025,17
BILL-45841,Item (Revenue/COGS),40391,08/22/2025,45841,999188956,GV,2,3,SupplierInvoice,Imports from SPS ,999188956-SupplierInvoice,ShawInd,1964,,35906.04,"($54,04,679.54)",Yes,No,BILLJULY2025,17
BILL-46022,Item (Revenue/COGS),40391,08/28/2025,46022,999189133,GV,2,3,SupplierInvoice,Imports from SPS ,999189133-SupplierInvoice,ShawInd,1964,,43238.99,"($54,47,918.53)",Yes,No,BILLJULY2025,17
BILL-41969D,Item (Revenue/COGS),40391,08/30/2025,41969D,SR273-44,GV,2,3,SupplierInvoice,Imports from SPS ,SR273-44-SupplierInvoice,Richwood Hospitality Co. LTD,1285,,165.96,"($54,48,084.49)",Yes,No,BILLJULY2025,17
BILL-42298H,Item (Revenue/COGS),40391,08/30/2025,42298H,SR307-2,GV,2,3,SupplierInvoice,Imports from SPS ,SR307-2-SupplierInvoice,Richwood Hospitality Co. LTD,1285,,18648,"($54,66,732.49)",Yes,No,BILLJULY2025,17
BILL-43164B,Item (Revenue/COGS),40391,08/30/2025,43164B,SR271,GV,2,3,SupplierInvoice,Imports from SPS ,SR271-SupplierInvoice,Richwood Hospitality Co. LTD,1285,,2200,"($54,68,932.49)",Yes,No,BILLJULY2025,17
BILL-45546C,Item (Revenue/COGS),40391,08/30/2025,45546C,SR273-52,GV,2,3,SupplierInvoice,Imports from SPS ,SR273-52-SupplierInvoice,Richwood Hospitality Co. LTD,1285,,1578.69,"($54,70,511.18)",Yes,No,BILLJULY2025,17
BILL-47189,Item (Revenue/COGS),40391,08/30/2025,47189,8302025,GV,2,3,SupplierInvoice,Imports from SPS ,8302025-SupplierInvoice,"Stonepeak Ceramics, Inc.",228,,139.2,"($54,70,650.38)",Yes,No,BILLJULY2025,17
BILL-47190,Item (Revenue/COGS),40391,08/30/2025,47190,8302025,GV,2,3,SupplierInvoice,Imports from SPS ,8302025-SupplierInvoice,"Stonepeak Ceramics, Inc.",228,,25.61,"($54,70,675.99)",Yes,No,BILLJULY2025,17
BILL-47191,Item (Revenue/COGS),40391,08/30/2025,47191,8302025,GV,2,3,SupplierInvoice,Imports from SPS ,8302025-SupplierInvoice,"Jasfer Industry Co., Limited",137,,440,"($54,71,115.99)",Yes,No,BILLJULY2025,17
BILL-47192,Item (Revenue/COGS),40391,08/30/2025,47192,8302025,GV,2,3,SupplierInvoice,Imports from SPS ,8302025-SupplierInvoice,"Stonepeak Ceramics, Inc.",228,,2110.94,"($54,73,226.93)",Yes,No,BILLJULY2025,17
BILL-47193,Item (Revenue/COGS),40391,08/30/2025,47193,8302025,GV,2,3,SupplierInvoice,Imports from SPS ,8302025-SupplierInvoice,Atlas Concorde,1232,,783.92,"($54,74,010.85)",Yes,No,BILLJULY2025,17
BILL-47194,Item (Revenue/COGS),40391,08/30/2025,47194,8302025,GV,2,3,SupplierInvoice,Imports from SPS ,8302025-SupplierInvoice,"Santa Rosa Marble, Inc.",2527,,248.52,"($54,74,259.37)",Yes,No,BILLJULY2025,17
BILL-47195,Item (Revenue/COGS),40391,08/30/2025,47195,8302025,GV,2,3,SupplierInvoice,Imports from SPS ,8302025-SupplierInvoice,Atlas Concorde,1232,,1646.32,"($54,75,905.69)",Yes,No,BILLJULY2025,17
BILL-47196,Item (Revenue/COGS),40391,08/30/2025,47196,8302025,GV,2,3,SupplierInvoice,Imports from SPS ,8302025-SupplierInvoice,Atlas Concorde,1232,,2346.52,"($54,78,252.21)",Yes,No,BILLJULY2025,17
BILL-47197,Item (Revenue/COGS),40391,08/30/2025,47197,8302025,GV,2,3,SupplierInvoice,Imports from SPS ,8302025-SupplierInvoice,Atlas Concorde,1232,,631.48,"($54,78,883.69)",Yes,No,BILLJULY2025,17
BILL-47208,Item (Revenue/COGS),40391,08/30/2025,47208,8302025,GV,2,3,SupplierInvoice,Imports from SPS ,8302025-SupplierInvoice,Atlas Concorde,1232,,1006.3,"($54,79,889.99)",Yes,No,BILLJULY2025,17
BILL-47209,Item (Revenue/COGS),40391,08/30/2025,47209,8302025,GV,2,3,SupplierInvoice,Imports from SPS ,8302025-SupplierInvoice,Atlas Concorde,1232,,10747.08,"($54,90,637.07)",Yes,No,BILLJULY2025,17
BILL-47210,Item (Revenue/COGS),40391,08/30/2025,47210,4860422,GV,2,3,SupplierInvoice,Imports from SPS ,4860422-SupplierInvoice,EMIL AMERICA,3654,,895.98,"($54,91,533.05)",Yes,No,BILLJULY2025,17
BILL-47210B,Item (Revenue/COGS),40391,08/30/2025,47210B,8302025,GV,2,3,SupplierInvoice,Imports from SPS ,8302025-SupplierInvoice,EMIL AMERICA,3654,,409.45,"($54,91,942.50)",Yes,No,BILLJULY2025,17
BILL-47211,Item (Revenue/COGS),40391,08/30/2025,47211,25013074,GV,2,3,SupplierInvoice,Imports from SPS ,25013074-SupplierInvoice,"Stonepeak Ceramics, Inc.",228,,51731.82,"($55,43,674.32)",Yes,No,BILLJULY2025,17
BILL-47211B,Item (Revenue/COGS),40391,08/30/2025,47211B,25013566,GV,2,3,SupplierInvoice,Imports from SPS ,25013566-SupplierInvoice,"Stonepeak Ceramics, Inc.",228,,5747.98,"($55,49,422.30)",Yes,No,BILLJULY2025,17
BILL-47217,Item (Revenue/COGS),40391,08/30/2025,47217,8302025,GV,2,3,SupplierInvoice,Imports from SPS ,8302025-SupplierInvoice,"Jasfer Industry Co., Limited",137,,73414.36,"($56,22,836.66)",Yes,No,BILLJULY2025,17
BILL-47221,Item (Revenue/COGS),40391,08/30/2025,47221,8302025,GV,2,3,SupplierInvoice,Imports from SPS ,8302025-SupplierInvoice,"Jasfer Industry Co., Limited",137,,2903.22,"($56,25,739.88)",Yes,No,BILLJULY2025,17
BILL-47222,Item (Revenue/COGS),40391,08/30/2025,47222,8302025,GV,2,3,SupplierInvoice,Imports from SPS ,8302025-SupplierInvoice,Atlas Concorde,1232,,3087.84,"($56,28,827.72)",Yes,No,BILLJULY2025,17
BILL-47223,Item (Revenue/COGS),40391,08/30/2025,47223,8302025,GV,2,3,SupplierInvoice,Imports from SPS ,8302025-SupplierInvoice,Atlas Concorde,1232,,2756.98,"($56,31,584.70)",Yes,No,BILLJULY2025,17
BILL-47224,Item (Revenue/COGS),40391,08/30/2025,47224,8302025,GV,2,3,SupplierInvoice,Imports from SPS ,8302025-SupplierInvoice,Modular Shower Walls,1270,,1333.18,"($56,32,917.88)",Yes,No,BILLJULY2025,17
BILL-47260,Item (Revenue/COGS),40391,08/30/2025,47260,8302025,GV,2,3,SupplierInvoice,Imports from SPS ,8302025-SupplierInvoice,Modular Shower Walls,1270,,43431.89,"($56,76,349.77)",Yes,No,BILLJULY2025,17
BILL-47263,Item (Revenue/COGS),40391,08/30/2025,47263,8302025,GV,2,3,SupplierInvoice,Imports from SPS ,8302025-SupplierInvoice,"Stonepeak Ceramics, Inc.",228,,66.78,"($56,76,416.55)",Yes,No,BILLJULY2025,17
BILL-47277,Item (Revenue/COGS),40391,08/30/2025,47277,8302025,GV,2,3,SupplierInvoice,Imports from SPS ,8302025-SupplierInvoice,"Stonepeak Ceramics, Inc.",228,,22518.82,"($56,98,935.37)",Yes,No,BILLJULY2025,17
BILL-47278,Item (Revenue/COGS),40391,08/30/2025,47278,8302025,GV,2,3,SupplierInvoice,Imports from SPS ,8302025-SupplierInvoice,"Stonepeak Ceramics, Inc.",228,,8782.15,"($57,07,717.52)",Yes,No,BILLJULY2025,17
BILL-47279,Item (Revenue/COGS),40391,08/30/2025,47279,8302025,GV,2,3,SupplierInvoice,Imports from SPS ,8302025-SupplierInvoice,"Beijing Topli Decorative Materials Co., LTD",1233,,3588.32,"($57,11,305.84)",Yes,No,BILLJULY2025,17
BILL-47281,Item (Revenue/COGS),40391,08/30/2025,47281,8302025,GV,2,3,SupplierInvoice,Imports from SPS ,8302025-SupplierInvoice,Modular Shower Walls,1270,,24813,"($57,36,118.84)",Yes,No,BILLJULY2025,17
BILL-47282,Item (Revenue/COGS),40391,08/30/2025,47282,8302025,GV,2,3,SupplierInvoice,Imports from SPS ,8302025-SupplierInvoice,Atlas Concorde,1232,,2563.03,"($57,38,681.87)",Yes,No,BILLJULY2025,17
BILL-47294B,Item (Revenue/COGS),40391,08/30/2025,47294B,8302025,GV,2,3,SupplierInvoice,Imports from SPS ,8302025-SupplierInvoice,Kronos USA,2563,,18200,"($57,56,881.87)",Yes,No,BILLJULY2025,17
BILL-47298,Item (Revenue/COGS),40391,08/30/2025,47298,8302025,GV,2,3,SupplierInvoice,Imports from SPS ,8302025-SupplierInvoice,MirageGranitoCeramico S.p.A,173,,693.16,"($57,57,575.03)",Yes,No,BILLJULY2025,17
BILL-30140D,Item (Revenue/COGS),40391,08/31/2025,30140D,SR272-02P. CTN#15-1,GV,2,3,SupplierInvoice,Imports from SPS ,SR272-02P. CTN#15-1-SupplierInvoice,Unite Oak International Inc,258,,58,"($57,57,633.03)",Yes,No,BILLJULY2025,17
BILL-41112,Item (Revenue/COGS),40391,08/31/2025,41112,GV-24,GV,2,3,SupplierInvoice,Imports from SPS ,GV-24-SupplierInvoice,"Yesenye Furniture Co., Ltd",1296,,3983,"($57,61,616.03)",Yes,No,BILLJULY2025,17
BILL-41847,Item (Revenue/COGS),40391,08/31/2025,41847,8312025,GV,2,3,SupplierInvoice,Imports from SPS ,8312025-SupplierInvoice,"Jasfer Industry Co., Limited",137,,1271,"($57,62,887.03)",Yes,No,BILLJULY2025,17
BILL-42086B,Item (Revenue/COGS),40391,08/31/2025,42086B,24JSF10009-1,GV,2,3,SupplierInvoice,Imports from SPS ,24JSF10009-1-SupplierInvoice,"Jasfer Industry Co., Limited",137,,6000,"($57,68,887.03)",Yes,No,BILLJULY2025,17
BILL-45760,Item (Revenue/COGS),40391,08/31/2025,45760,25BL031401,GV,2,3,SupplierInvoice,Imports from SPS ,25BL031401-SupplierInvoice,"Jasfer Industry Co., Limited",137,,855.64,"($57,69,742.67)",Yes,No,BILLJULY2025,17
BILL-45893,Item (Revenue/COGS),40391,08/31/2025,45893,KV20231005P01,GV,2,3,SupplierInvoice,Imports from SPS ,KV20231005P01-SupplierInvoice,Aluguard,48,,941,"($57,70,683.67)",Yes,No,BILLJULY2025,17
BILL-46009,Item (Revenue/COGS),40391,08/31/2025,46009,83125,GV,2,3,SupplierInvoice,Imports from SPS ,83125-SupplierInvoice,ZBOM Cabinets Corp.,1297,,6882.5,"($57,77,566.17)",Yes,No,BILLJULY2025,17
BILL-46033,Item (Revenue/COGS),40391,08/31/2025,46033,8312025,GV,2,3,SupplierInvoice,Imports from SPS ,8312025-SupplierInvoice,ZBOM Cabinets Corp.,1297,,3630.28,"($57,81,196.45)",Yes,No,BILLJULY2025,17
