External ID,S.no,Debit,Account ID,Credit ,Date,Entity,Entity ID,Invoice #,Memo,Debit Amt,Credit Amt
AUGCOGS-15341/VE,1,A51001 - Freight - Out - Expense (New),981,,08/25/2025,MirageGranitoCeramico S.p.A,173,15341/VE,MirageGranitoCeramico S.p.A - Aug  material cost transferred from sps,3582.92,
AUGCOGS-15341/VE,1.5,,966,A20001 - Accounts Payable Suppliers & Vendors (New),08/25/2025,Mirage Granito Ceramico S.p.A.,173,15341/VE,Mirage Granito Ceramico S.p.A. - Aug  material cost transferred from sps,,3582.92
AUGCOGS-15364/VE,2,A51001 - Freight - Out - Expense (New),981,,08/25/2025,Mirage Granito Ceramico S.p.A.,173,15364/VE,Mirage Granito Ceramico S.p.A. - Aug  material cost transferred from sps,3584,
AUGCOGS-15364/VE,2.5,,966,A20001 - Accounts Payable Suppliers & Vendors (New),08/25/2025,Mirage Granito Ceramico S.p.A.,173,15364/VE,Mirage Granito Ceramico S.p.A. - Aug  material cost transferred from sps,,3584
AUGCOGS-SR307-2,3,A51001 - Freight - Out - Expense (New),981,,08/25/2025,RICHWOOD HOSPITALITY CO LTD,1285,SR307-2,RICHWOOD HOSPITALITY CO LTD - Aug  material cost transferred from sps,4950,
AUGCOGS-SR307-2,3.5,,966,A20001 - Accounts Payable Suppliers & Vendors (New),08/25/2025,RICHWOOD HOSPITALITY CO LTD,1285,SR307-2,RICHWOOD HOSPITALITY CO LTD - Aug  material cost transferred from sps,,4950
AUGCOGS-26803/VE,4,A51001 - Freight - Out - Expense (New),981,,08/25/2025,ATLAS CONCORDE S.p.A,1232,26803/VE,ATLAS CONCORDE S.p.A - Aug  material cost transferred from sps,4697,
AUGCOGS-26803/VE,4.5,,966,A20001 - Accounts Payable Suppliers & Vendors (New),08/25/2025,ATLAS CONCORDE S.p.A,1232,26803/VE,ATLAS CONCORDE S.p.A - Aug  material cost transferred from sps,,4697
AUGCOGS-4864/VE,5,A51001 - Freight - Out - Expense (New),981,,08/25/2025,CERAMICA REFIN SPA -ITALY,1238,4864/VE,CERAMICA REFIN SPA -ITALY - Aug  material cost transferred from sps,5512,
AUGCOGS-4864/VE,5.5,,966,A20001 - Accounts Payable Suppliers & Vendors (New),08/25/2025,CERAMICA REFIN SPA -ITALY,1238,4864/VE,CERAMICA REFIN SPA -ITALY - Aug  material cost transferred from sps,,5512
AUGCOGS-19542/VE,6,A51001 - Freight - Out - Expense (New),981,,08/25/2025,Mirage Granito Ceramico S.p.A.,173,19542/VE,Mirage Granito Ceramico S.p.A. - Aug  material cost transferred from sps,14982.4,
AUGCOGS-19542/VE,6.5,,966,A20001 - Accounts Payable Suppliers & Vendors (New),08/25/2025,Mirage Granito Ceramico S.p.A.,173,19542/VE,Mirage Granito Ceramico S.p.A. - Aug  material cost transferred from sps,,14982.4
AUGCOGS-22487/VE,7,A51001 - Freight - Out - Expense (New),981,,08/25/2025,ATLAS CONCORDE S.p.A,1232,22487/VE,ATLAS CONCORDE S.p.A - Aug  material cost transferred from sps,9704.79,
AUGCOGS-22487/VE,7.5,,966,A20001 - Accounts Payable Suppliers & Vendors (New),08/25/2025,ATLAS CONCORDE S.p.A,1232,22487/VE,ATLAS CONCORDE S.p.A - Aug  material cost transferred from sps,,9704.79
AUGCOGS-20698/VE,8,A51001 - Freight - Out - Expense (New),981,,08/25/2025,ATLAS CONCORDE S.p.A,1232,20698/VE,ATLAS CONCORDE S.p.A - Aug  material cost transferred from sps,4602,
AUGCOGS-20698/VE,8.5,,966,A20001 - Accounts Payable Suppliers & Vendors (New),08/25/2025,ATLAS CONCORDE S.p.A,1232,20698/VE,ATLAS CONCORDE S.p.A - Aug  material cost transferred from sps,,4602
AUGCOGS-14086/VE,9,A51001 - Freight - Out - Expense (New),981,,08/25/2025,ATLAS CONCORDE S.p.A,1232,14086/VE,ATLAS CONCORDE S.p.A - Aug  material cost transferred from sps,14309.02,
AUGCOGS-14086/VE,9.5,,966,A20001 - Accounts Payable Suppliers & Vendors (New),08/25/2025,ATLAS CONCORDE S.p.A,1232,14086/VE,ATLAS CONCORDE S.p.A - Aug  material cost transferred from sps,,14309.02
AUGCOGS-24JS101606,10,A51001 - Freight - Out - Expense (New),981,,08/26/2025,"Jasfer Industry Co., Limited",137,24JS101606,"Jasfer Industry Co., Limited - Aug  material cost transferred from sps",135,
AUGCOGS-24JS101606,10.5,,966,A20001 - Accounts Payable Suppliers & Vendors (New),08/26/2025,"Jasfer Industry Co., Limited",137,24JS101606,"Jasfer Industry Co., Limited - Aug  material cost transferred from sps",,135
AUGCOGS-24JS101101,11,A51001 - Freight - Out - Expense (New),981,,08/26/2025,"Jasfer Industry Co., Limited",137,24JS101101,"Jasfer Industry Co., Limited - Aug  material cost transferred from sps",198,
AUGCOGS-24JS101101,11.5,,966,A20001 - Accounts Payable Suppliers & Vendors (New),08/26/2025,"Jasfer Industry Co., Limited",137,24JS101101,"Jasfer Industry Co., Limited - Aug  material cost transferred from sps",,198
AUGCOGS-24JSF10049,12,A51001 - Freight - Out - Expense (New),981,,08/26/2025,"Jasfer Industry Co., Limited",137,24JSF10049,"Jasfer Industry Co., Limited - Aug  material cost transferred from sps",199,
AUGCOGS-24JSF10049,12.5,,966,A20001 - Accounts Payable Suppliers & Vendors (New),08/26/2025,"Jasfer Industry Co., Limited",137,24JSF10049,"Jasfer Industry Co., Limited - Aug  material cost transferred from sps",,199
AUGCOGS-24JSF07051,13,A51001 - Freight - Out - Expense (New),981,,08/26/2025,"Jasfer Industry Co., Limited",137,24JSF07051,"Jasfer Industry Co., Limited - Aug  material cost transferred from sps",136,
AUGCOGS-24JSF07051,13.5,,966,A20001 - Accounts Payable Suppliers & Vendors (New),08/26/2025,"Jasfer Industry Co., Limited",137,24JSF07051,"Jasfer Industry Co., Limited - Aug  material cost transferred from sps",,136
AUGCOGS-24RT110203,14,A51001 - Freight - Out - Expense (New),981,,08/26/2025,"Jasfer Industry Co., Limited",137,24RT110203,"Jasfer Industry Co., Limited - Aug  material cost transferred from sps",135.5,
AUGCOGS-24RT110203,14.5,,966,A20001 - Accounts Payable Suppliers & Vendors (New),08/26/2025,"Jasfer Industry Co., Limited",137,24RT110203,"Jasfer Industry Co., Limited - Aug  material cost transferred from sps",,135.5
AUGCOGS-24JS102903,15,A51001 - Freight - Out - Expense (New),981,,08/26/2025,"Jasfer Industry Co., Limited",137,24JS102903,"Jasfer Industry Co., Limited - Aug  material cost transferred from sps",136,
AUGCOGS-24JS102903,15.5,,966,A20001 - Accounts Payable Suppliers & Vendors (New),08/26/2025,"Jasfer Industry Co., Limited",137,24JS102903,"Jasfer Industry Co., Limited - Aug  material cost transferred from sps",,136
AUGCOGS-24JSF10052,16,A51001 - Freight - Out - Expense (New),981,,08/26/2025,"Jasfer Industry Co., Limited",137,24JSF10052,"Jasfer Industry Co., Limited - Aug  material cost transferred from sps",199,
AUGCOGS-24JSF10052,16.5,,966,A20001 - Accounts Payable Suppliers & Vendors (New),08/26/2025,"Jasfer Industry Co., Limited",137,24JSF10052,"Jasfer Industry Co., Limited - Aug  material cost transferred from sps",,199
AUGCOGS-24JS112006,17,A51001 - Freight - Out - Expense (New),981,,08/26/2025,"Jasfer Industry Co., Limited",137,24JS112006,"Jasfer Industry Co., Limited - Aug  material cost transferred from sps",65,
AUGCOGS-24JS112006,17.5,,966,A20001 - Accounts Payable Suppliers & Vendors (New),08/26/2025,"Jasfer Industry Co., Limited",137,24JS112006,"Jasfer Industry Co., Limited - Aug  material cost transferred from sps",,65
AUGCOGS-24RT111902,18,A51001 - Freight - Out - Expense (New),981,,08/27/2025,"Jasfer Industry Co., Limited",137,24RT111902,"Jasfer Industry Co., Limited - Aug  material cost transferred from sps",421,
AUGCOGS-24RT111902,18.5,,966,A20001 - Accounts Payable Suppliers & Vendors (New),08/27/2025,"Jasfer Industry Co., Limited",137,24RT111902,"Jasfer Industry Co., Limited - Aug  material cost transferred from sps",,421
AUGCOGS-25JSF01024,19,A51001 - Freight - Out - Expense (New),981,,08/27/2025,"Jasfer Industry Co., Limited",137,25JSF01024,"Jasfer Industry Co., Limited - Aug  material cost transferred from sps",501,
AUGCOGS-25JSF01024,19.5,,966,A20001 - Accounts Payable Suppliers & Vendors (New),08/27/2025,"Jasfer Industry Co., Limited",137,25JSF01024,"Jasfer Industry Co., Limited - Aug  material cost transferred from sps",,501
AUGCOGS-25JSF03010,20,A51001 - Freight - Out - Expense (New),981,,08/27/2025,"Jasfer Industry Co., Limited",137,25JSF03010,"Jasfer Industry Co., Limited - Aug  material cost transferred from sps",421,
AUGCOGS-25JSF03010,20.5,,966,A20001 - Accounts Payable Suppliers & Vendors (New),08/27/2025,"Jasfer Industry Co., Limited",137,25JSF03010,"Jasfer Industry Co., Limited - Aug  material cost transferred from sps",,421
AUGCOGS-25JK030501,21,A51001 - Freight - Out - Expense (New),981,,08/27/2025,"Jasfer Industry Co., Limited",137,25JK030501,"Jasfer Industry Co., Limited - Aug  material cost transferred from sps",422,
AUGCOGS-25JK030501,21.5,,966,A20001 - Accounts Payable Suppliers & Vendors (New),08/27/2025,"Jasfer Industry Co., Limited",137,25JK030501,"Jasfer Industry Co., Limited - Aug  material cost transferred from sps",,422
AUGCOGS-25RT030502,22,A51001 - Freight - Out - Expense (New),981,,08/27/2025,"Jasfer Industry Co., Limited",137,25RT030502,"Jasfer Industry Co., Limited - Aug  material cost transferred from sps",422,
AUGCOGS-25RT030502,22.5,,966,A20001 - Accounts Payable Suppliers & Vendors (New),08/27/2025,"Jasfer Industry Co., Limited",137,25RT030502,"Jasfer Industry Co., Limited - Aug  material cost transferred from sps",,422
AUGCOGS-24JSF07071,23,A51001 - Freight - Out - Expense (New),981,,08/28/2025,"Jasfer Industry Co., Limited",137,24JSF07071,"Jasfer Industry Co., Limited - Aug  material cost transferred from sps",1901.47,
AUGCOGS-24JSF07071,23.5,,966,A20001 - Accounts Payable Suppliers & Vendors (New),08/28/2025,"Jasfer Industry Co., Limited",137,24JSF07071,"Jasfer Industry Co., Limited - Aug  material cost transferred from sps",,1901.47
AUGCOGS-ZB202501005USA,24,A51001 - Freight - Out - Expense (New),981,,08/28/2025,ZBOM Cabinets Crop.,1297,ZB202501005USA,ZBOM Cabinets Crop. - Aug  material cost transferred from sps,3801.4,
AUGCOGS-ZB202501005USA,24.5,,966,A20001 - Accounts Payable Suppliers & Vendors (New),08/28/2025,ZBOM Cabinets Crop.,1297,ZB202501005USA,ZBOM Cabinets Crop. - Aug  material cost transferred from sps,,3801.4
AUGCOGS-35424 - PI,25,A51001 - Freight - Out - Expense (New),981,,08/29/2025,Pantarei,1280,35424 - PI,Pantarei - Aug  material cost transferred from sps,204.96,
AUGCOGS-35424 - PI,25.5,,966,A20001 - Accounts Payable Suppliers & Vendors (New),08/29/2025,Pantarei,1280,35424 - PI,Pantarei - Aug  material cost transferred from sps,,204.96
AUGCOGS-35427 - PI,26,A51001 - Freight - Out - Expense (New),981,,08/29/2025,Pantarei,1280,35427 - PI,Pantarei - Aug  material cost transferred from sps,17.89,
AUGCOGS-35427 - PI,26.5,,966,A20001 - Accounts Payable Suppliers & Vendors (New),08/29/2025,Pantarei,1280,35427 - PI,Pantarei - Aug  material cost transferred from sps,,17.89
AUGCOGS-F18782,27,A51001 - Freight - Out - Expense (New),981,,08/29/2025,Modular Shower Walls,1270,F18782,Modular Shower Walls - Aug  material cost transferred from sps,200,
AUGCOGS-F18782,27.5,,966,A20001 - Accounts Payable Suppliers & Vendors (New),08/29/2025,Modular Shower Walls,1270,F18782,Modular Shower Walls - Aug  material cost transferred from sps,,200
AUGCOGS-35429 - PI,28,A51001 - Freight - Out - Expense (New),981,,08/29/2025,Pantarei,1280,35429 - PI,Pantarei - Aug  material cost transferred from sps,156.19,
AUGCOGS-35429 - PI,28.5,,966,A20001 - Accounts Payable Suppliers & Vendors (New),08/29/2025,Pantarei,1280,35429 - PI,Pantarei - Aug  material cost transferred from sps,,156.19
AUGCOGS-43820-Invoice,29,A51001 - Freight - Out - Expense (New),981,,08/29/2025,"Shenzhen Double Building Materials Co., Ltd.",2291,43820-Invoice,"Shenzhen Double Building Materials Co., Ltd. - Aug  material cost transferred from sps",5402,
AUGCOGS-43820-Invoice,29.5,,966,A20001 - Accounts Payable Suppliers & Vendors (New),08/29/2025,"Shenzhen Double Building Materials Co., Ltd.",2291,43820-Invoice,"Shenzhen Double Building Materials Co., Ltd. - Aug  material cost transferred from sps",,5402
AUGCOGS-31097 - PI,30,A51001 - Freight - Out - Expense (New),981,,08/30/2025,"Jasfer Industry Co., Limited",137,31097 - PI,"Jasfer Industry Co., Limited - Aug  material cost transferred from sps",40.76,
AUGCOGS-31097 - PI,30.5,,966,A20001 - Accounts Payable Suppliers & Vendors (New),08/30/2025,"Jasfer Industry Co., Limited",137,31097 - PI,"Jasfer Industry Co., Limited - Aug  material cost transferred from sps",,40.76
AUGCOGS-32044 - Invoice,31,A51001 - Freight - Out - Expense (New),981,,08/30/2025,MELLOWLAND FURNISHING INC,168,32044 - Invoice,MELLOWLAND FURNISHING INC - Aug  material cost transferred from sps,130.5,
AUGCOGS-32044 - Invoice,31.5,,966,A20001 - Accounts Payable Suppliers & Vendors (New),08/30/2025,MELLOWLAND FURNISHING INC,168,32044 - Invoice,MELLOWLAND FURNISHING INC - Aug  material cost transferred from sps,,130.5
AUGCOGS-32045 - Invoice,32,A51001 - Freight - Out - Expense (New),981,,08/30/2025,MELLOWLAND FURNISHING INC,168,32045 - Invoice,MELLOWLAND FURNISHING INC - Aug  material cost transferred from sps,915,
AUGCOGS-32045 - Invoice,32.5,,966,A20001 - Accounts Payable Suppliers & Vendors (New),08/30/2025,MELLOWLAND FURNISHING INC,168,32045 - Invoice,MELLOWLAND FURNISHING INC - Aug  material cost transferred from sps,,915
AUGCOGS-35389 - PI,34,A51001 - Freight - Out - Expense (New),981,,08/30/2025,MELLOWLAND FURNISHING INC,168,35389 - PI,MELLOWLAND FURNISHING INC - Aug  material cost transferred from sps,1101.83,
AUGCOGS-35389 - PI,34.5,,966,A20001 - Accounts Payable Suppliers & Vendors (New),08/30/2025,MELLOWLAND FURNISHING INC,168,35389 - PI,MELLOWLAND FURNISHING INC - Aug  material cost transferred from sps,,1101.83
AUGCOGS-11017/VE,35,A51001 - Freight - Out - Expense (New),981,,08/30/2025,ATLAS CONCORDE S.p.A,1232,11017/VE,ATLAS CONCORDE S.p.A - Aug  material cost transferred from sps,505,
AUGCOGS-11017/VE,35.5,,966,A20001 - Accounts Payable Suppliers & Vendors (New),08/30/2025,ATLAS CONCORDE S.p.A,1232,11017/VE,ATLAS CONCORDE S.p.A - Aug  material cost transferred from sps,,505
AUGCOGS-23BL121403,36,A51001 - Freight - Out - Expense (New),981,,08/30/2025,"Jasfer Industry Co., Limited",137,23BL121403,"Jasfer Industry Co., Limited - Aug  material cost transferred from sps",2781.67,
AUGCOGS-23BL121403,36.5,,966,A20001 - Accounts Payable Suppliers & Vendors (New),08/30/2025,"Jasfer Industry Co., Limited",137,23BL121403,"Jasfer Industry Co., Limited - Aug  material cost transferred from sps",,2781.67
AUGCOGS-24JSF01003,37,A51001 - Freight - Out - Expense (New),981,,08/30/2025,"Jasfer Industry Co., Limited",137,24JSF01003,"Jasfer Industry Co., Limited - Aug  material cost transferred from sps",180.5,
AUGCOGS-24JSF01003,37.5,,966,A20001 - Accounts Payable Suppliers & Vendors (New),08/30/2025,"Jasfer Industry Co., Limited",137,24JSF01003,"Jasfer Industry Co., Limited - Aug  material cost transferred from sps",,180.5
AUGCOGS-24015762,41,A51001 - Freight - Out - Expense (New),981,,08/30/2025,TransCeramica-4042,1290,24015762,TransCeramica-4042 - Aug  material cost transferred from sps,1900,
AUGCOGS-24015762,41.5,,966,A20001 - Accounts Payable Suppliers & Vendors (New),08/30/2025,TransCeramica-4042,1290,24015762,TransCeramica-4042 - Aug  material cost transferred from sps,,1900
AUGCOGS-240923USA-725,42,A51001 - Freight - Out - Expense (New),981,,08/30/2025,"Beijing Topli Decorative Materials Co., LTD",1233,240923USA-725,"Beijing Topli Decorative Materials Co., LTD - Aug  material cost transferred from sps",551,
AUGCOGS-240923USA-725,42.5,,966,A20001 - Accounts Payable Suppliers & Vendors (New),08/30/2025,"Beijing Topli Decorative Materials Co., LTD",1233,240923USA-725,"Beijing Topli Decorative Materials Co., LTD - Aug  material cost transferred from sps",,551
AUGCOGS-24RT101908,43,A51001 - Freight - Out - Expense (New),981,,08/30/2025,"Jasfer Industry Co., Limited",137,24RT101908,"Jasfer Industry Co., Limited - Aug  material cost transferred from sps",360,
AUGCOGS-24RT101908,43.5,,966,A20001 - Accounts Payable Suppliers & Vendors (New),08/30/2025,"Jasfer Industry Co., Limited",137,24RT101908,"Jasfer Industry Co., Limited - Aug  material cost transferred from sps",,360
AUGCOGS-GV2024070,44,A51001 - Freight - Out - Expense (New),981,,08/30/2025,"XIAMEN DEYUAN PANMIN TRADING CO., LTD.",1295,GV2024070,"XIAMEN DEYUAN PANMIN TRADING CO., LTD. - Aug  material cost transferred from sps",75,
AUGCOGS-GV2024070,44.5,,966,A20001 - Accounts Payable Suppliers & Vendors (New),08/30/2025,"XIAMEN DEYUAN PANMIN TRADING CO., LTD.",1295,GV2024070,"XIAMEN DEYUAN PANMIN TRADING CO., LTD. - Aug  material cost transferred from sps",,75
AUGCOGS-42256-invoice,45,A51001 - Freight - Out - Expense (New),981,,08/30/2025,"Jasfer Industry Co., Limited",137,42256-invoice,"Jasfer Industry Co., Limited - Aug  material cost transferred from sps",21553.23,
AUGCOGS-42256-invoice,45.5,,966,A20001 - Accounts Payable Suppliers & Vendors (New),08/30/2025,"Jasfer Industry Co., Limited",137,42256-invoice,"Jasfer Industry Co., Limited - Aug  material cost transferred from sps",,21553.23
AUGCOGS-42316-pi,46,A51001 - Freight - Out - Expense (New),981,,08/30/2025,Wolf Gordan,1294,42316-pi,Wolf Gordan - Aug  material cost transferred from sps,283.42,
AUGCOGS-42316-pi,46.5,,966,A20001 - Accounts Payable Suppliers & Vendors (New),08/30/2025,Wolf Gordan,1294,42316-pi,Wolf Gordan - Aug  material cost transferred from sps,,283.42
AUGCOGS-MMG/24-25/11,47,A51001 - Freight - Out - Expense (New),981,,08/30/2025,MASOMEX GLOBAL,1266,MMG/24-25/11,MASOMEX GLOBAL - Aug  material cost transferred from sps,282.83,
AUGCOGS-MMG/24-25/11,47.5,,966,A20001 - Accounts Payable Suppliers & Vendors (New),08/30/2025,MASOMEX GLOBAL,1266,MMG/24-25/11,MASOMEX GLOBAL - Aug  material cost transferred from sps,,282.83
AUGCOGS-24JSF10044,48,A51001 - Freight - Out - Expense (New),981,,08/30/2025,"Jasfer Industry Co., Limited",137,24JSF10044,"Jasfer Industry Co., Limited - Aug  material cost transferred from sps",75,
AUGCOGS-24JSF10044,48.5,,966,A20001 - Accounts Payable Suppliers & Vendors (New),08/30/2025,"Jasfer Industry Co., Limited",137,24JSF10044,"Jasfer Industry Co., Limited - Aug  material cost transferred from sps",,75
AUGCOGS-1-3594591,49,A51001 - Freight - Out - Expense (New),981,,08/30/2025,Tarkett,1288,1-3594591,Tarkett - Aug  material cost transferred from sps,1402,
AUGCOGS-1-3594591,49.5,,966,A20001 - Accounts Payable Suppliers & Vendors (New),08/30/2025,Tarkett,1288,1-3594591,Tarkett - Aug  material cost transferred from sps,,1402
AUGCOGS-1-3594679,50,A51001 - Freight - Out - Expense (New),981,,08/30/2025,Tarkett,1288,1-3594679,Tarkett - Aug  material cost transferred from sps,1897,
AUGCOGS-1-3594679,50.5,,966,A20001 - Accounts Payable Suppliers & Vendors (New),08/30/2025,Tarkett,1288,1-3594679,Tarkett - Aug  material cost transferred from sps,,1897
AUGCOGS-24JSF08051,51,A51001 - Freight - Out - Expense (New),981,,08/30/2025,"Jasfer Industry Co., Limited",137,24JSF08051,"Jasfer Industry Co., Limited - Aug  material cost transferred from sps",608.66,
AUGCOGS-24JSF08051,51.5,,966,A20001 - Accounts Payable Suppliers & Vendors (New),08/30/2025,"Jasfer Industry Co., Limited",137,24JSF08051,"Jasfer Industry Co., Limited - Aug  material cost transferred from sps",,608.66
AUGCOGS-43568 - pi,52,A51001 - Freight - Out - Expense (New),981,,08/30/2025,Tarkett,1288,43568 - pi,Tarkett - Aug  material cost transferred from sps,269.87,
AUGCOGS-43568 - pi,52.5,,966,A20001 - Accounts Payable Suppliers & Vendors (New),08/30/2025,Tarkett,1288,43568 - pi,Tarkett - Aug  material cost transferred from sps,,269.87
AUGCOGS-24RT120602,53,A51001 - Freight - Out - Expense (New),981,,08/30/2025,"Jasfer Industry Co., Limited",137,24RT120602,"Jasfer Industry Co., Limited - Aug  material cost transferred from sps",1690.38,
AUGCOGS-24RT120602,53.5,,966,A20001 - Accounts Payable Suppliers & Vendors (New),08/30/2025,"Jasfer Industry Co., Limited",137,24RT120602,"Jasfer Industry Co., Limited - Aug  material cost transferred from sps",,1690.38
AUGCOGS-14658649,54,A51001 - Freight - Out - Expense (New),981,,08/31/2025,Milliken,3521,14658649,Milliken - Aug  material cost transferred from sps,94.17,
AUGCOGS-14658649,54.5,,966,A20001 - Accounts Payable Suppliers & Vendors (New),08/31/2025,Milliken,3521,14658649,Milliken - Aug  material cost transferred from sps,,94.17
AUGCOGS-6122023,55,A51001 - Freight - Out - Expense (New),981,,08/31/2025,Milliken,3521,6122023,Milliken - Aug  material cost transferred from sps,98.17,
AUGCOGS-6122023,55.5,,966,A20001 - Accounts Payable Suppliers & Vendors (New),08/31/2025,Milliken,3521,6122023,Milliken - Aug  material cost transferred from sps,,98.17
AUGCOGS-35479 - PI,56,A51001 - Freight - Out - Expense (New),981,,08/31/2025,Sponge Cushion Inc.,1541,35479 - PI,Sponge Cushion Inc. - Aug  material cost transferred from sps,217.46,
AUGCOGS-35479 - PI,56.5,,966,A20001 - Accounts Payable Suppliers & Vendors (New),08/31/2025,Sponge Cushion Inc.,1541,35479 - PI,Sponge Cushion Inc. - Aug  material cost transferred from sps,,217.46
AUGCOGS-36648 - PI,57,A51001 - Freight - Out - Expense (New),981,,08/31/2025,Hollywood Bed & Spring Co.,1256,36648 - PI,Hollywood Bed & Spring Co. - Aug  material cost transferred from sps,625,
AUGCOGS-36648 - PI,57.5,,966,A20001 - Accounts Payable Suppliers & Vendors (New),08/31/2025,Hollywood Bed & Spring Co.,1256,36648 - PI,Hollywood Bed & Spring Co. - Aug  material cost transferred from sps,,625
AUGCOGS-1-3569261,58,A51001 - Freight - Out - Expense (New),981,,08/31/2025,Tarkett,1288,1-3569261,Tarkett - Aug  material cost transferred from sps,624.77,
AUGCOGS-1-3569261,58.5,,966,A20001 - Accounts Payable Suppliers & Vendors (New),08/31/2025,Tarkett,1288,1-3569261,Tarkett - Aug  material cost transferred from sps,,624.77
AUGCOGS-29876 - PI,59,A51001 - Freight - Out - Expense (New),981,,08/31/2025,The Coveworks Inc.,2398,29876 - PI,The Coveworks Inc. - Aug  material cost transferred from sps,770,
AUGCOGS-29876 - PI,59.5,,966,A20001 - Accounts Payable Suppliers & Vendors (New),08/31/2025,The Coveworks Inc.,2398,29876 - PI,The Coveworks Inc. - Aug  material cost transferred from sps,,770
AUGCOGS-14658649,60,A51001 - Freight - Out - Expense (New),981,,08/31/2025,Milliken,3521,14658649,Milliken - Aug  material cost transferred from sps,96.75,
AUGCOGS-14658649,60.5,,966,A20001 - Accounts Payable Suppliers & Vendors (New),08/31/2025,Milliken,3521,14658649,Milliken - Aug  material cost transferred from sps,,96.75
AUGCOGS-25RT011606,61,A51001 - Freight - Out - Expense (New),981,,08/29/2025,"Jasfer Industry Co., Limited",137,25RT011606,"Jasfer Industry Co., Limited - Aug  material cost transferred from sps",80,
AUGCOGS-25RT011606,61.5,,966,A20001 - Accounts Payable Suppliers & Vendors (New),08/29/2025,"Jasfer Industry Co., Limited",137,25RT011606,"Jasfer Industry Co., Limited - Aug  material cost transferred from sps",,80
AUGCOGS-25RT011606,62,A12001 - Inventory (New),953,,08/29/2025,"Jasfer Industry Co., Limited",137,25RT011606,"Jasfer Industry Co., Limited - Aug  material cost transferred from sps",80,
AUGCOGS-25RT011606,62.5,,981,A51001 - Freight - Out - Expense (New),08/29/2025,"Jasfer Industry Co., Limited",137,25RT011606,"Jasfer Industry Co., Limited - Aug  material cost transferred from sps",,80
AUGCOGS-24JSF11027,63,A51001 - Freight - Out - Expense (New),981,,08/29/2025,"Jasfer Industry Co., Limited",137,24JSF11027,"Jasfer Industry Co., Limited - Aug  material cost transferred from sps",80,
AUGCOGS-24JSF11027,63.5,,966,A20001 - Accounts Payable Suppliers & Vendors (New),08/29/2025,"Jasfer Industry Co., Limited",137,24JSF11027,"Jasfer Industry Co., Limited - Aug  material cost transferred from sps",,80
AUGCOGS-24JSF11027,64,A12001 - Inventory (New),953,,08/29/2025,"Jasfer Industry Co., Limited",137,24JSF11027,"Jasfer Industry Co., Limited - Aug  material cost transferred from sps",80,
AUGCOGS-24JSF11027,64.5,,981,A51001 - Freight - Out - Expense (New),08/29/2025,"Jasfer Industry Co., Limited",137,24JSF11027,"Jasfer Industry Co., Limited - Aug  material cost transferred from sps",,80
AUGCOGS-8302025,65,A51001 - Freight - Out - Expense (New),981,,08/29/2025,"Jasfer Industry Co., Limited",137,8302025,"Jasfer Industry Co., Limited - Aug  material cost transferred from sps",15330.11,
AUGCOGS-8302025,65.5,,966,A20001 - Accounts Payable Suppliers & Vendors (New),08/29/2025,"Jasfer Industry Co., Limited",137,8302025,"Jasfer Industry Co., Limited - Aug  material cost transferred from sps",,15330.11
AUGCOGS-8302025,66,A12001 - Inventory (New),953,,08/29/2025,"Jasfer Industry Co., Limited",137,8302025,"Jasfer Industry Co., Limited - Aug  material cost transferred from sps",15330.11,
AUGCOGS-8302025,66.5,,981,A51001 - Freight - Out - Expense (New),08/29/2025,"Jasfer Industry Co., Limited",137,8302025,"Jasfer Industry Co., Limited - Aug  material cost transferred from sps",,15330.11
AUGCOGS-25013074,67,A51001 - Freight - Out - Expense (New),981,,08/29/2025,StonePeak Ceramics Inc-30593,228,25013074,StonePeak Ceramics Inc-30593 - Aug  material cost transferred from sps,4095,
AUGCOGS-25013074,67.5,,966,A20001 - Accounts Payable Suppliers & Vendors (New),08/29/2025,StonePeak Ceramics Inc-30593,228,25013074,StonePeak Ceramics Inc-30593 - Aug  material cost transferred from sps,,4095
AUGCOGS-25013074,68,A12001 - Inventory (New),953,,08/29/2025,StonePeak Ceramics Inc-30593,228,25013074,StonePeak Ceramics Inc-30593 - Aug  material cost transferred from sps,4095,
AUGCOGS-25013074,68.5,,981,A51001 - Freight - Out - Expense (New),08/29/2025,StonePeak Ceramics Inc-30593,228,25013074,StonePeak Ceramics Inc-30593 - Aug  material cost transferred from sps,,4095
AUGCOGS-25013566,69,A51001 - Freight - Out - Expense (New),981,,08/29/2025,StonePeak Ceramics Inc-30593,228,25013566,StonePeak Ceramics Inc-30593 - Aug  material cost transferred from sps,455,
AUGCOGS-25013566,69.5,,966,A20001 - Accounts Payable Suppliers & Vendors (New),08/29/2025,StonePeak Ceramics Inc-30593,228,25013566,StonePeak Ceramics Inc-30593 - Aug  material cost transferred from sps,,455
AUGCOGS-25013566,70,A12001 - Inventory (New),953,,08/29/2025,StonePeak Ceramics Inc-30593,228,25013566,StonePeak Ceramics Inc-30593 - Aug  material cost transferred from sps,455,
AUGCOGS-25013566,70.5,,981,A51001 - Freight - Out - Expense (New),08/29/2025,StonePeak Ceramics Inc-30593,228,25013566,StonePeak Ceramics Inc-30593 - Aug  material cost transferred from sps,,455
AUGCOGS-880,71,A51001 - Freight - Out - Expense (New),981,,08/30/2025,Oriental Weavers International Egypt,2326,880,Oriental Weavers International Egypt - Aug  material cost transferred from sps,3760,
AUGCOGS-880,71.5,,966,A20001 - Accounts Payable Suppliers & Vendors (New),08/30/2025,Oriental Weavers International Egypt,2326,880,Oriental Weavers International Egypt - Aug  material cost transferred from sps,,3760
AUGCOGS-880,72,A12001 - Inventory (New),953,,08/30/2025,Oriental Weavers International Egypt,2326,880,Oriental Weavers International Egypt - Aug  material cost transferred from sps,3760,
AUGCOGS-880,72.5,,981,A51001 - Freight - Out - Expense (New),08/30/2025,Oriental Weavers International Egypt,2326,880,Oriental Weavers International Egypt - Aug  material cost transferred from sps,,3760
AUGCOGS-881,73,A51001 - Freight - Out - Expense (New),981,,08/30/2025,Oriental Weavers International Egypt,2326,881,Oriental Weavers International Egypt - Aug  material cost transferred from sps,3760,
AUGCOGS-881,73.5,,966,A20001 - Accounts Payable Suppliers & Vendors (New),08/30/2025,Oriental Weavers International Egypt,2326,881,Oriental Weavers International Egypt - Aug  material cost transferred from sps,,3760
AUGCOGS-881,74,A12001 - Inventory (New),953,,08/30/2025,Oriental Weavers International Egypt,2326,881,Oriental Weavers International Egypt - Aug  material cost transferred from sps,3760,
AUGCOGS-881,74.5,,981,A51001 - Freight - Out - Expense (New),08/30/2025,Oriental Weavers International Egypt,2326,881,Oriental Weavers International Egypt - Aug  material cost transferred from sps,,3760
AUGCOGS-1-3581874,75,A51001 - Freight - Out - Expense (New),981,,08/31/2025,Tarkett,1288,1-3581874,Tarkett - Aug  material cost transferred from sps,305.59,
AUGCOGS-1-3581874,75.5,,966,A20001 - Accounts Payable Suppliers & Vendors (New),08/31/2025,Tarkett,1288,1-3581874,Tarkett - Aug  material cost transferred from sps,,305.59
AUGCOGS-33518/VE,76,A51001 - Freight - Out - Expense (New),981,,08/31/2025,ATLAS CONCORDE S.p.A,1232,33518/VE,ATLAS CONCORDE S.p.A - Aug  material cost transferred from sps,9.2,
AUGCOGS-33518/VE,76.5,,966,A20001 - Accounts Payable Suppliers & Vendors (New),08/31/2025,ATLAS CONCORDE S.p.A,1232,33518/VE,ATLAS CONCORDE S.p.A - Aug  material cost transferred from sps,,9.2
AUGCOGS-25BL031401,77,A51001 - Freight - Out - Expense (New),981,,08/31/2025,"Jasfer Industry Co., Limited",137,25BL031401,"Jasfer Industry Co., Limited - Aug  material cost transferred from sps",63.64,
AUGCOGS-25BL031401,77.5,,966,A20001 - Accounts Payable Suppliers & Vendors (New),08/31/2025,"Jasfer Industry Co., Limited",137,25BL031401,"Jasfer Industry Co., Limited - Aug  material cost transferred from sps",,63.64
AUGCOGS-25BL031401,78,A12001 - Inventory (New),953,,08/31/2025,"Jasfer Industry Co., Limited",137,25BL031401,"Jasfer Industry Co., Limited - Aug  material cost transferred from sps",63.64,
AUGCOGS-25BL031401,78.5,,981,A51001 - Freight - Out - Expense (New),08/31/2025,"Jasfer Industry Co., Limited",137,25BL031401,"Jasfer Industry Co., Limited - Aug  material cost transferred from sps",,63.64
AUGCOGS-KV20231005P01,79,A51001 - Freight - Out - Expense (New),981,,08/31/2025,Aluguard,48,KV20231005P01,Aluguard - Aug  material cost transferred from sps,711,
AUGCOGS-KV20231005P01,79.5,,966,A20001 - Accounts Payable Suppliers & Vendors (New),08/31/2025,Aluguard,48,KV20231005P01,Aluguard - Aug  material cost transferred from sps,,711
AUGCOGS-KV20231005P01,80,A12001 - Inventory (New),953,,08/31/2025,Aluguard,48,KV20231005P01,Aluguard - Aug  material cost transferred from sps,711,
AUGCOGS-KV20231005P01,80.5,,981,A51001 - Freight - Out - Expense (New),08/31/2025,Aluguard,48,KV20231005P01,Aluguard - Aug  material cost transferred from sps,,711
AUGCOGS-MMG/24-25/12,81,A51001 - Freight - Out - Expense (New),981,,08/31/2025,MASOMEX GLOBAL,1266,MMG/24-25/12,MASOMEX GLOBAL - Aug  material cost transferred from sps,2535,
AUGCOGS-MMG/24-25/12,81.5,,966,A20001 - Accounts Payable Suppliers & Vendors (New),08/31/2025,MASOMEX GLOBAL,1266,MMG/24-25/12,MASOMEX GLOBAL - Aug  material cost transferred from sps,,2535
AUGCOGS-MMG/24-25/12,82,A12001 - Inventory (New),953,,08/31/2025,MASOMEX GLOBAL,1266,MMG/24-25/12,MASOMEX GLOBAL - Aug  material cost transferred from sps,2535,
AUGCOGS-MMG/24-25/12,82.5,,981,A51001 - Freight - Out - Expense (New),08/31/2025,MASOMEX GLOBAL,1266,MMG/24-25/12,MASOMEX GLOBAL - Aug  material cost transferred from sps,,2535
AUGCOGS-SR272-02P. CTN#15-1,83,A51001 - Freight - Out - Expense (New),981,,08/31/2025,"Unite Oak International,Inc.",258,SR272-02P. CTN#15-1,"Unite Oak International,Inc. - Aug  material cost transferred from sps",30,
AUGCOGS-SR272-02P. CTN#15-1,83.5,,966,A20001 - Accounts Payable Suppliers & Vendors (New),08/31/2025,"Unite Oak International,Inc.",258,SR272-02P. CTN#15-1,"Unite Oak International,Inc. - Aug  material cost transferred from sps",,30
AUGCOGS-SR272-02P. CTN#15-1,84,A12001 - Inventory (New),953,,08/31/2025,"Unite Oak International,Inc.",258,SR272-02P. CTN#15-1,"Unite Oak International,Inc. - Aug  material cost transferred from sps",30,
AUGCOGS-SR272-02P. CTN#15-1,84.5,,981,A51001 - Freight - Out - Expense (New),08/31/2025,"Unite Oak International,Inc.",258,SR272-02P. CTN#15-1,"Unite Oak International,Inc. - Aug  material cost transferred from sps",,30
AUGCOGS-8312025,85,A51001 - Freight - Out - Expense (New),981,,08/31/2025,"Jasfer Industry Co., Limited",137,8312025,"Jasfer Industry Co., Limited - Aug  material cost transferred from sps",981,
AUGCOGS-8312025,85.5,,966,A20001 - Accounts Payable Suppliers & Vendors (New),08/31/2025,"Jasfer Industry Co., Limited",137,8312025,"Jasfer Industry Co., Limited - Aug  material cost transferred from sps",,981
AUGCOGS-8312025,86,A12001 - Inventory (New),953,,08/31/2025,"Jasfer Industry Co., Limited",137,8312025,"Jasfer Industry Co., Limited - Aug  material cost transferred from sps",981,
AUGCOGS-8312025,86.5,,981,A51001 - Freight - Out - Expense (New),08/31/2025,"Jasfer Industry Co., Limited",137,8312025,"Jasfer Industry Co., Limited - Aug  material cost transferred from sps",,981
"AUGCOGS-SR411-13,cntr1,2,3",87,A51001 - Freight - Out - Expense (New),981,,08/21/2025,RICHWOOD HOSPITALITY CO LTD,1285,"SR411-13,cntr1,2,3",RICHWOOD HOSPITALITY CO LTD - Aug  material cost transferred from sps,200,
"AUGCOGS-SR411-13,cntr1,2,3",87.5,,966,A20001 - Accounts Payable Suppliers & Vendors (New),08/21/2025,RICHWOOD HOSPITALITY CO LTD,1285,"SR411-13,cntr1,2,3",RICHWOOD HOSPITALITY CO LTD - Aug  material cost transferred from sps,,200
"AUGCOGS-SR411-13,cntr1,2,3",88,A12001 - Inventory (New),953,,08/21/2025,RICHWOOD HOSPITALITY CO LTD,1285,"SR411-13,cntr1,2,3",RICHWOOD HOSPITALITY CO LTD - Aug  material cost transferred from sps,200,
"AUGCOGS-SR411-13,cntr1,2,3",88.5,,981,A51001 - Freight - Out - Expense (New),08/21/2025,RICHWOOD HOSPITALITY CO LTD,1285,"SR411-13,cntr1,2,3",RICHWOOD HOSPITALITY CO LTD - Aug  material cost transferred from sps,,200
AUGCOGS-19718/VE,89,A51001 - Freight - Out - Expense (New),981,,08/30/2025,ATLAS CONCORDE S.p.A,1232,19718/VE,ATLAS CONCORDE S.p.A - Aug  material cost transferred from sps,2878,
AUGCOGS-19718/VE,89.5,,966,A20001 - Accounts Payable Suppliers & Vendors (New),08/30/2025,ATLAS CONCORDE S.p.A,1232,19718/VE,ATLAS CONCORDE S.p.A - Aug  material cost transferred from sps,,2878
AUGCOGS-19718/VE,90,A12001 - Inventory (New),953,,08/30/2025,ATLAS CONCORDE S.p.A,1232,19718/VE,ATLAS CONCORDE S.p.A - Aug  material cost transferred from sps,2878,
AUGCOGS-19718/VE,90.5,,981,A51001 - Freight - Out - Expense (New),08/30/2025,ATLAS CONCORDE S.p.A,1232,19718/VE,ATLAS CONCORDE S.p.A - Aug  material cost transferred from sps,,2878
AUGCOGS-19839/VE,91,A51001 - Freight - Out - Expense (New),981,,08/30/2025,ATLAS CONCORDE S.p.A,1232,19839/VE,ATLAS CONCORDE S.p.A - Aug  material cost transferred from sps,2879,
AUGCOGS-19839/VE,91.5,,966,A20001 - Accounts Payable Suppliers & Vendors (New),08/30/2025,ATLAS CONCORDE S.p.A,1232,19839/VE,ATLAS CONCORDE S.p.A - Aug  material cost transferred from sps,,2879
AUGCOGS-19839/VE,92,A12001 - Inventory (New),953,,08/30/2025,ATLAS CONCORDE S.p.A,1232,19839/VE,ATLAS CONCORDE S.p.A - Aug  material cost transferred from sps,2879,
AUGCOGS-19839/VE,92.5,,981,A51001 - Freight - Out - Expense (New),08/30/2025,ATLAS CONCORDE S.p.A,1232,19839/VE,ATLAS CONCORDE S.p.A - Aug  material cost transferred from sps,,2879
AUGCOGS-19814/VE,93,A51001 - Freight - Out - Expense (New),981,,08/30/2025,ATLAS CONCORDE S.p.A,1232,19814/VE,ATLAS CONCORDE S.p.A - Aug  material cost transferred from sps,2879,
AUGCOGS-19814/VE,93.5,,966,A20001 - Accounts Payable Suppliers & Vendors (New),08/30/2025,ATLAS CONCORDE S.p.A,1232,19814/VE,ATLAS CONCORDE S.p.A - Aug  material cost transferred from sps,,2879
AUGCOGS-19814/VE,94,A12001 - Inventory (New),953,,08/30/2025,ATLAS CONCORDE S.p.A,1232,19814/VE,ATLAS CONCORDE S.p.A - Aug  material cost transferred from sps,2879,
AUGCOGS-19814/VE,94.5,,981,A51001 - Freight - Out - Expense (New),08/30/2025,ATLAS CONCORDE S.p.A,1232,19814/VE,ATLAS CONCORDE S.p.A - Aug  material cost transferred from sps,,2879
AUGCOGS-29975/VE,95,A51001 - Freight - Out - Expense (New),981,,08/30/2025,ATLAS CONCORDE S.p.A,1232,29975/VE,ATLAS CONCORDE S.p.A - Aug  material cost transferred from sps,3102,
AUGCOGS-29975/VE,95.5,,966,A20001 - Accounts Payable Suppliers & Vendors (New),08/30/2025,ATLAS CONCORDE S.p.A,1232,29975/VE,ATLAS CONCORDE S.p.A - Aug  material cost transferred from sps,,3102
AUGCOGS-29975/VE,96,A12001 - Inventory (New),953,,08/30/2025,ATLAS CONCORDE S.p.A,1232,29975/VE,ATLAS CONCORDE S.p.A - Aug  material cost transferred from sps,3102,
AUGCOGS-29975/VE,96.5,,981,A51001 - Freight - Out - Expense (New),08/30/2025,ATLAS CONCORDE S.p.A,1232,29975/VE,ATLAS CONCORDE S.p.A - Aug  material cost transferred from sps,,3102
AUGCOGS-21576/VE,97,A51001 - Freight - Out - Expense (New),981,,08/30/2025,Mirage Granito Ceramico S.p.A.,173,21576/VE,Mirage Granito Ceramico S.p.A. - Aug  material cost transferred from sps,3922,
AUGCOGS-21576/VE,97.5,,966,A20001 - Accounts Payable Suppliers & Vendors (New),08/30/2025,Mirage Granito Ceramico S.p.A.,173,21576/VE,Mirage Granito Ceramico S.p.A. - Aug  material cost transferred from sps,,3922
AUGCOGS-21576/VE,98,A12001 - Inventory (New),953,,08/30/2025,Mirage Granito Ceramico S.p.A.,173,21576/VE,Mirage Granito Ceramico S.p.A. - Aug  material cost transferred from sps,3922,
AUGCOGS-21576/VE,98.5,,981,A51001 - Freight - Out - Expense (New),08/30/2025,Mirage Granito Ceramico S.p.A.,173,21576/VE,Mirage Granito Ceramico S.p.A. - Aug  material cost transferred from sps,,3922
AUGCOGS-250221USA-122,99,A51001 - Freight - Out - Expense (New),981,,08/30/2025,"Beijing Topli Decorative Materials Co., LTD",1233,250221USA-122,"Beijing Topli Decorative Materials Co., LTD - Aug  material cost transferred from sps",3072.86,
AUGCOGS-250221USA-122,99.5,,966,A20001 - Accounts Payable Suppliers & Vendors (New),08/30/2025,"Beijing Topli Decorative Materials Co., LTD",1233,250221USA-122,"Beijing Topli Decorative Materials Co., LTD - Aug  material cost transferred from sps",,3072.86
AUGCOGS-SR273-44P2,100,A51001 - Freight - Out - Expense (New),981,,08/21/2025,HARMONY HOSPITALITY CO LTD,2517,SR273-44P2,HARMONY HOSPITALITY CO LTD - Aug  material cost transferred from sps,264.45,
AUGCOGS-SR273-44P2,100.5,,966,A20001 - Accounts Payable Suppliers & Vendors (New),08/21/2025,HARMONY HOSPITALITY CO LTD,2517,SR273-44P2,HARMONY HOSPITALITY CO LTD - Aug  material cost transferred from sps,,264.45
AUGCOGS-SR273-44P2,101,A12001 - Inventory (New),953,,08/21/2025,HARMONY HOSPITALITY CO LTD,2517,SR273-44P2,HARMONY HOSPITALITY CO LTD - Aug  material cost transferred from sps,264.45,
AUGCOGS-SR273-44P2,101.5,,981,A51001 - Freight - Out - Expense (New),08/21/2025,HARMONY HOSPITALITY CO LTD,2517,SR273-44P2,HARMONY HOSPITALITY CO LTD - Aug  material cost transferred from sps,,264.45
AUGCOGS-25JSF01021,102,A51001 - Freight - Out - Expense (New),981,,08/30/2025,"Jasfer Industry Co., Limited",137,25JSF01021,"Jasfer Industry Co., Limited - Aug  material cost transferred from sps",150.6,
AUGCOGS-25JSF01021,102.5,,966,A20001 - Accounts Payable Suppliers & Vendors (New),08/30/2025,"Jasfer Industry Co., Limited",137,25JSF01021,"Jasfer Industry Co., Limited - Aug  material cost transferred from sps",,150.6
AUGCOGS-4162025,103,A51001 - Freight - Out - Expense (New),981,,08/30/2025,U.S. Vinyl Manufacturing,1292,4162025,U.S. Vinyl Manufacturing - Aug  material cost transferred from sps,288.06,
AUGCOGS-4162025,103.5,,966,A20001 - Accounts Payable Suppliers & Vendors (New),08/30/2025,U.S. Vinyl Manufacturing,1292,4162025,U.S. Vinyl Manufacturing - Aug  material cost transferred from sps,,288.06
AUGCOGS-25RT020701,104,A51001 - Freight - Out - Expense (New),981,,08/30/2025,"Jasfer Industry Co., Limited",137,25RT020701,"Jasfer Industry Co., Limited - Aug  material cost transferred from sps",300.72,
AUGCOGS-25RT020701,104.5,,966,A20001 - Accounts Payable Suppliers & Vendors (New),08/30/2025,"Jasfer Industry Co., Limited",137,25RT020701,"Jasfer Industry Co., Limited - Aug  material cost transferred from sps",,300.72
AUGCOGS-24JSF12036,105,A51001 - Freight - Out - Expense (New),981,,08/30/2025,"Jasfer Industry Co., Limited",137,24JSF12036,"Jasfer Industry Co., Limited - Aug  material cost transferred from sps",641.98,
AUGCOGS-24JSF12036,105.5,,966,A20001 - Accounts Payable Suppliers & Vendors (New),08/30/2025,"Jasfer Industry Co., Limited",137,24JSF12036,"Jasfer Industry Co., Limited - Aug  material cost transferred from sps",,641.98
AUGCOGS-SR273-52,106,A51001 - Freight - Out - Expense (New),981,,08/30/2025,RICHWOOD HOSPITALITY CO LTD,1285,SR273-52,RICHWOOD HOSPITALITY CO LTD - Aug  material cost transferred from sps,1578.69,
AUGCOGS-SR273-52,106.5,,966,A20001 - Accounts Payable Suppliers & Vendors (New),08/30/2025,RICHWOOD HOSPITALITY CO LTD,1285,SR273-52,RICHWOOD HOSPITALITY CO LTD - Aug  material cost transferred from sps,,1578.69
AUGCOGS-25RT032501,107,A51001 - Freight - Out - Expense (New),981,,08/30/2025,"Jasfer Industry Co., Limited",137,25RT032501,"Jasfer Industry Co., Limited - Aug  material cost transferred from sps",424.99,
AUGCOGS-25RT032501,107.5,,966,A20001 - Accounts Payable Suppliers & Vendors (New),08/30/2025,"Jasfer Industry Co., Limited",137,25RT032501,"Jasfer Industry Co., Limited - Aug  material cost transferred from sps",,424.99
AUGCOGS-4102025,108,A51001 - Freight - Out - Expense (New),981,,08/30/2025,Wendover Art Group,2488,4102025,Wendover Art Group - Aug  material cost transferred from sps,438.68,
AUGCOGS-4102025,108.5,,966,A20001 - Accounts Payable Suppliers & Vendors (New),08/30/2025,Wendover Art Group,2488,4102025,Wendover Art Group - Aug  material cost transferred from sps,,438.68
AUGCOGS-540748,33,A51001 - Freight - Out - Expense (New),981,,08/30/2025,Encore Hospitality ,3523,540748,Encore Hospitality - Aug  material cost transferred from sps,149.33,
AUGCOGS-540748,33.5,,966,A20001 - Accounts Payable Suppliers & Vendors (New),08/30/2025,Encore Hospitality,3523,540748,Encore Hospitality - Aug  material cost transferred from sps,,149.33
AUGCOGS-24US/34 -PI,38,A51001 - Freight - Out - Expense (New),981,,08/30/2025,Elastron,1246,24US/34 -PI,Elastron - Aug  material cost transferred from sps,240,
AUGCOGS-24US/34 -PI,38.5,,966,A20001 - Accounts Payable Suppliers & Vendors (New),08/30/2025,Elastron,1246,24US/34 -PI,Elastron - Aug  material cost transferred from sps,,240
AUGCOGS-24US/35 - PI,39,A51001 - Freight - Out - Expense (New),981,,08/30/2025,Elastron,1246,24US/35 - PI,Elastron - Aug  material cost transferred from sps,39,
AUGCOGS-24US/35 - PI,39.5,,966,A20001 - Accounts Payable Suppliers & Vendors (New),08/30/2025,Elastron,1246,24US/35 - PI,Elastron - Aug  material cost transferred from sps,,39
AUGCOGS-24US/33 - PI,40,A51001 - Freight - Out - Expense (New),981,,08/30/2025,Elastron,1246,24US/33 - PI,Elastron - Aug  material cost transferred from sps,160,
AUGCOGS-24US/33 - PI,40.5,,966,A20001 - Accounts Payable Suppliers & Vendors (New),08/30/2025,Elastron,1246,24US/33 - PI,Elastron - Aug  material cost transferred from sps,,160
AUGCOGS-42317-pi,109,A51001 - Freight - Out - Expense (New),981,,08/31/2025,Phillip Jeffries,3525,42317-pi,Phillip Jeffries - Aug  material cost transferred from sps,65.1,
AUGCOGS-42317-pi,109.5,,966,A20001 - Accounts Payable Suppliers & Vendors (New),08/31/2025,Phillip Jeffries,3525,42317-pi,Phillip Jeffries - Aug  material cost transferred from sps,,65.1
