EXTERNAL ID,S.no,Debit,Acount ID,Credit,Credit Internal ID,Date,Customer,Entity ID,Invoice#,Memo,Description,Debit Amt,Credit Amt,0
EXTERNAL -33495/7,2,A50001 - Cost Of Goods Sold (New),977,,,07/01/2025,Magnolia LXR Dallas TX -,3370,33495/7,Magnolia LXR Dallas TX -Import July 25 cogs for materials from SPS to Netsuite,Import July 25 cogs for materials from SPS to Netsuite,3554.96,,
EXTERNAL -33495/7,2.5,,953,A12001 - Inventory (New),953,07/01/2025,Magnolia LXR Dallas TX -,3370,33495/7,Magnolia LXR Dallas TX -Import July 25 cogs for materials from SPS to Netsuite,Import July 25 cogs for materials from SPS to Netsuite,,3554.96,
EXTERNAL -33565/10,4,A50001 - Cost Of Goods Sold (New),977,,,07/01/2025,LA QUINTA ORLANDO,2678,33565/10,LA QUINTA ORLANDOImport July 25 cogs for materials from SPS to Netsuite,Import July 25 cogs for materials from SPS to Netsuite,893.18,,
EXTERNAL -33565/10,4.5,,953,A12001 - Inventory (New),953,07/01/2025,LA QUINTA ORLANDO,2678,33565/10,LA QUINTA ORLANDOImport July 25 cogs for materials from SPS to Netsuite,Import July 25 cogs for materials from SPS to Netsuite,,893.18,
EXTERNAL -33722/5,5,A50001 - Cost Of Goods Sold (New),977,,,07/01/2025,LaQuinta/Hawthone - Knoxville TN - AMit,3367,33722/5,LaQuinta/Hawthone - Knoxville TN - AMitImport July 25 cogs for materials from SPS to Netsuite,Import July 25 cogs for materials from SPS to Netsuite,848.00,,
EXTERNAL -33722/5,5.5,,953,A12001 - Inventory (New),953,07/01/2025,LaQuinta/Hawthone - Knoxville TN - AMit,3367,33722/5,LaQuinta/Hawthone - Knoxville TN - AMitImport July 25 cogs for materials from SPS to Netsuite,Import July 25 cogs for materials from SPS to Netsuite,,848.00,
EXTERNAL -34086/8,8,A50001 - Cost Of Goods Sold (New),977,,,07/01/2025,Magnolia LXR Dallas TX -,3370,34086/8,Magnolia LXR Dallas TX -Import July 25 cogs for materials from SPS to Netsuite,Import July 25 cogs for materials from SPS to Netsuite,10311.03,,
EXTERNAL -34086/8,8.5,,953,A12001 - Inventory (New),953,07/01/2025,Magnolia LXR Dallas TX -,3370,34086/8,Magnolia LXR Dallas TX -Import July 25 cogs for materials from SPS to Netsuite,Import July 25 cogs for materials from SPS to Netsuite,,10311.03,
EXTERNAL -34113/2,9,A50001 - Cost Of Goods Sold (New),977,,,07/01/2025,"La Quinta, Anaheim CA",3361,34113/2,"La Quinta, Anaheim CAImport July 25 cogs for materials from SPS to Netsuite",Import July 25 cogs for materials from SPS to Netsuite,980.95,,
EXTERNAL -34113/2,9.5,,953,A12001 - Inventory (New),953,07/01/2025,"La Quinta, Anaheim CA",3361,34113/2,"La Quinta, Anaheim CAImport July 25 cogs for materials from SPS to Netsuite",Import July 25 cogs for materials from SPS to Netsuite,,980.95,
EXTERNAL -34289/3,10,A50001 - Cost Of Goods Sold (New),977,,,07/01/2025,LaQuinta Yakima WA,2619,34289/3,LaQuinta Yakima WAImport July 25 cogs for materials from SPS to Netsuite,Import July 25 cogs for materials from SPS to Netsuite,541.70,,
EXTERNAL -34289/3,10.5,,953,A12001 - Inventory (New),953,07/01/2025,LaQuinta Yakima WA,2619,34289/3,LaQuinta Yakima WAImport July 25 cogs for materials from SPS to Netsuite,Import July 25 cogs for materials from SPS to Netsuite,,541.70,
EXTERNAL -34967,11,A50001 - Cost Of Goods Sold (New),977,,,07/01/2025,LaQuinta Inn & Suites Oxford AL,2752,34967,LaQuinta Inn & Suites Oxford ALImport July 25 cogs for materials from SPS to Netsuite,Import July 25 cogs for materials from SPS to Netsuite,3300.55,,
EXTERNAL -34967,11.5,,953,A12001 - Inventory (New),953,07/01/2025,LaQuinta Inn & Suites Oxford AL,2752,34967,LaQuinta Inn & Suites Oxford ALImport July 25 cogs for materials from SPS to Netsuite,Import July 25 cogs for materials from SPS to Netsuite,,3300.55,
EXTERNAL -35518,12,A50001 - Cost Of Goods Sold (New),977,,,07/01/2025,Hampton Downtown Montgomery,2761,35518,Hampton Downtown MontgomeryImport July 25 cogs for materials from SPS to Netsuite,Import July 25 cogs for materials from SPS to Netsuite,28372.90,,
EXTERNAL -35518,12.5,,953,A12001 - Inventory (New),953,07/01/2025,Hampton Downtown Montgomery,2761,35518,Hampton Downtown MontgomeryImport July 25 cogs for materials from SPS to Netsuite,Import July 25 cogs for materials from SPS to Netsuite,,28372.90,
EXTERNAL -36158,13,A50001 - Cost Of Goods Sold (New),977,,,07/01/2025,Graniti Vicentia,1938,36158,Graniti VicentiaImport July 25 cogs for materials from SPS to Netsuite,Import July 25 cogs for materials from SPS to Netsuite,1277.06,,
EXTERNAL -36158,13.5,,953,A12001 - Inventory (New),953,07/01/2025,Graniti Vicentia,1938,36158,Graniti VicentiaImport July 25 cogs for materials from SPS to Netsuite,Import July 25 cogs for materials from SPS to Netsuite,,1277.06,
EXTERNAL -36159/4,14,A50001 - Cost Of Goods Sold (New),977,,,07/01/2025,Graniti Vicentia,1938,36159/4,Graniti VicentiaImport July 25 cogs for materials from SPS to Netsuite,Import July 25 cogs for materials from SPS to Netsuite,2609.63,,
EXTERNAL -36159/4,14.5,,953,A12001 - Inventory (New),953,07/01/2025,Graniti Vicentia,1938,36159/4,Graniti VicentiaImport July 25 cogs for materials from SPS to Netsuite,Import July 25 cogs for materials from SPS to Netsuite,,2609.63,
EXTERNAL -36221,15,A50001 - Cost Of Goods Sold (New),977,,,07/01/2025,CANDLEWOOD EASTRIDGE TN,3323,36221,CANDLEWOOD EASTRIDGE TNImport July 25 cogs for materials from SPS to Netsuite,Import July 25 cogs for materials from SPS to Netsuite,386.87,,
EXTERNAL -36221,15.5,,953,A12001 - Inventory (New),953,07/01/2025,CANDLEWOOD EASTRIDGE TN,3323,36221,CANDLEWOOD EASTRIDGE TNImport July 25 cogs for materials from SPS to Netsuite,Import July 25 cogs for materials from SPS to Netsuite,,386.87,
EXTERNAL -37579/3,17,A50001 - Cost Of Goods Sold (New),977,,,07/01/2025,Fairfield Townplace East Hartford,3335,37579/3,Fairfield Townplace East HartfordImport July 25 cogs for materials from SPS to Netsuite,Import July 25 cogs for materials from SPS to Netsuite,23478.33,,
EXTERNAL -37579/3,17.5,,953,A12001 - Inventory (New),953,07/01/2025,Fairfield Townplace East Hartford,3335,37579/3,Fairfield Townplace East HartfordImport July 25 cogs for materials from SPS to Netsuite,Import July 25 cogs for materials from SPS to Netsuite,,23478.33,
EXTERNAL -37759/3,18,A50001 - Cost Of Goods Sold (New),977,,,07/01/2025,"ELEMENT FORTSMITH, ARKANSAS",3330,37759/3,"ELEMENT FORTSMITH, ARKANSASImport July 25 cogs for materials from SPS to Netsuite",Import July 25 cogs for materials from SPS to Netsuite,8127.55,,
EXTERNAL -37759/3,18.5,,953,A12001 - Inventory (New),953,07/01/2025,"ELEMENT FORTSMITH, ARKANSAS",3330,37759/3,"ELEMENT FORTSMITH, ARKANSASImport July 25 cogs for materials from SPS to Netsuite",Import July 25 cogs for materials from SPS to Netsuite,,8127.55,
EXTERNAL -37959/2,19,A50001 - Cost Of Goods Sold (New),977,,,07/01/2025,Monsoon Flower LLC,1720,37959/2,Monsoon Flower LLCImport July 25 cogs for materials from SPS to Netsuite,Import July 25 cogs for materials from SPS to Netsuite,12463.65,,
EXTERNAL -37959/2,19.5,,953,A12001 - Inventory (New),953,07/01/2025,Monsoon Flower LLC,1720,37959/2,Monsoon Flower LLCImport July 25 cogs for materials from SPS to Netsuite,Import July 25 cogs for materials from SPS to Netsuite,,12463.65,
EXTERNAL -38130,20,A50001 - Cost Of Goods Sold (New),977,,,07/01/2025,"Pitt-Cran Hospitality, LLC/ Wingate Cranberry",3377,38130,"Pitt-Cran Hospitality, LLC/ Wingate CranberryImport July 25 cogs for materials from SPS to Netsuite",Import July 25 cogs for materials from SPS to Netsuite,787.36,,
EXTERNAL -38130,20.5,,953,A12001 - Inventory (New),953,07/01/2025,"Pitt-Cran Hospitality, LLC/ Wingate Cranberry",3377,38130,"Pitt-Cran Hospitality, LLC/ Wingate CranberryImport July 25 cogs for materials from SPS to Netsuite",Import July 25 cogs for materials from SPS to Netsuite,,787.36,
EXTERNAL -35796/2,21,A50001 - Cost Of Goods Sold (New),977,,,07/07/2025,Fairfield Townplace East Hartford,3335,35796/2,Fairfield Townplace East HartfordImport July 25 cogs for materials from SPS to Netsuite,Import July 25 cogs for materials from SPS to Netsuite,5111.26,,
EXTERNAL -35796/2,21.5,,953,A12001 - Inventory (New),953,07/07/2025,Fairfield Townplace East Hartford,3335,35796/2,Fairfield Townplace East HartfordImport July 25 cogs for materials from SPS to Netsuite,Import July 25 cogs for materials from SPS to Netsuite,,5111.26,
EXTERNAL -35807,22,A50001 - Cost Of Goods Sold (New),977,,,07/07/2025,Fairfield Townplace East Hartford,3335,35807,Fairfield Townplace East HartfordImport July 25 cogs for materials from SPS to Netsuite,Import July 25 cogs for materials from SPS to Netsuite,1418.87,,
EXTERNAL -35807,22.5,,953,A12001 - Inventory (New),953,07/07/2025,Fairfield Townplace East Hartford,3335,35807,Fairfield Townplace East HartfordImport July 25 cogs for materials from SPS to Netsuite,Import July 25 cogs for materials from SPS to Netsuite,,1418.87,
EXTERNAL -35808,23,A50001 - Cost Of Goods Sold (New),977,,,07/07/2025,Fairfield Townplace East Hartford,3335,35808,Fairfield Townplace East HartfordImport July 25 cogs for materials from SPS to Netsuite,Import July 25 cogs for materials from SPS to Netsuite,7421.01,,
EXTERNAL -35808,23.5,,953,A12001 - Inventory (New),953,07/07/2025,Fairfield Townplace East Hartford,3335,35808,Fairfield Townplace East HartfordImport July 25 cogs for materials from SPS to Netsuite,Import July 25 cogs for materials from SPS to Netsuite,,7421.01,
EXTERNAL -35812,24,A50001 - Cost Of Goods Sold (New),977,,,07/07/2025,Fairfield Townplace East Hartford,3335,35812,Fairfield Townplace East HartfordImport July 25 cogs for materials from SPS to Netsuite,Import July 25 cogs for materials from SPS to Netsuite,27258.19,,
EXTERNAL -35812,24.5,,953,A12001 - Inventory (New),953,07/07/2025,Fairfield Townplace East Hartford,3335,35812,Fairfield Townplace East HartfordImport July 25 cogs for materials from SPS to Netsuite,Import July 25 cogs for materials from SPS to Netsuite,,27258.19,
EXTERNAL -37579/2,25,A50001 - Cost Of Goods Sold (New),977,,,07/07/2025,Fairfield Townplace East Hartford,3335,37579/2,Fairfield Townplace East HartfordImport July 25 cogs for materials from SPS to Netsuite,Import July 25 cogs for materials from SPS to Netsuite,358.55,,
EXTERNAL -37579/2,25.5,,953,A12001 - Inventory (New),953,07/07/2025,Fairfield Townplace East Hartford,3335,37579/2,Fairfield Townplace East HartfordImport July 25 cogs for materials from SPS to Netsuite,Import July 25 cogs for materials from SPS to Netsuite,,358.55,
EXTERNAL -38235/4,26,A50001 - Cost Of Goods Sold (New),977,,,07/07/2025,Hampton Inn Nashville,3338,38235/4,Hampton Inn NashvilleImport July 25 cogs for materials from SPS to Netsuite,Import July 25 cogs for materials from SPS to Netsuite,6139.05,,
EXTERNAL -38235/4,26.5,,953,A12001 - Inventory (New),953,07/07/2025,Hampton Inn Nashville,3338,38235/4,Hampton Inn NashvilleImport July 25 cogs for materials from SPS to Netsuite,Import July 25 cogs for materials from SPS to Netsuite,,6139.05,
EXTERNAL -38382/3,27,A50001 - Cost Of Goods Sold (New),977,,,07/07/2025,Auburn Hospitality Group,1548,38382/3,Auburn Hospitality GroupImport July 25 cogs for materials from SPS to Netsuite,Import July 25 cogs for materials from SPS to Netsuite,207.44,,
EXTERNAL -38382/3,27.5,,953,A12001 - Inventory (New),953,07/07/2025,Auburn Hospitality Group,1548,38382/3,Auburn Hospitality GroupImport July 25 cogs for materials from SPS to Netsuite,Import July 25 cogs for materials from SPS to Netsuite,,207.44,
EXTERNAL -38403/2,28,A50001 - Cost Of Goods Sold (New),977,,,07/07/2025,Auburn Hospitality Group,1548,38403/2,Auburn Hospitality GroupImport July 25 cogs for materials from SPS to Netsuite,Import July 25 cogs for materials from SPS to Netsuite,570.62,,
EXTERNAL -38403/2,28.5,,953,A12001 - Inventory (New),953,07/07/2025,Auburn Hospitality Group,1548,38403/2,Auburn Hospitality GroupImport July 25 cogs for materials from SPS to Netsuite,Import July 25 cogs for materials from SPS to Netsuite,,570.62,
EXTERNAL -38403/3,29,A50001 - Cost Of Goods Sold (New),977,,,07/07/2025,Auburn Hospitality Group,1548,38403/3,Auburn Hospitality GroupImport July 25 cogs for materials from SPS to Netsuite,Import July 25 cogs for materials from SPS to Netsuite,518.72,,
EXTERNAL -38403/3,29.5,,953,A12001 - Inventory (New),953,07/07/2025,Auburn Hospitality Group,1548,38403/3,Auburn Hospitality GroupImport July 25 cogs for materials from SPS to Netsuite,Import July 25 cogs for materials from SPS to Netsuite,,518.72,
EXTERNAL -38403/4,30,A50001 - Cost Of Goods Sold (New),977,,,07/07/2025,Auburn Hospitality Group,1548,38403/4,Auburn Hospitality GroupImport July 25 cogs for materials from SPS to Netsuite,Import July 25 cogs for materials from SPS to Netsuite,3038.69,,
EXTERNAL -38403/4,30.5,,953,A12001 - Inventory (New),953,07/07/2025,Auburn Hospitality Group,1548,38403/4,Auburn Hospitality GroupImport July 25 cogs for materials from SPS to Netsuite,Import July 25 cogs for materials from SPS to Netsuite,,3038.69,
EXTERNAL -38738,31,A50001 - Cost Of Goods Sold (New),977,,,07/07/2025,Auburn Hospitality Group,1548,38738,Auburn Hospitality GroupImport July 25 cogs for materials from SPS to Netsuite,Import July 25 cogs for materials from SPS to Netsuite,527.46,,
EXTERNAL -38738,31.5,,953,A12001 - Inventory (New),953,07/07/2025,Auburn Hospitality Group,1548,38738,Auburn Hospitality GroupImport July 25 cogs for materials from SPS to Netsuite,Import July 25 cogs for materials from SPS to Netsuite,,527.46,
EXTERNAL -38394/3,34,A50001 - Cost Of Goods Sold (New),977,,,07/08/2025,Auburn Hospitality Group,1548,38394/3,Auburn Hospitality GroupImport July 25 cogs for materials from SPS to Netsuite,Import July 25 cogs for materials from SPS to Netsuite,6013.29,,
EXTERNAL -38394/3,34.5,,953,A12001 - Inventory (New),953,07/08/2025,Auburn Hospitality Group,1548,38394/3,Auburn Hospitality GroupImport July 25 cogs for materials from SPS to Netsuite,Import July 25 cogs for materials from SPS to Netsuite,,6013.29,
EXTERNAL -38396,35,A50001 - Cost Of Goods Sold (New),977,,,07/08/2025,Auburn Hospitality Group,1548,38396,Auburn Hospitality GroupImport July 25 cogs for materials from SPS to Netsuite,Import July 25 cogs for materials from SPS to Netsuite,436.38,,
EXTERNAL -38396,35.5,,953,A12001 - Inventory (New),953,07/08/2025,Auburn Hospitality Group,1548,38396,Auburn Hospitality GroupImport July 25 cogs for materials from SPS to Netsuite,Import July 25 cogs for materials from SPS to Netsuite,,436.38,
EXTERNAL -38637,36,A50001 - Cost Of Goods Sold (New),977,,,07/08/2025,Hampton Inn Nashville,3338,38637,Hampton Inn NashvilleImport July 25 cogs for materials from SPS to Netsuite,Import July 25 cogs for materials from SPS to Netsuite,18175.81,,
EXTERNAL -38637,36.5,,953,A12001 - Inventory (New),953,07/08/2025,Hampton Inn Nashville,3338,38637,Hampton Inn NashvilleImport July 25 cogs for materials from SPS to Netsuite,Import July 25 cogs for materials from SPS to Netsuite,,18175.81,
EXTERNAL -35797/2,37,A50001 - Cost Of Goods Sold (New),977,,,07/09/2025,Fairfield Townplace East Hartford,3335,35797/2,Fairfield Townplace East HartfordImport July 25 cogs for materials from SPS to Netsuite,Import July 25 cogs for materials from SPS to Netsuite,44426.08,,
EXTERNAL -35797/2,37.5,,953,A12001 - Inventory (New),953,07/09/2025,Fairfield Townplace East Hartford,3335,35797/2,Fairfield Townplace East HartfordImport July 25 cogs for materials from SPS to Netsuite,Import July 25 cogs for materials from SPS to Netsuite,,44426.08,
EXTERNAL -35809/2,38,A50001 - Cost Of Goods Sold (New),977,,,07/09/2025,Fairfield Townplace East Hartford,3335,35809/2,Fairfield Townplace East HartfordImport July 25 cogs for materials from SPS to Netsuite,Import July 25 cogs for materials from SPS to Netsuite,43182.94,,
EXTERNAL -35809/2,38.5,,953,A12001 - Inventory (New),953,07/09/2025,Fairfield Townplace East Hartford,3335,35809/2,Fairfield Townplace East HartfordImport July 25 cogs for materials from SPS to Netsuite,Import July 25 cogs for materials from SPS to Netsuite,,43182.94,
EXTERNAL -37676/2,39,A50001 - Cost Of Goods Sold (New),977,,,07/09/2025,Ascent Residence inn Montgomery,3320,37676/2,Ascent Residence inn MontgomeryImport July 25 cogs for materials from SPS to Netsuite,Import July 25 cogs for materials from SPS to Netsuite,183269.71,,
EXTERNAL -37676/2,39.5,,953,A12001 - Inventory (New),953,07/09/2025,Ascent Residence inn Montgomery,3320,37676/2,Ascent Residence inn MontgomeryImport July 25 cogs for materials from SPS to Netsuite,Import July 25 cogs for materials from SPS to Netsuite,,183269.71,
EXTERNAL -37683/7,40,A50001 - Cost Of Goods Sold (New),977,,,07/09/2025,Ascent Residence inn Montgomery,3320,37683/7,Ascent Residence inn MontgomeryImport July 25 cogs for materials from SPS to Netsuite,Import July 25 cogs for materials from SPS to Netsuite,783.96,,
EXTERNAL -37683/7,40.5,,953,A12001 - Inventory (New),953,07/09/2025,Ascent Residence inn Montgomery,3320,37683/7,Ascent Residence inn MontgomeryImport July 25 cogs for materials from SPS to Netsuite,Import July 25 cogs for materials from SPS to Netsuite,,783.96,
EXTERNAL -35431/7,42,A50001 - Cost Of Goods Sold (New),977,,,07/11/2025,"Jay Sun Hospitality LLC / La Quinta La Habra,CA",3351,35431/7,"Jay Sun Hospitality LLC / La Quinta La Habra,CAImport July 25 cogs for materials from SPS to Netsuite",Import July 25 cogs for materials from SPS to Netsuite,0.00,,
EXTERNAL -35431/7,42.5,,953,A12001 - Inventory (New),953,07/11/2025,"Jay Sun Hospitality LLC / La Quinta La Habra,CA",3351,35431/7,"Jay Sun Hospitality LLC / La Quinta La Habra,CAImport July 25 cogs for materials from SPS to Netsuite",Import July 25 cogs for materials from SPS to Netsuite,,0.00,
EXTERNAL -37061/6,44,A50001 - Cost Of Goods Sold (New),977,,,07/11/2025,DFW Joseph Investments LLC,1708,37061/6,DFW Joseph Investments LLCImport July 25 cogs for materials from SPS to Netsuite,Import July 25 cogs for materials from SPS to Netsuite,41969.68,,
EXTERNAL -37061/6,44.5,,953,A12001 - Inventory (New),953,07/11/2025,DFW Joseph Investments LLC,1708,37061/6,DFW Joseph Investments LLCImport July 25 cogs for materials from SPS to Netsuite,Import July 25 cogs for materials from SPS to Netsuite,,41969.68,
EXTERNAL -37271/12,45,A50001 - Cost Of Goods Sold (New),977,,,07/11/2025,Northlake Innkeepers I Ltd.,3375,37271/12,Northlake Innkeepers I Ltd.Import July 25 cogs for materials from SPS to Netsuite,Import July 25 cogs for materials from SPS to Netsuite,2002.92,,
EXTERNAL -37271/12,45.5,,953,A12001 - Inventory (New),953,07/11/2025,Northlake Innkeepers I Ltd.,3375,37271/12,Northlake Innkeepers I Ltd.Import July 25 cogs for materials from SPS to Netsuite,Import July 25 cogs for materials from SPS to Netsuite,,2002.92,
EXTERNAL -37288/5,46,A50001 - Cost Of Goods Sold (New),977,,,07/11/2025,Northlake Innkeepers I Ltd.,3375,37288/5,Northlake Innkeepers I Ltd.Import July 25 cogs for materials from SPS to Netsuite,Import July 25 cogs for materials from SPS to Netsuite,3301.16,,
EXTERNAL -37288/5,46.5,,953,A12001 - Inventory (New),953,07/11/2025,Northlake Innkeepers I Ltd.,3375,37288/5,Northlake Innkeepers I Ltd.Import July 25 cogs for materials from SPS to Netsuite,Import July 25 cogs for materials from SPS to Netsuite,,3301.16,
EXTERNAL -37288/6,47,A50001 - Cost Of Goods Sold (New),977,,,07/11/2025,Northlake Innkeepers I Ltd.,3375,37288/6,Northlake Innkeepers I Ltd.Import July 25 cogs for materials from SPS to Netsuite,Import July 25 cogs for materials from SPS to Netsuite,1429.80,,
EXTERNAL -37288/6,47.5,,953,A12001 - Inventory (New),953,07/11/2025,Northlake Innkeepers I Ltd.,3375,37288/6,Northlake Innkeepers I Ltd.Import July 25 cogs for materials from SPS to Netsuite,Import July 25 cogs for materials from SPS to Netsuite,,1429.80,
EXTERNAL -37762/3,48,A50001 - Cost Of Goods Sold (New),977,,,07/11/2025,DFW Joseph Investments LLC,1708,37762/3,DFW Joseph Investments LLCImport July 25 cogs for materials from SPS to Netsuite,Import July 25 cogs for materials from SPS to Netsuite,2299.00,,
EXTERNAL -37762/3,48.5,,953,A12001 - Inventory (New),953,07/11/2025,DFW Joseph Investments LLC,1708,37762/3,DFW Joseph Investments LLCImport July 25 cogs for materials from SPS to Netsuite,Import July 25 cogs for materials from SPS to Netsuite,,2299.00,
EXTERNAL -36569/2,49,A50001 - Cost Of Goods Sold (New),977,,,7/14/2025,Prince Preferred Hotels,649,36569/2,Prince Preferred HotelsImport July 25 cogs for materials from SPS to Netsuite,Import July 25 cogs for materials from SPS to Netsuite,4467.28,,
EXTERNAL -36569/2,49.5,,953,A12001 - Inventory (New),953,7/14/2025,Prince Preferred Hotels,649,36569/2,Prince Preferred HotelsImport July 25 cogs for materials from SPS to Netsuite,Import July 25 cogs for materials from SPS to Netsuite,,4467.28,
EXTERNAL -36576/2,50,A50001 - Cost Of Goods Sold (New),977,,,7/14/2025,Prince Preferred Hotels,649,36576/2,Prince Preferred HotelsImport July 25 cogs for materials from SPS to Netsuite,Import July 25 cogs for materials from SPS to Netsuite,14000.89,,
EXTERNAL -36576/2,50.5,,953,A12001 - Inventory (New),953,7/14/2025,Prince Preferred Hotels,649,36576/2,Prince Preferred HotelsImport July 25 cogs for materials from SPS to Netsuite,Import July 25 cogs for materials from SPS to Netsuite,,14000.89,
EXTERNAL -36580/2,51,A50001 - Cost Of Goods Sold (New),977,,,7/14/2025,Prince Preferred Hotels,649,36580/2,Prince Preferred HotelsImport July 25 cogs for materials from SPS to Netsuite,Import July 25 cogs for materials from SPS to Netsuite,419.36,,
EXTERNAL -36580/2,51.5,,953,A12001 - Inventory (New),953,7/14/2025,Prince Preferred Hotels,649,36580/2,Prince Preferred HotelsImport July 25 cogs for materials from SPS to Netsuite,Import July 25 cogs for materials from SPS to Netsuite,,419.36,
EXTERNAL -36582/2,52,A50001 - Cost Of Goods Sold (New),977,,,7/14/2025,Prince Preferred Hotels,649,36582/2,Prince Preferred HotelsImport July 25 cogs for materials from SPS to Netsuite,Import July 25 cogs for materials from SPS to Netsuite,6129.97,,
EXTERNAL -36582/2,52.5,,953,A12001 - Inventory (New),953,7/14/2025,Prince Preferred Hotels,649,36582/2,Prince Preferred HotelsImport July 25 cogs for materials from SPS to Netsuite,Import July 25 cogs for materials from SPS to Netsuite,,6129.97,
EXTERNAL -36583/4,53,A50001 - Cost Of Goods Sold (New),977,,,7/14/2025,Prince Preferred Hotels,649,36583/4,Prince Preferred HotelsImport July 25 cogs for materials from SPS to Netsuite,Import July 25 cogs for materials from SPS to Netsuite,449.80,,
EXTERNAL -36583/4,53.5,,953,A12001 - Inventory (New),953,7/14/2025,Prince Preferred Hotels,649,36583/4,Prince Preferred HotelsImport July 25 cogs for materials from SPS to Netsuite,Import July 25 cogs for materials from SPS to Netsuite,,449.80,
EXTERNAL -38388/2,54,A50001 - Cost Of Goods Sold (New),977,,,7/14/2025,Auburn Hospitality Group,1548,38388/2,Auburn Hospitality GroupImport July 25 cogs for materials from SPS to Netsuite,Import July 25 cogs for materials from SPS to Netsuite,187888.10,,
EXTERNAL -38388/2,54.5,,953,A12001 - Inventory (New),953,7/14/2025,Auburn Hospitality Group,1548,38388/2,Auburn Hospitality GroupImport July 25 cogs for materials from SPS to Netsuite,Import July 25 cogs for materials from SPS to Netsuite,,187888.10,
EXTERNAL -38386/3,55,A50001 - Cost Of Goods Sold (New),977,,,7/16/2025,Auburn Hospitality Group,1548,38386/3,Auburn Hospitality GroupImport July 25 cogs for materials from SPS to Netsuite,Import July 25 cogs for materials from SPS to Netsuite,29426.30,,
EXTERNAL -38386/3,55.5,,953,A12001 - Inventory (New),953,7/16/2025,Auburn Hospitality Group,1548,38386/3,Auburn Hospitality GroupImport July 25 cogs for materials from SPS to Netsuite,Import July 25 cogs for materials from SPS to Netsuite,,29426.30,
EXTERNAL -38394/2,56,A50001 - Cost Of Goods Sold (New),977,,,7/16/2025,Auburn Hospitality Group,1548,38394/2,Auburn Hospitality GroupImport July 25 cogs for materials from SPS to Netsuite,Import July 25 cogs for materials from SPS to Netsuite,4262.00,,
EXTERNAL -38394/2,56.5,,953,A12001 - Inventory (New),953,7/16/2025,Auburn Hospitality Group,1548,38394/2,Auburn Hospitality GroupImport July 25 cogs for materials from SPS to Netsuite,Import July 25 cogs for materials from SPS to Netsuite,,4262.00,
EXTERNAL -38213/6,57,A50001 - Cost Of Goods Sold (New),977,,,7/18/2025,Hampton Inn Nashville,3338,38213/6,Hampton Inn NashvilleImport July 25 cogs for materials from SPS to Netsuite,Import July 25 cogs for materials from SPS to Netsuite,109103.20,,
EXTERNAL -38213/6,57.5,,953,A12001 - Inventory (New),953,7/18/2025,Hampton Inn Nashville,3338,38213/6,Hampton Inn NashvilleImport July 25 cogs for materials from SPS to Netsuite,Import July 25 cogs for materials from SPS to Netsuite,,109103.20,
EXTERNAL -DO24-00152,58,A50001 - Cost Of Goods Sold (New),977,,,7/18/2025,HEBEI VINCENTAA SCULPTURE ENGINEER CO LTD,2039,DO24-00152,HEBEI VINCENTAA SCULPTURE ENGINEER CO LTDImport July 25 cogs for materials from SPS to Netsuite,Import July 25 cogs for materials from SPS to Netsuite,5200.00,,
EXTERNAL -DO24-00152,58.5,,953,A12001 - Inventory (New),953,7/18/2025,HEBEI VINCENTAA SCULPTURE ENGINEER CO LTD,2039,DO24-00152,HEBEI VINCENTAA SCULPTURE ENGINEER CO LTDImport July 25 cogs for materials from SPS to Netsuite,Import July 25 cogs for materials from SPS to Netsuite,,5200.00,
EXTERNAL -45839,60,A50001 - Cost Of Goods Sold (New),977,,,7/23/2025,"Jasfer Industry Co., Limited",137,45839,"Jasfer Industry Co., LimitedImport July 25 cogs for materials from SPS to Netsuite",Import July 25 cogs for materials from SPS to Netsuite,19568.12,,
EXTERNAL -45839,60.5,,953,A12001 - Inventory (New),953,7/23/2025,"Jasfer Industry Co., Limited",137,45839,"Jasfer Industry Co., LimitedImport July 25 cogs for materials from SPS to Netsuite",Import July 25 cogs for materials from SPS to Netsuite,,19568.12,
EXTERNAL -37678/6,62,A50001 - Cost Of Goods Sold (New),977,,,7/24/2025,Ascent Residence inn Montgomery,3320,37678/6,Ascent Residence inn MontgomeryImport July 25 cogs for materials from SPS to Netsuite,Import July 25 cogs for materials from SPS to Netsuite,32463.58,,
EXTERNAL -37678/6,62.5,,953,A12001 - Inventory (New),953,7/24/2025,Ascent Residence inn Montgomery,3320,37678/6,Ascent Residence inn MontgomeryImport July 25 cogs for materials from SPS to Netsuite,Import July 25 cogs for materials from SPS to Netsuite,,32463.58,
EXTERNAL -38301/3,63,A50001 - Cost Of Goods Sold (New),977,,,7/25/2025,Chesterfield Hospitality Inc.,1558,38301/3,Chesterfield Hospitality Inc.Import July 25 cogs for materials from SPS to Netsuite,Import July 25 cogs for materials from SPS to Netsuite,8893.70,,
EXTERNAL -38301/3,63.5,,953,A12001 - Inventory (New),953,7/25/2025,Chesterfield Hospitality Inc.,1558,38301/3,Chesterfield Hospitality Inc.Import July 25 cogs for materials from SPS to Netsuite,Import July 25 cogs for materials from SPS to Netsuite,,8893.70,
EXTERNAL -38304/2,64,A50001 - Cost Of Goods Sold (New),977,,,7/25/2025,Chesterfield Hospitality Inc.,1558,38304/2,Chesterfield Hospitality Inc.Import July 25 cogs for materials from SPS to Netsuite,Import July 25 cogs for materials from SPS to Netsuite,2033.83,,
EXTERNAL -38304/2,64.5,,953,A12001 - Inventory (New),953,7/25/2025,Chesterfield Hospitality Inc.,1558,38304/2,Chesterfield Hospitality Inc.Import July 25 cogs for materials from SPS to Netsuite,Import July 25 cogs for materials from SPS to Netsuite,,2033.83,
EXTERNAL -38332,65,A50001 - Cost Of Goods Sold (New),977,,,7/25/2025,"Residence Inn Pearland, TX",2466,38332,"Residence Inn Pearland, TXImport July 25 cogs for materials from SPS to Netsuite",Import July 25 cogs for materials from SPS to Netsuite,7741.34,,
EXTERNAL -38332,65.5,,953,A12001 - Inventory (New),953,7/25/2025,"Residence Inn Pearland, TX",2466,38332,"Residence Inn Pearland, TXImport July 25 cogs for materials from SPS to Netsuite",Import July 25 cogs for materials from SPS to Netsuite,,7741.34,
EXTERNAL -38299/2,66,A50001 - Cost Of Goods Sold (New),977,,,7/26/2025,Chesterfield Hospitality Inc.,1558,38299/2,Chesterfield Hospitality Inc.Import July 25 cogs for materials from SPS to Netsuite,Import July 25 cogs for materials from SPS to Netsuite,2336.64,,
EXTERNAL -38299/2,66.5,,953,A12001 - Inventory (New),953,7/26/2025,Chesterfield Hospitality Inc.,1558,38299/2,Chesterfield Hospitality Inc.Import July 25 cogs for materials from SPS to Netsuite,Import July 25 cogs for materials from SPS to Netsuite,,2336.64,
EXTERNAL -38305/4,67,A50001 - Cost Of Goods Sold (New),977,,,7/26/2025,Chesterfield Hospitality Inc.,1558,38305/4,Chesterfield Hospitality Inc.Import July 25 cogs for materials from SPS to Netsuite,Import July 25 cogs for materials from SPS to Netsuite,9337.12,,
EXTERNAL -38305/4,67.5,,953,A12001 - Inventory (New),953,7/26/2025,Chesterfield Hospitality Inc.,1558,38305/4,Chesterfield Hospitality Inc.Import July 25 cogs for materials from SPS to Netsuite,Import July 25 cogs for materials from SPS to Netsuite,,9337.12,
EXTERNAL -38305/6,68,A50001 - Cost Of Goods Sold (New),977,,,7/26/2025,Chesterfield Hospitality Inc.,1558,38305/6,Chesterfield Hospitality Inc.Import July 25 cogs for materials from SPS to Netsuite,Import July 25 cogs for materials from SPS to Netsuite,3461.21,,
EXTERNAL -38305/6,68.5,,953,A12001 - Inventory (New),953,7/26/2025,Chesterfield Hospitality Inc.,1558,38305/6,Chesterfield Hospitality Inc.Import July 25 cogs for materials from SPS to Netsuite,Import July 25 cogs for materials from SPS to Netsuite,,3461.21,
EXTERNAL -38325/5,69,A50001 - Cost Of Goods Sold (New),977,,,7/26/2025,"Residence Inn Pearland, TX",2466,38325/5,"Residence Inn Pearland, TXImport July 25 cogs for materials from SPS to Netsuite",Import July 25 cogs for materials from SPS to Netsuite,1118.60,,
EXTERNAL -38325/5,69.5,,953,A12001 - Inventory (New),953,7/26/2025,"Residence Inn Pearland, TX",2466,38325/5,"Residence Inn Pearland, TXImport July 25 cogs for materials from SPS to Netsuite",Import July 25 cogs for materials from SPS to Netsuite,,1118.60,
EXTERNAL -38516/2,70,A50001 - Cost Of Goods Sold (New),977,,,7/28/2025,RENFROW DECORATIVE CENTER,674,38516/2,RENFROW DECORATIVE CENTERImport July 25 cogs for materials from SPS to Netsuite,Import July 25 cogs for materials from SPS to Netsuite,0.00,,
EXTERNAL -38516/2,70.5,,953,A12001 - Inventory (New),953,7/28/2025,RENFROW DECORATIVE CENTER,674,38516/2,RENFROW DECORATIVE CENTERImport July 25 cogs for materials from SPS to Netsuite,Import July 25 cogs for materials from SPS to Netsuite,,0.00,
EXTERNAL -36567/5,72,A50001 - Cost Of Goods Sold (New),977,,,7/30/2025,Prince Preferred Hotels,649,36567/5,Prince Preferred HotelsImport July 25 cogs for materials from SPS to Netsuite,Import July 25 cogs for materials from SPS to Netsuite,814.76,,
EXTERNAL -36567/5,72.5,,953,A12001 - Inventory (New),953,7/30/2025,Prince Preferred Hotels,649,36567/5,Prince Preferred HotelsImport July 25 cogs for materials from SPS to Netsuite,Import July 25 cogs for materials from SPS to Netsuite,,814.76,
EXTERNAL -36568/2,73,A50001 - Cost Of Goods Sold (New),977,,,7/30/2025,Prince Preferred Hotels,649,36568/2,Prince Preferred HotelsImport July 25 cogs for materials from SPS to Netsuite,Import July 25 cogs for materials from SPS to Netsuite,6756.13,,
EXTERNAL -36568/2,73.5,,953,A12001 - Inventory (New),953,7/30/2025,Prince Preferred Hotels,649,36568/2,Prince Preferred HotelsImport July 25 cogs for materials from SPS to Netsuite,Import July 25 cogs for materials from SPS to Netsuite,,6756.13,
EXTERNAL -36569/3,74,A50001 - Cost Of Goods Sold (New),977,,,7/30/2025,Prince Preferred Hotels,649,36569/3,Prince Preferred HotelsImport July 25 cogs for materials from SPS to Netsuite,Import July 25 cogs for materials from SPS to Netsuite,11579.06,,
EXTERNAL -36569/3,74.5,,953,A12001 - Inventory (New),953,7/30/2025,Prince Preferred Hotels,649,36569/3,Prince Preferred HotelsImport July 25 cogs for materials from SPS to Netsuite,Import July 25 cogs for materials from SPS to Netsuite,,11579.06,
EXTERNAL -36570,75,A50001 - Cost Of Goods Sold (New),977,,,7/30/2025,Prince Preferred Hotels,649,36570,Prince Preferred HotelsImport July 25 cogs for materials from SPS to Netsuite,Import July 25 cogs for materials from SPS to Netsuite,25989.86,,
EXTERNAL -36570,75.5,,953,A12001 - Inventory (New),953,7/30/2025,Prince Preferred Hotels,649,36570,Prince Preferred HotelsImport July 25 cogs for materials from SPS to Netsuite,Import July 25 cogs for materials from SPS to Netsuite,,25989.86,
EXTERNAL -36578/2,76,A50001 - Cost Of Goods Sold (New),977,,,7/30/2025,Prince Preferred Hotels,649,36578/2,Prince Preferred HotelsImport July 25 cogs for materials from SPS to Netsuite,Import July 25 cogs for materials from SPS to Netsuite,2354.56,,
EXTERNAL -36578/2,76.5,,953,A12001 - Inventory (New),953,7/30/2025,Prince Preferred Hotels,649,36578/2,Prince Preferred HotelsImport July 25 cogs for materials from SPS to Netsuite,Import July 25 cogs for materials from SPS to Netsuite,,2354.56,
EXTERNAL -36580/3,77,A50001 - Cost Of Goods Sold (New),977,,,7/30/2025,Prince Preferred Hotels,649,36580/3,Prince Preferred HotelsImport July 25 cogs for materials from SPS to Netsuite,Import July 25 cogs for materials from SPS to Netsuite,970.22,,
EXTERNAL -36580/3,77.5,,953,A12001 - Inventory (New),953,7/30/2025,Prince Preferred Hotels,649,36580/3,Prince Preferred HotelsImport July 25 cogs for materials from SPS to Netsuite,Import July 25 cogs for materials from SPS to Netsuite,,970.22,
EXTERNAL -36581,78,A50001 - Cost Of Goods Sold (New),977,,,7/30/2025,Prince Preferred Hotels,649,36581,Prince Preferred HotelsImport July 25 cogs for materials from SPS to Netsuite,Import July 25 cogs for materials from SPS to Netsuite,2749.82,,
EXTERNAL -36581,78.5,,953,A12001 - Inventory (New),953,7/30/2025,Prince Preferred Hotels,649,36581,Prince Preferred HotelsImport July 25 cogs for materials from SPS to Netsuite,Import July 25 cogs for materials from SPS to Netsuite,,2749.82,
EXTERNAL -36583/5,79,A50001 - Cost Of Goods Sold (New),977,,,7/30/2025,Prince Preferred Hotels,649,36583/5,Prince Preferred HotelsImport July 25 cogs for materials from SPS to Netsuite,Import July 25 cogs for materials from SPS to Netsuite,2202.00,,
EXTERNAL -36583/5,79.5,,953,A12001 - Inventory (New),953,7/30/2025,Prince Preferred Hotels,649,36583/5,Prince Preferred HotelsImport July 25 cogs for materials from SPS to Netsuite,Import July 25 cogs for materials from SPS to Netsuite,,2202.00,
EXTERNAL -38235/5,81,A50001 - Cost Of Goods Sold (New),977,,,7/30/2025,Hampton Inn Nashville,3338,38235/5,Hampton Inn NashvilleImport July 25 cogs for materials from SPS to Netsuite,Import July 25 cogs for materials from SPS to Netsuite,25145.31,,
EXTERNAL -38235/5,81.5,,953,A12001 - Inventory (New),953,7/30/2025,Hampton Inn Nashville,3338,38235/5,Hampton Inn NashvilleImport July 25 cogs for materials from SPS to Netsuite,Import July 25 cogs for materials from SPS to Netsuite,,25145.31,
EXTERNAL -35228/10,82,A50001 - Cost Of Goods Sold (New),977,,,7/31/2025,"La Quinta - Chelsea,AL",3355,35228/10,"La Quinta - Chelsea,ALImport July 25 cogs for materials from SPS to Netsuite",Import July 25 cogs for materials from SPS to Netsuite,5960.15,,
EXTERNAL -35228/10,82.5,,953,A12001 - Inventory (New),953,7/31/2025,"La Quinta - Chelsea,AL",3355,35228/10,"La Quinta - Chelsea,ALImport July 25 cogs for materials from SPS to Netsuite",Import July 25 cogs for materials from SPS to Netsuite,,5960.15,
EXTERNAL -35801,83,A50001 - Cost Of Goods Sold (New),977,,,7/31/2025,Fairfield Townplace East Hartford,3335,35801,Fairfield Townplace East HartfordImport July 25 cogs for materials from SPS to Netsuite,Import July 25 cogs for materials from SPS to Netsuite,59350.85,,
EXTERNAL -35801,83.5,,953,A12001 - Inventory (New),953,7/31/2025,Fairfield Townplace East Hartford,3335,35801,Fairfield Townplace East HartfordImport July 25 cogs for materials from SPS to Netsuite,Import July 25 cogs for materials from SPS to Netsuite,,59350.85,
EXTERNAL -35805,84,A50001 - Cost Of Goods Sold (New),977,,,7/31/2025,Fairfield Townplace East Hartford,3335,35805,Fairfield Townplace East HartfordImport July 25 cogs for materials from SPS to Netsuite,Import July 25 cogs for materials from SPS to Netsuite,92044.08,,
EXTERNAL -35805,84.5,,953,A12001 - Inventory (New),953,7/31/2025,Fairfield Townplace East Hartford,3335,35805,Fairfield Townplace East HartfordImport July 25 cogs for materials from SPS to Netsuite,Import July 25 cogs for materials from SPS to Netsuite,,92044.08,
EXTERNAL -36579/3,85,A50001 - Cost Of Goods Sold (New),977,,,7/31/2025,Prince Preferred Hotels,649,36579/3,Prince Preferred HotelsImport July 25 cogs for materials from SPS to Netsuite,Import July 25 cogs for materials from SPS to Netsuite,717.83,,
EXTERNAL -36579/3,85.5,,953,A12001 - Inventory (New),953,7/31/2025,Prince Preferred Hotels,649,36579/3,Prince Preferred HotelsImport July 25 cogs for materials from SPS to Netsuite,Import July 25 cogs for materials from SPS to Netsuite,,717.83,
EXTERNAL -36729,86,A50001 - Cost Of Goods Sold (New),977,,,7/31/2025,"ELEMENT FORTSMITH, ARKANSAS",3330,36729,"ELEMENT FORTSMITH, ARKANSASImport July 25 cogs for materials from SPS to Netsuite",Import July 25 cogs for materials from SPS to Netsuite,2167.08,,
EXTERNAL -36729,86.5,,953,A12001 - Inventory (New),953,7/31/2025,"ELEMENT FORTSMITH, ARKANSAS",3330,36729,"ELEMENT FORTSMITH, ARKANSASImport July 25 cogs for materials from SPS to Netsuite",Import July 25 cogs for materials from SPS to Netsuite,,2167.08,
EXTERNAL -36758/3,87,A50001 - Cost Of Goods Sold (New),977,,,7/31/2025,La Quinta Athens Alabama,2442,36758/3,La Quinta Athens AlabamaImport July 25 cogs for materials from SPS to Netsuite,Import July 25 cogs for materials from SPS to Netsuite,540.48,,
EXTERNAL -36758/3,87.5,,953,A12001 - Inventory (New),953,7/31/2025,La Quinta Athens Alabama,2442,36758/3,La Quinta Athens AlabamaImport July 25 cogs for materials from SPS to Netsuite,Import July 25 cogs for materials from SPS to Netsuite,,540.48,
EXTERNAL -36766/3,88,A50001 - Cost Of Goods Sold (New),977,,,7/31/2025,La Quinta Athens Alabama,2442,36766/3,La Quinta Athens AlabamaImport July 25 cogs for materials from SPS to Netsuite,Import July 25 cogs for materials from SPS to Netsuite,7869.69,,
EXTERNAL -36766/3,88.5,,953,A12001 - Inventory (New),953,7/31/2025,La Quinta Athens Alabama,2442,36766/3,La Quinta Athens AlabamaImport July 25 cogs for materials from SPS to Netsuite,Import July 25 cogs for materials from SPS to Netsuite,,7869.69,
EXTERNAL -36920/4,89,A50001 - Cost Of Goods Sold (New),977,,,7/31/2025,AUTOGRAPH MAYA-PS,464,36920/4,AUTOGRAPH MAYA-PSImport July 25 cogs for materials from SPS to Netsuite,Import July 25 cogs for materials from SPS to Netsuite,20085.50,,
EXTERNAL -36920/4,89.5,,953,A12001 - Inventory (New),953,7/31/2025,AUTOGRAPH MAYA-PS,464,36920/4,AUTOGRAPH MAYA-PSImport July 25 cogs for materials from SPS to Netsuite,Import July 25 cogs for materials from SPS to Netsuite,,20085.50,
EXTERNAL -37239,90,A50001 - Cost Of Goods Sold (New),977,,,7/31/2025,Fairfield Townplace East Hartford,3335,37239,Fairfield Townplace East HartfordImport July 25 cogs for materials from SPS to Netsuite,Import July 25 cogs for materials from SPS to Netsuite,40121.46,,
EXTERNAL -37239,90.5,,953,A12001 - Inventory (New),953,7/31/2025,Fairfield Townplace East Hartford,3335,37239,Fairfield Townplace East HartfordImport July 25 cogs for materials from SPS to Netsuite,Import July 25 cogs for materials from SPS to Netsuite,,40121.46,
EXTERNAL -37283,91,A50001 - Cost Of Goods Sold (New),977,,,7/31/2025,La Quinta Athens Alabama,2442,37283,La Quinta Athens AlabamaImport July 25 cogs for materials from SPS to Netsuite,Import July 25 cogs for materials from SPS to Netsuite,577.45,,
EXTERNAL -37283,91.5,,953,A12001 - Inventory (New),953,7/31/2025,La Quinta Athens Alabama,2442,37283,La Quinta Athens AlabamaImport July 25 cogs for materials from SPS to Netsuite,Import July 25 cogs for materials from SPS to Netsuite,,577.45,
EXTERNAL -37369,92,A50001 - Cost Of Goods Sold (New),977,,,7/31/2025,AFP 108 Corp.,2601,37369,AFP 108 Corp.Import July 25 cogs for materials from SPS to Netsuite,Import July 25 cogs for materials from SPS to Netsuite,0.00,,
EXTERNAL -37369,92.5,,953,A12001 - Inventory (New),953,7/31/2025,AFP 108 Corp.,2601,37369,AFP 108 Corp.Import July 25 cogs for materials from SPS to Netsuite,Import July 25 cogs for materials from SPS to Netsuite,,0.00,
EXTERNAL -37412/4,93,A50001 - Cost Of Goods Sold (New),977,,,7/31/2025,Ascent Hospitality Element Carmel Indiana,3314,37412/4,Ascent Hospitality Element Carmel IndianaImport July 25 cogs for materials from SPS to Netsuite,Import July 25 cogs for materials from SPS to Netsuite,27.26,,
EXTERNAL -37412/4,93.5,,953,A12001 - Inventory (New),953,7/31/2025,Ascent Hospitality Element Carmel Indiana,3314,37412/4,Ascent Hospitality Element Carmel IndianaImport July 25 cogs for materials from SPS to Netsuite,Import July 25 cogs for materials from SPS to Netsuite,,27.26,
EXTERNAL -37682,94,A50001 - Cost Of Goods Sold (New),977,,,7/31/2025,Ascent Residence inn Montgomery,3320,37682,Ascent Residence inn MontgomeryImport July 25 cogs for materials from SPS to Netsuite,Import July 25 cogs for materials from SPS to Netsuite,45609.45,,
EXTERNAL -37682,94.5,,953,A12001 - Inventory (New),953,7/31/2025,Ascent Residence inn Montgomery,3320,37682,Ascent Residence inn MontgomeryImport July 25 cogs for materials from SPS to Netsuite,Import July 25 cogs for materials from SPS to Netsuite,,45609.45,
EXTERNAL -37759/4,95,A50001 - Cost Of Goods Sold (New),977,,,7/31/2025,"ELEMENT FORTSMITH, ARKANSAS",3330,37759/4,"ELEMENT FORTSMITH, ARKANSASImport July 25 cogs for materials from SPS to Netsuite",Import July 25 cogs for materials from SPS to Netsuite,2882.82,,
EXTERNAL -37759/4,95.5,,953,A12001 - Inventory (New),953,7/31/2025,"ELEMENT FORTSMITH, ARKANSAS",3330,37759/4,"ELEMENT FORTSMITH, ARKANSASImport July 25 cogs for materials from SPS to Netsuite",Import July 25 cogs for materials from SPS to Netsuite,,2882.82,
EXTERNAL -38357/2,96,A50001 - Cost Of Goods Sold (New),977,,,7/31/2025,Ascent Hospitality- Autograph Huntsville,3318,38357/2,Ascent Hospitality- Autograph HuntsvilleImport July 25 cogs for materials from SPS to Netsuite,Import July 25 cogs for materials from SPS to Netsuite,928.46,,
EXTERNAL -38357/2,96.5,,953,A12001 - Inventory (New),953,7/31/2025,Ascent Hospitality- Autograph Huntsville,3318,38357/2,Ascent Hospitality- Autograph HuntsvilleImport July 25 cogs for materials from SPS to Netsuite,Import July 25 cogs for materials from SPS to Netsuite,,928.46,
EXTERNAL -38361/2,97,A50001 - Cost Of Goods Sold (New),977,,,7/31/2025,Ascent Hospitality- Autograph Huntsville,3318,38361/2,Ascent Hospitality- Autograph HuntsvilleImport July 25 cogs for materials from SPS to Netsuite,Import July 25 cogs for materials from SPS to Netsuite,987290.94,,
EXTERNAL -38361/2,97.5,,953,A12001 - Inventory (New),953,7/31/2025,Ascent Hospitality- Autograph Huntsville,3318,38361/2,Ascent Hospitality- Autograph HuntsvilleImport July 25 cogs for materials from SPS to Netsuite,Import July 25 cogs for materials from SPS to Netsuite,,987290.94,
EXTERNAL -38362,98,A50001 - Cost Of Goods Sold (New),977,,,7/31/2025,Ascent Hospitality- Autograph Huntsville,3318,38362,Ascent Hospitality- Autograph HuntsvilleImport July 25 cogs for materials from SPS to Netsuite,Import July 25 cogs for materials from SPS to Netsuite,151319.27,,
EXTERNAL -38362,98.5,,953,A12001 - Inventory (New),953,7/31/2025,Ascent Hospitality- Autograph Huntsville,3318,38362,Ascent Hospitality- Autograph HuntsvilleImport July 25 cogs for materials from SPS to Netsuite,Import July 25 cogs for materials from SPS to Netsuite,,151319.27,
EXTERNAL -38362/2,99,A50001 - Cost Of Goods Sold (New),977,,,7/31/2025,Ascent Hospitality- Autograph Huntsville,3318,38362/2,Ascent Hospitality- Autograph HuntsvilleImport July 25 cogs for materials from SPS to Netsuite,Import July 25 cogs for materials from SPS to Netsuite,27734.05,,
EXTERNAL -38362/2,99.5,,953,A12001 - Inventory (New),953,7/31/2025,Ascent Hospitality- Autograph Huntsville,3318,38362/2,Ascent Hospitality- Autograph HuntsvilleImport July 25 cogs for materials from SPS to Netsuite,Import July 25 cogs for materials from SPS to Netsuite,,27734.05,
EXTERNAL -38363/2,100,A50001 - Cost Of Goods Sold (New),977,,,7/31/2025,Ascent Hospitality- Autograph Huntsville,3318,38363/2,Ascent Hospitality- Autograph HuntsvilleImport July 25 cogs for materials from SPS to Netsuite,Import July 25 cogs for materials from SPS to Netsuite,4386.24,,
EXTERNAL -38363/2,100.5,,953,A12001 - Inventory (New),953,7/31/2025,Ascent Hospitality- Autograph Huntsville,3318,38363/2,Ascent Hospitality- Autograph HuntsvilleImport July 25 cogs for materials from SPS to Netsuite,Import July 25 cogs for materials from SPS to Netsuite,,4386.24,
EXTERNAL -38365/8,101,A50001 - Cost Of Goods Sold (New),977,,,7/31/2025,Ascent Hospitality- Autograph Huntsville,3318,38365/8,Ascent Hospitality- Autograph HuntsvilleImport July 25 cogs for materials from SPS to Netsuite,Import July 25 cogs for materials from SPS to Netsuite,226.01,,
EXTERNAL -38365/8,101.5,,953,A12001 - Inventory (New),953,7/31/2025,Ascent Hospitality- Autograph Huntsville,3318,38365/8,Ascent Hospitality- Autograph HuntsvilleImport July 25 cogs for materials from SPS to Netsuite,Import July 25 cogs for materials from SPS to Netsuite,,226.01,
EXTERNAL -38368/3,102,A50001 - Cost Of Goods Sold (New),977,,,7/31/2025,Ascent Hospitality- Autograph Huntsville,3318,38368/3,Ascent Hospitality- Autograph HuntsvilleImport July 25 cogs for materials from SPS to Netsuite,Import July 25 cogs for materials from SPS to Netsuite,31869.05,,
EXTERNAL -38368/3,102.5,,953,A12001 - Inventory (New),953,7/31/2025,Ascent Hospitality- Autograph Huntsville,3318,38368/3,Ascent Hospitality- Autograph HuntsvilleImport July 25 cogs for materials from SPS to Netsuite,Import July 25 cogs for materials from SPS to Netsuite,,31869.05,
EXTERNAL -38384,103,A50001 - Cost Of Goods Sold (New),977,,,7/31/2025,Auburn Hospitality Group,1548,38384,Auburn Hospitality GroupImport July 25 cogs for materials from SPS to Netsuite,Import July 25 cogs for materials from SPS to Netsuite,15788.49,,
EXTERNAL -38384,103.5,,953,A12001 - Inventory (New),953,7/31/2025,Auburn Hospitality Group,1548,38384,Auburn Hospitality GroupImport July 25 cogs for materials from SPS to Netsuite,Import July 25 cogs for materials from SPS to Netsuite,,15788.49,
EXTERNAL -38386/5,104,A50001 - Cost Of Goods Sold (New),977,,,7/31/2025,Auburn Hospitality Group,1548,38386/5,Auburn Hospitality GroupImport July 25 cogs for materials from SPS to Netsuite,Import July 25 cogs for materials from SPS to Netsuite,15594.23,,
EXTERNAL -38386/5,104.5,,953,A12001 - Inventory (New),953,7/31/2025,Auburn Hospitality Group,1548,38386/5,Auburn Hospitality GroupImport July 25 cogs for materials from SPS to Netsuite,Import July 25 cogs for materials from SPS to Netsuite,,15594.23,
EXTERNAL -38400,105,A50001 - Cost Of Goods Sold (New),977,,,7/31/2025,Auburn Hospitality Group,1548,38400,Auburn Hospitality GroupImport July 25 cogs for materials from SPS to Netsuite,Import July 25 cogs for materials from SPS to Netsuite,9049.00,,
EXTERNAL -38400,105.5,,953,A12001 - Inventory (New),953,7/31/2025,Auburn Hospitality Group,1548,38400,Auburn Hospitality GroupImport July 25 cogs for materials from SPS to Netsuite,Import July 25 cogs for materials from SPS to Netsuite,,9049.00,
EXTERNAL -38623,106,A50001 - Cost Of Goods Sold (New),977,,,7/31/2025,Trylon LLC/ RJ Construction LTD,1688,38623,Trylon LLC/ RJ Construction LTDImport July 25 cogs for materials from SPS to Netsuite,Import July 25 cogs for materials from SPS to Netsuite,2434.00,,
EXTERNAL -38623,106.5,,953,A12001 - Inventory (New),953,7/31/2025,Trylon LLC/ RJ Construction LTD,1688,38623,Trylon LLC/ RJ Construction LTDImport July 25 cogs for materials from SPS to Netsuite,Import July 25 cogs for materials from SPS to Netsuite,,2434.00,
EXTERNAL -38724,107,A50001 - Cost Of Goods Sold (New),977,,,7/31/2025,Ascent hospitality Townplace Suites Fairburn IN,2713,38724,Ascent hospitality Townplace Suites Fairburn INImport July 25 cogs for materials from SPS to Netsuite,Import July 25 cogs for materials from SPS to Netsuite,2617.33,,
EXTERNAL -38724,107.5,,953,A12001 - Inventory (New),953,7/31/2025,Ascent hospitality Townplace Suites Fairburn IN,2713,38724,Ascent hospitality Townplace Suites Fairburn INImport July 25 cogs for materials from SPS to Netsuite,Import July 25 cogs for materials from SPS to Netsuite,,2617.33,
EXTERNAL -1143438,112,A12001 - Inventory (New),953,,,07/01/2025,Signature Flooring,1972,1143438,Signature FlooringImport July 25 cogs for freight from SPS to Netsuite,Import July 25 cogs for freight from SPS to Netsuite,1961.54,,
EXTERNAL -1143438,112.5,,981,A51001 - Freight - Out - Expense (New),981,07/01/2025,Signature Flooring,1972,1143438,Signature FlooringImport July 25 cogs for freight from SPS to Netsuite,Import July 25 cogs for freight from SPS to Netsuite,,1961.54,
EXTERNAL -SR412-2,113,A51001 - Freight - Out - Expense (New),981,,,07/01/2025,RICHWOOD HOSPITALITY CO LTD,1285,SR412-2,RICHWOOD HOSPITALITY CO LTDImport July 25 cogs for freight from SPS to Netsuite,Import July 25 cogs for freight from SPS to Netsuite,1365.40,,
EXTERNAL -SR412-2,113.5,,966,A20001 - Accounts Payable Suppliers & Vendors (New),966,07/01/2025,RICHWOOD HOSPITALITY CO LTD,1285,SR412-2,RICHWOOD HOSPITALITY CO LTDImport July 25 cogs for freight from SPS to Netsuite,Import July 25 cogs for freight from SPS to Netsuite,,1365.40,
EXTERNAL -SR412-2,114,A12001 - Inventory (New),953,,,07/01/2025,RICHWOOD HOSPITALITY CO LTD,1285,SR412-2,RICHWOOD HOSPITALITY CO LTDImport July 25 cogs for freight from SPS to Netsuite,Import July 25 cogs for freight from SPS to Netsuite,318.21,,
EXTERNAL -SR412-2,114.5,,981,A51001 - Freight - Out - Expense (New),981,07/01/2025,RICHWOOD HOSPITALITY CO LTD,1285,SR412-2,RICHWOOD HOSPITALITY CO LTDImport July 25 cogs for freight from SPS to Netsuite,Import July 25 cogs for freight from SPS to Netsuite,,318.21,
EXTERNAL -SR151-10 - to under AP bill,115,A51001 - Freight - Out - Expense (New),981,,,07/01/2025,HARMONY HOSPITALITY CO LTD,2517,SR151-10 - to under AP bill,HARMONY HOSPITALITY CO LTDImport July 25 cogs for freight from SPS to Netsuite,Import July 25 cogs for freight from SPS to Netsuite,84200.00,,
EXTERNAL -SR151-10 - to under AP bill,115.5,,966,A20001 - Accounts Payable Suppliers & Vendors (New),966,07/01/2025,HARMONY HOSPITALITY CO LTD,2517,SR151-10 - to under AP bill,HARMONY HOSPITALITY CO LTDImport July 25 cogs for freight from SPS to Netsuite,Import July 25 cogs for freight from SPS to Netsuite,,84200.00,
EXTERNAL -SR151-10 - to enter inventory cost,116,A12001 - Inventory (New),953,,,07/01/2025,HARMONY HOSPITALITY CO LTD,2517,SR151-10 - to enter inventory cost,HARMONY HOSPITALITY CO LTDImport July 25 cogs for freight from SPS to Netsuite,Import July 25 cogs for freight from SPS to Netsuite,110.00,,
EXTERNAL -SR151-10 - to enter inventory cost,116.5,,966,A20001 - Accounts Payable Suppliers & Vendors (New),966,07/01/2025,HARMONY HOSPITALITY CO LTD,2517,SR151-10 - to enter inventory cost,HARMONY HOSPITALITY CO LTDImport July 25 cogs for freight from SPS to Netsuite,Import July 25 cogs for freight from SPS to Netsuite,,110.00,
EXTERNAL -SR173-5PC,117,A51001 - Freight - Out - Expense (New),981,,,07/03/2025,HARMONY HOSPITALITY CO LTD,2517,SR173-5PC,HARMONY HOSPITALITY CO LTDImport July 25 cogs for freight from SPS to Netsuite,Import July 25 cogs for freight from SPS to Netsuite,3264.40,,
EXTERNAL -SR173-5PC,117.5,,966,A20001 - Accounts Payable Suppliers & Vendors (New),966,07/03/2025,HARMONY HOSPITALITY CO LTD,2517,SR173-5PC,HARMONY HOSPITALITY CO LTDImport July 25 cogs for freight from SPS to Netsuite,Import July 25 cogs for freight from SPS to Netsuite,,3264.40,
EXTERNAL -8118121367- AP,118,A51001 - Freight - Out - Expense (New),981,,,07/03/2025,"GRES DE ARAGON, S.A.",1961,8118121367- AP,"GRES DE ARAGON, S.A.Import July 25 cogs for freight from SPS to Netsuite",Import July 25 cogs for freight from SPS to Netsuite,3.65,,
EXTERNAL -8118121367- AP,118.5,,966,A20001 - Accounts Payable Suppliers & Vendors (New),966,07/03/2025,"GRES DE ARAGON, S.A.",1961,8118121367- AP,"GRES DE ARAGON, S.A.Import July 25 cogs for freight from SPS to Netsuite",Import July 25 cogs for freight from SPS to Netsuite,,3.65,
EXTERNAL -8118121367 - inventory,119,A12001 - Inventory (New),953,,,07/03/2025,"GRES DE ARAGON, S.A.",1961,8118121367 - inventory,"GRES DE ARAGON, S.A.Import July 25 cogs for freight from SPS to Netsuite",Import July 25 cogs for freight from SPS to Netsuite,3.65,,
EXTERNAL -8118121367 - inventory,119.5,,981,A51001 - Freight - Out - Expense (New),981,07/03/2025,"GRES DE ARAGON, S.A.",1961,8118121367 - inventory,"GRES DE ARAGON, S.A.Import July 25 cogs for freight from SPS to Netsuite",Import July 25 cogs for freight from SPS to Netsuite,,3.65,
EXTERNAL -INV-HE.05-02-03-25,120,A12001 - Inventory (New),953,,,07/03/2025,"AMY ACT CO., LTD",1331,INV-HE.05-02-03-25,"AMY ACT CO., LTDImport July 25 cogs for freight from SPS to Netsuite",Import July 25 cogs for freight from SPS to Netsuite,5905.89,,
EXTERNAL -INV-HE.05-02-03-25,120.5,,981,A51001 - Freight - Out - Expense (New),981,07/03/2025,"AMY ACT CO., LTD",1331,INV-HE.05-02-03-25,"AMY ACT CO., LTDImport July 25 cogs for freight from SPS to Netsuite",Import July 25 cogs for freight from SPS to Netsuite,,5905.89,
EXTERNAL -SR173-5PM -AP,121,A51001 - Freight - Out - Expense (New),981,,,07/03/2025,HARMONY HOSPITALITY CO LTD,2517,SR173-5PM -AP,HARMONY HOSPITALITY CO LTDImport July 25 cogs for freight from SPS to Netsuite,Import July 25 cogs for freight from SPS to Netsuite,6556.90,,
EXTERNAL -SR173-5PM -AP,121.5,,966,A20001 - Accounts Payable Suppliers & Vendors (New),966,07/03/2025,HARMONY HOSPITALITY CO LTD,2517,SR173-5PM -AP,HARMONY HOSPITALITY CO LTDImport July 25 cogs for freight from SPS to Netsuite,Import July 25 cogs for freight from SPS to Netsuite,,6556.90,
EXTERNAL -SR173-5PM - inventory,122,A12001 - Inventory (New),953,,,07/03/2025,HARMONY HOSPITALITY CO LTD,2517,SR173-5PM - inventory,HARMONY HOSPITALITY CO LTDImport July 25 cogs for freight from SPS to Netsuite,Import July 25 cogs for freight from SPS to Netsuite,210.00,,
EXTERNAL -SR173-5PM - inventory,122.5,,981,A51001 - Freight - Out - Expense (New),981,07/03/2025,HARMONY HOSPITALITY CO LTD,2517,SR173-5PM - inventory,HARMONY HOSPITALITY CO LTDImport July 25 cogs for freight from SPS to Netsuite,Import July 25 cogs for freight from SPS to Netsuite,,210.00,
EXTERNAL -SR273-41P2 - Inventory,123,A12001 - Inventory (New),953,,,07/08/2025,HARMONY HOSPITALITY CO LTD,2517,SR273-41P2 - Inventory,HARMONY HOSPITALITY CO LTDImport July 25 cogs for freight from SPS to Netsuite,Import July 25 cogs for freight from SPS to Netsuite,3909.05,,
EXTERNAL -SR273-41P2 - Inventory,123.5,,981,A51001 - Freight - Out - Expense (New),981,07/08/2025,HARMONY HOSPITALITY CO LTD,2517,SR273-41P2 - Inventory,HARMONY HOSPITALITY CO LTDImport July 25 cogs for freight from SPS to Netsuite,Import July 25 cogs for freight from SPS to Netsuite,,3909.05,
EXTERNAL -SR273-41- Inventory,124,A12001 - Inventory (New),953,,,07/08/2025,HARMONY HOSPITALITY CO LTD,2517,SR273-41- Inventory,HARMONY HOSPITALITY CO LTDImport July 25 cogs for freight from SPS to Netsuite,Import July 25 cogs for freight from SPS to Netsuite,17658.35,,
EXTERNAL -SR273-41- Inventory,124.5,,981,A51001 - Freight - Out - Expense (New),981,07/08/2025,HARMONY HOSPITALITY CO LTD,2517,SR273-41- Inventory,HARMONY HOSPITALITY CO LTDImport July 25 cogs for freight from SPS to Netsuite,Import July 25 cogs for freight from SPS to Netsuite,,17658.35,
EXTERNAL -24JS121102- Inventory,125,A12001 - Inventory (New),953,,,07/08/2025,"Jasfer Industry Co., Limited",137,24JS121102- Inventory,"Jasfer Industry Co., LimitedImport July 25 cogs for freight from SPS to Netsuite",Import July 25 cogs for freight from SPS to Netsuite,761.47,,
EXTERNAL -24JS121102- Inventory,125.5,,981,A51001 - Freight - Out - Expense (New),981,07/08/2025,"Jasfer Industry Co., Limited",137,24JS121102- Inventory,"Jasfer Industry Co., LimitedImport July 25 cogs for freight from SPS to Netsuite",Import July 25 cogs for freight from SPS to Netsuite,,761.47,
EXTERNAL -24RT111401 - AP,126,A51001 - Freight - Out - Expense (New),981,,,07/08/2025,"Jasfer Industry Co., Limited",137,24RT111401 - AP,"Jasfer Industry Co., LimitedImport July 25 cogs for freight from SPS to Netsuite",Import July 25 cogs for freight from SPS to Netsuite,7280.00,,
EXTERNAL -24RT111401 - AP,126.5,,966,A20001 - Accounts Payable Suppliers & Vendors (New),966,07/08/2025,"Jasfer Industry Co., Limited",137,24RT111401 - AP,"Jasfer Industry Co., LimitedImport July 25 cogs for freight from SPS to Netsuite",Import July 25 cogs for freight from SPS to Netsuite,,7280.00,
EXTERNAL -24RT111401 - Inventory,127,A12001 - Inventory (New),953,,,07/08/2025,"Jasfer Industry Co., Limited",137,24RT111401 - Inventory,"Jasfer Industry Co., LimitedImport July 25 cogs for freight from SPS to Netsuite",Import July 25 cogs for freight from SPS to Netsuite,8191.59,,
EXTERNAL -24RT111401 - Inventory,127.5,,981,A51001 - Freight - Out - Expense (New),981,07/08/2025,"Jasfer Industry Co., Limited",137,24RT111401 - Inventory,"Jasfer Industry Co., LimitedImport July 25 cogs for freight from SPS to Netsuite",Import July 25 cogs for freight from SPS to Netsuite,,8191.59,
EXTERNAL -24JS110401 - AP,128,A51001 - Freight - Out - Expense (New),981,,,07/08/2025,"Jasfer Industry Co., Limited",137,24JS110401 - AP,"Jasfer Industry Co., LimitedImport July 25 cogs for freight from SPS to Netsuite",Import July 25 cogs for freight from SPS to Netsuite,847.00,,
EXTERNAL -24JS110401 - AP,128.5,,966,A20001 - Accounts Payable Suppliers & Vendors (New),966,07/08/2025,"Jasfer Industry Co., Limited",137,24JS110401 - AP,"Jasfer Industry Co., LimitedImport July 25 cogs for freight from SPS to Netsuite",Import July 25 cogs for freight from SPS to Netsuite,,847.00,
EXTERNAL -24JS110401 - Inventory,129,A12001 - Inventory (New),953,,,07/08/2025,"Jasfer Industry Co., Limited",137,24JS110401 - Inventory,"Jasfer Industry Co., LimitedImport July 25 cogs for freight from SPS to Netsuite",Import July 25 cogs for freight from SPS to Netsuite,1760.46,,
EXTERNAL -24JS110401 - Inventory,129.5,,981,A51001 - Freight - Out - Expense (New),981,07/08/2025,"Jasfer Industry Co., Limited",137,24JS110401 - Inventory,"Jasfer Industry Co., LimitedImport July 25 cogs for freight from SPS to Netsuite",Import July 25 cogs for freight from SPS to Netsuite,,1760.46,
EXTERNAL -24RT103106 - AP,130,A51001 - Freight - Out - Expense (New),981,,,07/08/2025,"Jasfer Industry Co., Limited",137,24RT103106 - AP,"Jasfer Industry Co., LimitedImport July 25 cogs for freight from SPS to Netsuite",Import July 25 cogs for freight from SPS to Netsuite,847.50,,
EXTERNAL -24RT103106 - AP,130.5,,966,A20001 - Accounts Payable Suppliers & Vendors (New),966,07/08/2025,"Jasfer Industry Co., Limited",137,24RT103106 - AP,"Jasfer Industry Co., LimitedImport July 25 cogs for freight from SPS to Netsuite",Import July 25 cogs for freight from SPS to Netsuite,,847.50,
EXTERNAL -24RT103106 - Inventory,131,A12001 - Inventory (New),953,,,07/08/2025,"Jasfer Industry Co., Limited",137,24RT103106 - Inventory,"Jasfer Industry Co., LimitedImport July 25 cogs for freight from SPS to Netsuite",Import July 25 cogs for freight from SPS to Netsuite,4784.18,,
EXTERNAL -24RT103106 - Inventory,131.5,,981,A51001 - Freight - Out - Expense (New),981,07/08/2025,"Jasfer Industry Co., Limited",137,24RT103106 - Inventory,"Jasfer Industry Co., LimitedImport July 25 cogs for freight from SPS to Netsuite",Import July 25 cogs for freight from SPS to Netsuite,,4784.18,
EXTERNAL -24JS110705- inventory,132,A12001 - Inventory (New),953,,,07/08/2025,"Jasfer Industry Co., Limited",137,24JS110705- inventory,"Jasfer Industry Co., LimitedImport July 25 cogs for freight from SPS to Netsuite",Import July 25 cogs for freight from SPS to Netsuite,91.36,,
EXTERNAL -24JS110705- inventory,132.5,,981,A51001 - Freight - Out - Expense (New),981,07/08/2025,"Jasfer Industry Co., Limited",137,24JS110705- inventory,"Jasfer Industry Co., LimitedImport July 25 cogs for freight from SPS to Netsuite",Import July 25 cogs for freight from SPS to Netsuite,,91.36,
EXTERNAL -24JS111408- inventory,133,A12001 - Inventory (New),953,,,07/08/2025,"Jasfer Industry Co., Limited",137,24JS111408- inventory,"Jasfer Industry Co., LimitedImport July 25 cogs for freight from SPS to Netsuite",Import July 25 cogs for freight from SPS to Netsuite,1938.98,,
EXTERNAL -24JS111408- inventory,133.5,,981,A51001 - Freight - Out - Expense (New),981,07/08/2025,"Jasfer Industry Co., Limited",137,24JS111408- inventory,"Jasfer Industry Co., LimitedImport July 25 cogs for freight from SPS to Netsuite",Import July 25 cogs for freight from SPS to Netsuite,,1938.98,
EXTERNAL -24RT112802- inventory,134,A12001 - Inventory (New),953,,,07/08/2025,"Jasfer Industry Co., Limited",137,24RT112802- inventory,"Jasfer Industry Co., LimitedImport July 25 cogs for freight from SPS to Netsuite",Import July 25 cogs for freight from SPS to Netsuite,1302.48,,
EXTERNAL -24RT112802- inventory,134.5,,981,A51001 - Freight - Out - Expense (New),981,07/08/2025,"Jasfer Industry Co., Limited",137,24RT112802- inventory,"Jasfer Industry Co., LimitedImport July 25 cogs for freight from SPS to Netsuite",Import July 25 cogs for freight from SPS to Netsuite,,1302.48,
EXTERNAL -SR173-5S1- inventory,135,A12001 - Inventory (New),953,,,07/08/2025,RICHWOOD HOSPITALITY CO LTD,1285,SR173-5S1- inventory,RICHWOOD HOSPITALITY CO LTDImport July 25 cogs for freight from SPS to Netsuite,Import July 25 cogs for freight from SPS to Netsuite,941.00,,
EXTERNAL -SR173-5S1- inventory,135.5,,981,A51001 - Freight - Out - Expense (New),981,07/08/2025,RICHWOOD HOSPITALITY CO LTD,1285,SR173-5S1- inventory,RICHWOOD HOSPITALITY CO LTDImport July 25 cogs for freight from SPS to Netsuite,Import July 25 cogs for freight from SPS to Netsuite,,941.00,
EXTERNAL -24JS121106- inventory,136,A12001 - Inventory (New),953,,,07/08/2025,"Jasfer Industry Co., Limited",137,24JS121106- inventory,"Jasfer Industry Co., LimitedImport July 25 cogs for freight from SPS to Netsuite",Import July 25 cogs for freight from SPS to Netsuite,199.40,,
EXTERNAL -24JS121106- inventory,136.5,,981,A51001 - Freight - Out - Expense (New),981,07/08/2025,"Jasfer Industry Co., Limited",137,24JS121106- inventory,"Jasfer Industry Co., LimitedImport July 25 cogs for freight from SPS to Netsuite",Import July 25 cogs for freight from SPS to Netsuite,,199.40,
EXTERNAL -SR273-32P2- inventory,137,A12001 - Inventory (New),953,,,07/08/2025,RICHWOOD HOSPITALITY CO LTD,1285,SR273-32P2- inventory,RICHWOOD HOSPITALITY CO LTDImport July 25 cogs for freight from SPS to Netsuite,Import July 25 cogs for freight from SPS to Netsuite,25.00,,
EXTERNAL -SR273-32P2- inventory,137.5,,981,A51001 - Freight - Out - Expense (New),981,07/08/2025,RICHWOOD HOSPITALITY CO LTD,1285,SR273-32P2- inventory,RICHWOOD HOSPITALITY CO LTDImport July 25 cogs for freight from SPS to Netsuite,Import July 25 cogs for freight from SPS to Netsuite,,25.00,
EXTERNAL -22534127-E- inventory,138,A12001 - Inventory (New),953,,,07/09/2025,Fama,1248,22534127-E- inventory,FamaImport July 25 cogs for freight from SPS to Netsuite,Import July 25 cogs for freight from SPS to Netsuite,0.07,,
EXTERNAL -22534127-E- inventory,138.5,,981,A51001 - Freight - Out - Expense (New),981,07/09/2025,Fama,1248,22534127-E- inventory,FamaImport July 25 cogs for freight from SPS to Netsuite,Import July 25 cogs for freight from SPS to Netsuite,,0.07,
EXTERNAL -FJ24693315,139,A12001 - Inventory (New),953,,,07/09/2025,RICHWOOD HOSPITALITY CO LTD,1285,FJ24693315,RICHWOOD HOSPITALITY CO LTDImport July 25 cogs for freight from SPS to Netsuite,Import July 25 cogs for freight from SPS to Netsuite,10520.77,,
EXTERNAL -FJ24693315,139.5,,981,A51001 - Freight - Out - Expense (New),981,07/09/2025,RICHWOOD HOSPITALITY CO LTD,1285,FJ24693315,RICHWOOD HOSPITALITY CO LTDImport July 25 cogs for freight from SPS to Netsuite,Import July 25 cogs for freight from SPS to Netsuite,,10520.77,
EXTERNAL -SR382-3 - AP,140,A51001 - Freight - Out - Expense (New),981,,,07/09/2025,RICHWOOD HOSPITALITY CO LTD,1285,SR382-3 - AP,RICHWOOD HOSPITALITY CO LTDImport July 25 cogs for freight from SPS to Netsuite,Import July 25 cogs for freight from SPS to Netsuite,1143.09,,
EXTERNAL -SR382-3 - AP,140.5,,966,A20001 - Accounts Payable Suppliers & Vendors (New),966,07/09/2025,RICHWOOD HOSPITALITY CO LTD,1285,SR382-3 - AP,RICHWOOD HOSPITALITY CO LTDImport July 25 cogs for freight from SPS to Netsuite,Import July 25 cogs for freight from SPS to Netsuite,,1143.09,
EXTERNAL -SR382-3 - Inventory,141,A12001 - Inventory (New),953,,,07/09/2025,RICHWOOD HOSPITALITY CO LTD,1285,SR382-3 - Inventory,RICHWOOD HOSPITALITY CO LTDImport July 25 cogs for freight from SPS to Netsuite,Import July 25 cogs for freight from SPS to Netsuite,40449.97,,
EXTERNAL -SR382-3 - Inventory,141.5,,981,A51001 - Freight - Out - Expense (New),981,07/09/2025,RICHWOOD HOSPITALITY CO LTD,1285,SR382-3 - Inventory,RICHWOOD HOSPITALITY CO LTDImport July 25 cogs for freight from SPS to Netsuite,Import July 25 cogs for freight from SPS to Netsuite,,40449.97,
EXTERNAL -SR405-2S,142,A51001 - Freight - Out - Expense (New),981,,,07/09/2025,HARMONY HOSPITALITY CO LTD,2517,SR405-2S,HARMONY HOSPITALITY CO LTDImport July 25 cogs for freight from SPS to Netsuite,Import July 25 cogs for freight from SPS to Netsuite,487.50,,
EXTERNAL -SR405-2S,142.5,,966,A20001 - Accounts Payable Suppliers & Vendors (New),966,07/09/2025,HARMONY HOSPITALITY CO LTD,2517,SR405-2S,HARMONY HOSPITALITY CO LTDImport July 25 cogs for freight from SPS to Netsuite,Import July 25 cogs for freight from SPS to Netsuite,,487.50,
"EXTERNAL -SR173-5C,SR173-5K,SR382-3",143,A12001 - Inventory (New),953,,,7/14/2025,RICHWOOD HOSPITALITY CO LTD,1285,"SR173-5C,SR173-5K,SR382-3",RICHWOOD HOSPITALITY CO LTDImport July 25 cogs for freight from SPS to Netsuite,Import July 25 cogs for freight from SPS to Netsuite,2600.00,,
"EXTERNAL -SR173-5C,SR173-5K,SR382-3",143.5,,981,A51001 - Freight - Out - Expense (New),981,7/14/2025,RICHWOOD HOSPITALITY CO LTD,1285,"SR173-5C,SR173-5K,SR382-3",RICHWOOD HOSPITALITY CO LTDImport July 25 cogs for freight from SPS to Netsuite,Import July 25 cogs for freight from SPS to Netsuite,,2600.00,
EXTERNAL -SR173-5K,144,A12001 - Inventory (New),953,,,7/14/2025,RICHWOOD HOSPITALITY CO LTD,1285,SR173-5K,RICHWOOD HOSPITALITY CO LTDImport July 25 cogs for freight from SPS to Netsuite,Import July 25 cogs for freight from SPS to Netsuite,41907.90,,
EXTERNAL -SR173-5K,144.5,,981,A51001 - Freight - Out - Expense (New),981,7/14/2025,RICHWOOD HOSPITALITY CO LTD,1285,SR173-5K,RICHWOOD HOSPITALITY CO LTDImport July 25 cogs for freight from SPS to Netsuite,Import July 25 cogs for freight from SPS to Netsuite,,41907.90,
EXTERNAL -29975/VE,145,A12001 - Inventory (New),953,,,7/16/2025,ATLAS CONCORDE S.p.A,1232,29975/VE,ATLAS CONCORDE S.p.AImport July 25 cogs for freight from SPS to Netsuite,Import July 25 cogs for freight from SPS to Netsuite,3115.34,,
EXTERNAL -29975/VE,145.5,,981,A51001 - Freight - Out - Expense (New),981,7/16/2025,ATLAS CONCORDE S.p.A,1232,29975/VE,ATLAS CONCORDE S.p.AImport July 25 cogs for freight from SPS to Netsuite,Import July 25 cogs for freight from SPS to Netsuite,,3115.34,
EXTERNAL -18,146,A51001 - Freight - Out - Expense (New),981,,,7/17/2025,Pantarei,1280,18,PantareiImport July 25 cogs for freight from SPS to Netsuite,Import July 25 cogs for freight from SPS to Netsuite,33.13,,
EXTERNAL -18,146.5,,966,A20001 - Accounts Payable Suppliers & Vendors (New),966,7/17/2025,Pantarei,1280,18,PantareiImport July 25 cogs for freight from SPS to Netsuite,Import July 25 cogs for freight from SPS to Netsuite,,33.13,
EXTERNAL -18,147,A12001 - Inventory (New),953,,,7/17/2025,Pantarei,1280,18,PantareiImport July 25 cogs for freight from SPS to Netsuite,Import July 25 cogs for freight from SPS to Netsuite,33.13,,
EXTERNAL -18,147.5,,981,A51001 - Freight - Out - Expense (New),981,7/17/2025,Pantarei,1280,18,PantareiImport July 25 cogs for freight from SPS to Netsuite,Import July 25 cogs for freight from SPS to Netsuite,,33.13,
EXTERNAL -DO24-00152 - AP,148,A51001 - Freight - Out - Expense (New),981,,,7/18/2025,HEBEI VINCENTAA SCULPTURE ENGINEER CO LTD,2039,DO24-00152 - AP,HEBEI VINCENTAA SCULPTURE ENGINEER CO LTDImport July 25 cogs for freight from SPS to Netsuite,Import July 25 cogs for freight from SPS to Netsuite,15525.00,,
EXTERNAL -DO24-00152 - AP,148.5,,966,A20001 - Accounts Payable Suppliers & Vendors (New),966,7/18/2025,HEBEI VINCENTAA SCULPTURE ENGINEER CO LTD,2039,DO24-00152 - AP,HEBEI VINCENTAA SCULPTURE ENGINEER CO LTDImport July 25 cogs for freight from SPS to Netsuite,Import July 25 cogs for freight from SPS to Netsuite,,15525.00,
EXTERNAL -DO24-00152 - Inventory,149,A12001 - Inventory (New),953,,,7/18/2025,HEBEI VINCENTAA SCULPTURE ENGINEER CO LTD,2039,DO24-00152 - Inventory,HEBEI VINCENTAA SCULPTURE ENGINEER CO LTDImport July 25 cogs for freight from SPS to Netsuite,Import July 25 cogs for freight from SPS to Netsuite,53050.00,,
EXTERNAL -DO24-00152 - Inventory,149.5,,981,A51001 - Freight - Out - Expense (New),981,7/18/2025,HEBEI VINCENTAA SCULPTURE ENGINEER CO LTD,2039,DO24-00152 - Inventory,HEBEI VINCENTAA SCULPTURE ENGINEER CO LTDImport July 25 cogs for freight from SPS to Netsuite,Import July 25 cogs for freight from SPS to Netsuite,,53050.00,
EXTERNAL -ZB202501005USA,150,A51001 - Freight - Out - Expense (New),981,,,7/18/2025,ZBOM Cabinets Crop.,1297,ZB202501005USA,ZBOM Cabinets Crop.Import July 25 cogs for freight from SPS to Netsuite,Import July 25 cogs for freight from SPS to Netsuite,3801.40,,
EXTERNAL -ZB202501005USA,150.5,,966,A20001 - Accounts Payable Suppliers & Vendors (New),966,7/18/2025,ZBOM Cabinets Crop.,1297,ZB202501005USA,ZBOM Cabinets Crop.Import July 25 cogs for freight from SPS to Netsuite,Import July 25 cogs for freight from SPS to Netsuite,,3801.40,
EXTERNAL -SR350-13,151,A51001 - Freight - Out - Expense (New),981,,,7/21/2025,HARMONY HOSPITALITY CO LTD,2517,SR350-13,HARMONY HOSPITALITY CO LTDImport July 25 cogs for freight from SPS to Netsuite,Import July 25 cogs for freight from SPS to Netsuite,39.27,,
EXTERNAL -SR350-13,151.5,,966,A20001 - Accounts Payable Suppliers & Vendors (New),966,7/21/2025,HARMONY HOSPITALITY CO LTD,2517,SR350-13,HARMONY HOSPITALITY CO LTDImport July 25 cogs for freight from SPS to Netsuite,Import July 25 cogs for freight from SPS to Netsuite,,39.27,
EXTERNAL -SR350-9,152,A51001 - Freight - Out - Expense (New),981,,,7/21/2025,HARMONY HOSPITALITY CO LTD,2517,SR350-9,HARMONY HOSPITALITY CO LTDImport July 25 cogs for freight from SPS to Netsuite,Import July 25 cogs for freight from SPS to Netsuite,1072.00,,
EXTERNAL -SR350-9,152.5,,966,A20001 - Accounts Payable Suppliers & Vendors (New),966,7/21/2025,HARMONY HOSPITALITY CO LTD,2517,SR350-9,HARMONY HOSPITALITY CO LTDImport July 25 cogs for freight from SPS to Netsuite,Import July 25 cogs for freight from SPS to Netsuite,,1072.00,
