External ID,SL No., Acount Internal id,Date,Transaction#,Invoice#,Location,Type,Description,Memo,Party,Entity ID,Debit Amt,Credit Amt
SALES_TAX_PAYABLE_AUG25-38633,1,215,08/04/2025,38633,38633,GV,Invoice,TX,Sale Tax Payable Aug-2025,Classic American Homes & Renovations,2708,,109.16
SALES_TAX_PAYABLE_AUG25-38633,1.5,950,08/04/2025,38633,38633,GV,Invoice,TX,Sale Tax Payable Aug-2026,Classic American Homes & Renovations,2708,109.16,
SALES_TAX_PAYABLE_AUG25-38235/6,2,608,08/05/2025,38235/6,38235/6,GV,Invoice,TN,Sale Tax Payable Aug-2027,Hampton Inn Nashville,3338,,1131.68
SALES_TAX_PAYABLE_AUG25-38235/6,2.5,950,08/05/2025,38235/6,38235/6,GV,Invoice,TN,Sale Tax Payable Aug-2028,Hampton Inn Nashville,3338,1131.68,
SALES_TAX_PAYABLE_AUG25-36248,3,575,08/08/2025,36248,36248,GV,Invoice,GA,Sale Tax Payable Aug-2029,Kings Bay Coastal Hotel Management LLC / Wingate Kingsland,3354,,2.55
SALES_TAX_PAYABLE_AUG25-36248,3.5,950,08/08/2025,36248,36248,GV,Invoice,GA,Sale Tax Payable Aug-2030,Kings Bay Coastal Hotel Management LLC / Wingate Kingsland,3354,2.55,
SALES_TAX_PAYABLE_AUG25-36250,4,575,08/08/2025,36250,36250,GV,Invoice,GA,Sale Tax Payable Aug-2031,Kings Bay Coastal Hotel Management LLC / Wingate Kingsland,3354,,779.80
SALES_TAX_PAYABLE_AUG25-36250,4.5,950,08/08/2025,36250,36250,GV,Invoice,GA,Sale Tax Payable Aug-2032,Kings Bay Coastal Hotel Management LLC / Wingate Kingsland,3354,779.80,
SALES_TAX_PAYABLE_AUG25-38292,5,215,08/08/2025,38292,38292,GV,Invoice,TX,Sale Tax Payable Aug-2033,Veranda Homes,2275,,963.50
SALES_TAX_PAYABLE_AUG25-38292,5.5,950,08/08/2025,38292,38292,GV,Invoice,TX,Sale Tax Payable Aug-2034,Veranda Homes,2275,963.50,
SALES_TAX_PAYABLE_AUG25-38292/2,6,215,08/08/2025,38292/2,38292/2,GV,Invoice,TX,Sale Tax Payable Aug-2035,Veranda Homes,2275,,1139.84
SALES_TAX_PAYABLE_AUG25-38292/2,6.5,950,08/08/2025,38292/2,38292/2,GV,Invoice,TX,Sale Tax Payable Aug-2036,Veranda Homes,2275,1139.84,
SALES_TAX_PAYABLE_AUG25-38259,7,582,08/11/2025,38259,38259,GV,Invoice,KY,Sale Tax Payable Aug-2037,HOME2 SOMERSET,3526,,19.59
SALES_TAX_PAYABLE_AUG25-38259,7.5,950,08/11/2025,38259,38259,GV,Invoice,KY,Sale Tax Payable Aug-2038,HOME2 SOMERSET,3526,19.59,
SALES_TAX_PAYABLE_AUG25-38260,8,582,08/11/2025,38260,38260,GV,Invoice,KY,Sale Tax Payable Aug-2039,HOME2 SOMERSET,3526,,355.52
SALES_TAX_PAYABLE_AUG25-38260,8.5,950,08/11/2025,38260,38260,GV,Invoice,KY,Sale Tax Payable Aug-2040,HOME2 SOMERSET,3526,355.52,
SALES_TAX_PAYABLE_AUG25-38579,9,593,08/11/2025,38579,38579,GV,Invoice,NV,Sale Tax Payable Aug-2041,Mesquite Gaming,1554,,113.06
SALES_TAX_PAYABLE_AUG25-38579,9.5,950,08/11/2025,38579,38579,GV,Invoice,NV,Sale Tax Payable Aug-2042,Mesquite Gaming,1554,113.06,
SALES_TAX_PAYABLE_AUG25-38251/3,10,582,08/12/2025,38251/3,38251/3,GV,Invoice,KY,Sale Tax Payable Aug-2043,HOME2 SOMERSET,3526,,534.31
SALES_TAX_PAYABLE_AUG25-38251/3,10.5,950,08/12/2025,38251/3,38251/3,GV,Invoice,KY,Sale Tax Payable Aug-2044,HOME2 SOMERSET,3526,534.31,
SALES_TAX_PAYABLE_AUG25-38251/5,11,582,08/12/2025,38251/5,38251/5,GV,Invoice,KY,Sale Tax Payable Aug-2045,HOME2 SOMERSET,3526,,10.63
SALES_TAX_PAYABLE_AUG25-38251/5,11.5,950,08/12/2025,38251/5,38251/5,GV,Invoice,KY,Sale Tax Payable Aug-2046,HOME2 SOMERSET,3526,10.63,
SALES_TAX_PAYABLE_AUG25-38252/2,12,582,08/12/2025,38252/2,38252/2,GV,Invoice,KY,Sale Tax Payable Aug-2047,HOME2 SOMERSET,3526,,333.69
SALES_TAX_PAYABLE_AUG25-38252/2,12.5,950,08/12/2025,38252/2,38252/2,GV,Invoice,KY,Sale Tax Payable Aug-2048,HOME2 SOMERSET,3526,333.69,
SALES_TAX_PAYABLE_AUG25-38253/2,13,582,08/12/2025,38253/2,38253/2,GV,Invoice,KY,Sale Tax Payable Aug-2049,HOME2 SOMERSET,3526,,1363.80
SALES_TAX_PAYABLE_AUG25-38253/2,13.5,950,08/12/2025,38253/2,38253/2,GV,Invoice,KY,Sale Tax Payable Aug-2050,HOME2 SOMERSET,3526,1363.80,
SALES_TAX_PAYABLE_AUG25-38256,14,582,08/12/2025,38256,38256,GV,Invoice,KY,Sale Tax Payable Aug-2051,HOME2 SOMERSET,3526,,488.04
SALES_TAX_PAYABLE_AUG25-38256,14.5,950,08/12/2025,38256,38256,GV,Invoice,KY,Sale Tax Payable Aug-2052,HOME2 SOMERSET,3526,488.04,
SALES_TAX_PAYABLE_AUG25-38257,15,582,08/12/2025,38257,38257,GV,Invoice,KY,Sale Tax Payable Aug-2053,HOME2 SOMERSET,3526,,262.41
SALES_TAX_PAYABLE_AUG25-38257,15.5,950,08/12/2025,38257,38257,GV,Invoice,KY,Sale Tax Payable Aug-2054,HOME2 SOMERSET,3526,262.41,
SALES_TAX_PAYABLE_AUG25-38268,16,582,08/12/2025,38268,38268,GV,Invoice,KY,Sale Tax Payable Aug-2055,HOME2 SOMERSET,3526,,27.64
SALES_TAX_PAYABLE_AUG25-38268,16.5,950,08/12/2025,38268,38268,GV,Invoice,KY,Sale Tax Payable Aug-2056,HOME2 SOMERSET,3526,27.64,
SALES_TAX_PAYABLE_AUG25-38331,17,215,08/12/2025,38331,38331,GV,Invoice,TX,Sale Tax Payable Aug-2057,"Residence Inn Pearland, TX",2466,,624.80
SALES_TAX_PAYABLE_AUG25-38331,17.5,950,08/12/2025,38331,38331,GV,Invoice,TX,Sale Tax Payable Aug-2058,"Residence Inn Pearland, TX",2466,624.80,
SALES_TAX_PAYABLE_AUG25-38204/2,18,612,08/13/2025,38204/2,38204/2,GV,Invoice,WA,Sale Tax Payable Aug-2059,LQ Hawthorne Leavenworth,3412,,479.58
SALES_TAX_PAYABLE_AUG25-38204/2,18.5,950,08/13/2025,38204/2,38204/2,GV,Invoice,WA,Sale Tax Payable Aug-2060,LQ Hawthorne Leavenworth,3412,479.58,
SALES_TAX_PAYABLE_AUG25-38857,19,568,08/18/2025,38857,38857,GV,Invoice,AR,Sale Tax Payable Aug-2061,"White River Flooring, Inc.",2553,,1207.44
SALES_TAX_PAYABLE_AUG25-38857,19.5,950,08/18/2025,38857,38857,GV,Invoice,AR,Sale Tax Payable Aug-2062,"White River Flooring, Inc.",2553,1207.44,
SALES_TAX_PAYABLE_AUG25-38403/5,20,210,08/23/2025,38403/5,38403/5,GV,Invoice,AL,Sale Tax Payable Aug-2063,Auburn Hospitality Group,1548,,1619.27
SALES_TAX_PAYABLE_AUG25-38403/5,20.5,950,08/23/2025,38403/5,38403/5,GV,Invoice,AL,Sale Tax Payable Aug-2064,Auburn Hospitality Group,1548,1619.27,
SALES_TAX_PAYABLE_AUG25-38391/9,21,210,08/25/2025,38391/9,38391/9,GV,Invoice,AL,Sale Tax Payable Aug-2065,Auburn Hospitality Group,1548,,428.84
SALES_TAX_PAYABLE_AUG25-38391/9,21.5,950,08/25/2025,38391/9,38391/9,GV,Invoice,AL,Sale Tax Payable Aug-2066,Auburn Hospitality Group,1548,428.84,
SALES_TAX_PAYABLE_AUG25-38643/3,22,215,08/28/2025,38643/3,38643/3,GV,Invoice,TX,Sale Tax Payable Aug-2067,Mehr Consultancy,1934,,519.76
SALES_TAX_PAYABLE_AUG25-38643/3,22.5,950,08/28/2025,38643/3,38643/3,GV,Invoice,TX,Sale Tax Payable Aug-2068,Mehr Consultancy,1934,519.76,
SALES_TAX_PAYABLE_AUG25-38185,23,612,08/29/2025,38185,38185,GV,Invoice,WA,Sale Tax Payable Aug-2069,LQ Hawthorne Leavenworth,3412,,5140.62
SALES_TAX_PAYABLE_AUG25-38185,23.5,950,08/29/2025,38185,38185,GV,Invoice,WA,Sale Tax Payable Aug-2070,LQ Hawthorne Leavenworth,3412,5140.62,
SALES_TAX_PAYABLE_AUG25-38199,24,612,08/29/2025,38199,38199,GV,Invoice,WA,Sale Tax Payable Aug-2071,LQ Hawthorne Leavenworth,3412,,4545.88
SALES_TAX_PAYABLE_AUG25-38199,24.5,950,08/29/2025,38199,38199,GV,Invoice,WA,Sale Tax Payable Aug-2072,LQ Hawthorne Leavenworth,3412,4545.88,
SALES_TAX_PAYABLE_AUG25-38206/2,25,612,08/29/2025,38206/2,38206/2,GV,Invoice,WA,Sale Tax Payable Aug-2073,LQ Hawthorne Leavenworth,3412,,3759.34
SALES_TAX_PAYABLE_AUG25-38206/2,25.5,950,08/29/2025,38206/2,38206/2,GV,Invoice,WA,Sale Tax Payable Aug-2074,LQ Hawthorne Leavenworth,3412,3759.34,
SALES_TAX_PAYABLE_AUG25-38832,26,215,08/29/2025,38832,38832,GV,Invoice,TX,Sale Tax Payable Aug-2075,Veranda Homes,2275,,277.25
SALES_TAX_PAYABLE_AUG25-38832,26.5,950,08/29/2025,38832,38832,GV,Invoice,TX,Sale Tax Payable Aug-2076,Veranda Homes,2275,277.25,
SALES_TAX_PAYABLE_AUG25-38881,27,578,08/29/2025,38881,38881,GV,Invoice,IL,Sale Tax Payable Aug-2077,First Capital Advisors,2485,,27.20
SALES_TAX_PAYABLE_AUG25-38881,27.5,950,08/29/2025,38881,38881,GV,Invoice,IL,Sale Tax Payable Aug-2078,First Capital Advisors,2485,27.20,
SALES_TAX_PAYABLE_AUG25-38893,28,578,08/29/2025,38893,38893,GV,Invoice,IL,Sale Tax Payable Aug-2079,First Capital Advisors,2485,,53.97
SALES_TAX_PAYABLE_AUG25-38893,28.5,950,08/29/2025,38893,38893,GV,Invoice,IL,Sale Tax Payable Aug-2080,First Capital Advisors,2485,53.97,
SALES_TAX_PAYABLE_AUG25-33495/8,29,215,08/30/2025,33495/8,33495/8,GV,Invoice,TX,Sale Tax Payable Aug-2081,Magnolia LXR Dallas TX -,3370,,1038.63
SALES_TAX_PAYABLE_AUG25-33495/8,29.5,950,08/30/2025,33495/8,33495/8,GV,Invoice,TX,Sale Tax Payable Aug-2082,Magnolia LXR Dallas TX -,3370,1038.63,
SALES_TAX_PAYABLE_AUG25-34559/11,30,215,08/30/2025,34559/11,34559/11,GV,Invoice,TX,Sale Tax Payable Aug-2083,HAMPTON INN PEARLAND,3339,,28.35
SALES_TAX_PAYABLE_AUG25-34559/11,30.5,950,08/30/2025,34559/11,34559/11,GV,Invoice,TX,Sale Tax Payable Aug-2084,HAMPTON INN PEARLAND,3339,28.35,
SALES_TAX_PAYABLE_AUG25-37289/11,31,215,08/30/2025,37289/11,37289/11,GV,Invoice,TX,Sale Tax Payable Aug-2085,Northlake Innkeepers I Ltd.,3375,,144.41
SALES_TAX_PAYABLE_AUG25-37289/11,31.5,950,08/30/2025,37289/11,37289/11,GV,Invoice,TX,Sale Tax Payable Aug-2086,Northlake Innkeepers I Ltd.,3375,144.41,
SALES_TAX_PAYABLE_AUG25-37373/2,32,597,08/30/2025,37373/2,37373/2,GV,Invoice,NY,Sale Tax Payable Aug-2087,AFP 103 Corp,440,,261.09
SALES_TAX_PAYABLE_AUG25-37373/2,32.5,950,08/30/2025,37373/2,37373/2,GV,Invoice,NY,Sale Tax Payable Aug-2088,AFP 103 Corp,440,261.09,
SALES_TAX_PAYABLE_AUG25-37962/5,33,600,08/30/2025,37962/5,37962/5,GV,Invoice,OH,Sale Tax Payable Aug-2089,"Ritzway Group, LLC / Sheraton Columbus",3551,,25.45
SALES_TAX_PAYABLE_AUG25-37962/5,33.5,950,08/30/2025,37962/5,37962/5,GV,Invoice,OH,Sale Tax Payable Aug-2090,"Ritzway Group, LLC / Sheraton Columbus",3551,25.45,
SALES_TAX_PAYABLE_AUG25-38034,34,215,08/30/2025,38034,38034,GV,Invoice,TX,Sale Tax Payable Aug-2091,SUBLIME CUSTOM STONE,3555,,218.21
SALES_TAX_PAYABLE_AUG25-38034,34.5,950,08/30/2025,38034,38034,GV,Invoice,TX,Sale Tax Payable Aug-2092,SUBLIME CUSTOM STONE,3555,218.21,
SALES_TAX_PAYABLE_AUG25-38193/7,35,612,08/30/2025,38193/7,38193/7,GV,Invoice,WA,Sale Tax Payable Aug-2093,LQ Hawthorne Leavenworth,3412,,3.50
SALES_TAX_PAYABLE_AUG25-38193/7,35.5,950,08/30/2025,38193/7,38193/7,GV,Invoice,WA,Sale Tax Payable Aug-2094,LQ Hawthorne Leavenworth,3412,3.50,
SALES_TAX_PAYABLE_AUG25-38202/4,36,612,08/30/2025,38202/4,38202/4,GV,Invoice,WA,Sale Tax Payable Aug-2095,LQ Hawthorne Leavenworth,3412,,112.56
SALES_TAX_PAYABLE_AUG25-38202/4,36.5,950,08/30/2025,38202/4,38202/4,GV,Invoice,WA,Sale Tax Payable Aug-2096,LQ Hawthorne Leavenworth,3412,112.56,
SALES_TAX_PAYABLE_AUG25-38230,37,608,08/30/2025,38230,38230,GV,Invoice,TN,Sale Tax Payable Aug-2097,Super 8 motel - TN.,2631,,2528.08
SALES_TAX_PAYABLE_AUG25-38230,37.5,950,08/30/2025,38230,38230,GV,Invoice,TN,Sale Tax Payable Aug-2098,Super 8 motel - TN.,2631,2528.08,
SALES_TAX_PAYABLE_AUG25-38251/6,38,582,08/30/2025,38251/6,38251/6,GV,Invoice,KY,Sale Tax Payable Aug-2099,HOME2 SOMERSET,3526,,149.67
SALES_TAX_PAYABLE_AUG25-38251/6,38.5,950,08/30/2025,38251/6,38251/6,GV,Invoice,KY,Sale Tax Payable Aug-2100,HOME2 SOMERSET,3526,149.67,
SALES_TAX_PAYABLE_AUG25-38253/3,39,582,08/30/2025,38253/3,38253/3,GV,Invoice,KY,Sale Tax Payable Aug-2101,HOME2 SOMERSET,3526,,263.64
SALES_TAX_PAYABLE_AUG25-38253/3,39.5,950,08/30/2025,38253/3,38253/3,GV,Invoice,KY,Sale Tax Payable Aug-2102,HOME2 SOMERSET,3526,263.64,
SALES_TAX_PAYABLE_AUG25-38254,40,582,08/30/2025,38254,38254,GV,Invoice,KY,Sale Tax Payable Aug-2103,HOME2 SOMERSET,3526,,4212.36
SALES_TAX_PAYABLE_AUG25-38254,40.5,950,08/30/2025,38254,38254,GV,Invoice,KY,Sale Tax Payable Aug-2104,HOME2 SOMERSET,3526,4212.36,
SALES_TAX_PAYABLE_AUG25-38256/2,41,582,08/30/2025,38256/2,38256/2,GV,Invoice,KY,Sale Tax Payable Aug-2105,HOME2 SOMERSET,3526,,16133.66
SALES_TAX_PAYABLE_AUG25-38256/2,41.5,950,08/30/2025,38256/2,38256/2,GV,Invoice,KY,Sale Tax Payable Aug-2106,HOME2 SOMERSET,3526,16133.66,
SALES_TAX_PAYABLE_AUG25-38257/2,42,582,08/30/2025,38257/2,38257/2,GV,Invoice,KY,Sale Tax Payable Aug-2107,HOME2 SOMERSET,3526,,2408.25
SALES_TAX_PAYABLE_AUG25-38257/2,42.5,950,08/30/2025,38257/2,38257/2,GV,Invoice,KY,Sale Tax Payable Aug-2108,HOME2 SOMERSET,3526,2408.25,
SALES_TAX_PAYABLE_AUG25-38258/3,43,582,08/30/2025,38258/3,38258/3,GV,Invoice,KY,Sale Tax Payable Aug-2109,HOME2 SOMERSET,3526,,4914.29
SALES_TAX_PAYABLE_AUG25-38258/3,43.5,950,08/30/2025,38258/3,38258/3,GV,Invoice,KY,Sale Tax Payable Aug-2110,HOME2 SOMERSET,3526,4914.29,
SALES_TAX_PAYABLE_AUG25-38259/3,44,582,08/30/2025,38259/3,38259/3,GV,Invoice,KY,Sale Tax Payable Aug-2111,HOME2 SOMERSET,3526,,165.26
SALES_TAX_PAYABLE_AUG25-38259/3,44.5,950,08/30/2025,38259/3,38259/3,GV,Invoice,KY,Sale Tax Payable Aug-2112,HOME2 SOMERSET,3526,165.26,
SALES_TAX_PAYABLE_AUG25-38263,45,582,08/30/2025,38263,38263,GV,Invoice,KY,Sale Tax Payable Aug-2113,HOME2 SOMERSET,3526,,72.19
SALES_TAX_PAYABLE_AUG25-38263,45.5,950,08/30/2025,38263,38263,GV,Invoice,KY,Sale Tax Payable Aug-2114,HOME2 SOMERSET,3526,72.19,
SALES_TAX_PAYABLE_AUG25-38265,46,582,08/30/2025,38265,38265,GV,Invoice,KY,Sale Tax Payable Aug-2115,HOME2 SOMERSET,3526,,1304.46
SALES_TAX_PAYABLE_AUG25-38265,46.5,950,08/30/2025,38265,38265,GV,Invoice,KY,Sale Tax Payable Aug-2116,HOME2 SOMERSET,3526,1304.46,
SALES_TAX_PAYABLE_AUG25-38266,47,582,08/30/2025,38266,38266,GV,Invoice,KY,Sale Tax Payable Aug-2117,HOME2 SOMERSET,3526,,1310.89
SALES_TAX_PAYABLE_AUG25-38266,47.5,950,08/30/2025,38266,38266,GV,Invoice,KY,Sale Tax Payable Aug-2118,HOME2 SOMERSET,3526,1310.89,
SALES_TAX_PAYABLE_AUG25-38546,48,215,08/30/2025,38546,38546,GV,Invoice,TX,Sale Tax Payable Aug-2119,Northlake Innkeepers I Ltd.,3375,,3641.56
SALES_TAX_PAYABLE_AUG25-38546,48.5,950,08/30/2025,38546,38546,GV,Invoice,TX,Sale Tax Payable Aug-2120,Northlake Innkeepers I Ltd.,3375,3641.56,
SALES_TAX_PAYABLE_AUG25-38637/3,49,608,08/30/2025,38637/3,38637/3,GV,Invoice,TN,Sale Tax Payable Aug-2121,Hampton Inn Nashville,3338,,18111.67
SALES_TAX_PAYABLE_AUG25-38637/3,49.5,950,08/30/2025,38637/3,38637/3,GV,Invoice,TN,Sale Tax Payable Aug-2122,Hampton Inn Nashville,3338,18111.67,
SALES_TAX_PAYABLE_AUG25-38671/6,50,215,08/30/2025,38671/6,38671/6,GV,Invoice,TX,Sale Tax Payable Aug-2123,Monsoon Flower LLC,1720,,4653.10
SALES_TAX_PAYABLE_AUG25-38671/6,50.5,950,08/30/2025,38671/6,38671/6,GV,Invoice,TX,Sale Tax Payable Aug-2124,Monsoon Flower LLC,1720,4653.10,
SALES_TAX_PAYABLE_AUG25-38791,51,575,08/30/2025,38791,38791,GV,Invoice,GA,Sale Tax Payable Aug-2125,Floor Source,2307,,230.92
SALES_TAX_PAYABLE_AUG25-38791,51.5,950,08/30/2025,38791,38791,GV,Invoice,GA,Sale Tax Payable Aug-2126,Floor Source,2307,230.92,
SALES_TAX_PAYABLE_AUG25-38806,52,215,08/30/2025,38806,38806,GV,Invoice,TX,Sale Tax Payable Aug-2127,MCP Group,596,,7490.18
SALES_TAX_PAYABLE_AUG25-38806,52.5,950,08/30/2025,38806,38806,GV,Invoice,TX,Sale Tax Payable Aug-2128,MCP Group,596,7490.18,
SALES_TAX_PAYABLE_AUG25-38834,53,596,08/30/2025,38834,38834,GV,Invoice,NM,Sale Tax Payable Aug-2129,"Supreme Bright Albuquerque I, LLC",2537,,2466.75
SALES_TAX_PAYABLE_AUG25-38834,53.5,950,08/30/2025,38834,38834,GV,Invoice,NM,Sale Tax Payable Aug-2130,"Supreme Bright Albuquerque I, LLC",2537,2466.75,
SALES_TAX_PAYABLE_AUG25-38846,54,215,08/30/2025,38846,38846,GV,Invoice,TX,Sale Tax Payable Aug-2131,Contractors Tiles Plus,498,,457.43
SALES_TAX_PAYABLE_AUG25-38846,54.5,950,08/30/2025,38846,38846,GV,Invoice,TX,Sale Tax Payable Aug-2132,Contractors Tiles Plus,498,457.43,
SALES_TAX_PAYABLE_AUG25-38874,55,215,08/30/2025,38874,38874,GV,Invoice,TX,Sale Tax Payable Aug-2133,AQUATERRA OUTDOORS,454,,58.18
SALES_TAX_PAYABLE_AUG25-38874,55.5,950,08/30/2025,38874,38874,GV,Invoice,TX,Sale Tax Payable Aug-2134,AQUATERRA OUTDOORS,454,58.18,
SALES_TAX_PAYABLE_AUG25-38889,56,215,08/30/2025,38889,38889,GV,Invoice,TX,Sale Tax Payable Aug-2135,"Residence Inn Pearland, TX",2466,,171.60
SALES_TAX_PAYABLE_AUG25-38889,56.5,950,08/30/2025,38889,38889,GV,Invoice,TX,Sale Tax Payable Aug-2136,"Residence Inn Pearland, TX",2466,171.60,
SALES_TAX_PAYABLE_AUG25-38953,57,215,08/30/2025,38953,38953,GV,Invoice,TX,Sale Tax Payable Aug-2137,Floor Source,2307,,185.98
SALES_TAX_PAYABLE_AUG25-38953,57.5,950,08/30/2025,38953,38953,GV,Invoice,TX,Sale Tax Payable Aug-2138,Floor Source,2307,185.98,
SALES_TAX_PAYABLE_AUG25-38981,58,215,08/30/2025,38981,38981,GV,Invoice,TX,Sale Tax Payable Aug-2139,Floor Source,2307,,65.44
SALES_TAX_PAYABLE_AUG25-38981,58.5,950,08/30/2025,38981,38981,GV,Invoice,TX,Sale Tax Payable Aug-2140,Floor Source,2307,65.44,
SALES_TAX_PAYABLE_AUG25-38996,59,210,08/30/2025,38996,38996,GV,Invoice,AL,Sale Tax Payable Aug-2141,La Quinta Athens Alabama,2442,,165.13
SALES_TAX_PAYABLE_AUG25-38996,59.5,950,08/30/2025,38996,38996,GV,Invoice,AL,Sale Tax Payable Aug-2142,La Quinta Athens Alabama,2442,165.13,
SALES_TAX_PAYABLE_AUG25-39002,60,215,08/30/2025,39002,39002,GV,Invoice,TX,Sale Tax Payable Aug-2143,ZENITH ROOFING SERVICES,733,,2541.00
SALES_TAX_PAYABLE_AUG25-39002,60.5,950,08/30/2025,39002,39002,GV,Invoice,TX,Sale Tax Payable Aug-2144,ZENITH ROOFING SERVICES,733,2541.00,
SALES_TAX_PAYABLE_AUG25-34807/5,61,215,08/31/2025,34807/5,34807/5,GV,Invoice,TX,Sale Tax Payable Aug-2145,La Quinta by Wyndham Dallas DFW Airport N,3357,,28.88
SALES_TAX_PAYABLE_AUG25-34807/5,61.5,950,08/31/2025,34807/5,34807/5,GV,Invoice,TX,Sale Tax Payable Aug-2146,La Quinta by Wyndham Dallas DFW Airport N,3357,28.88,
SALES_TAX_PAYABLE_AUG25-36849/12,62,215,08/31/2025,36849/12,36849/12,GV,Invoice,TX,Sale Tax Payable Aug-2147,Imagine Porcelain Co. IPC.,567,,449.21
SALES_TAX_PAYABLE_AUG25-36849/12,62.5,950,08/31/2025,36849/12,36849/12,GV,Invoice,,Sale Tax Payable Aug-2148,Imagine Porcelain Co. IPC.,567,449.21,
SALES_TAX_PAYABLE_AUG25-37135/2,63,614,08/31/2025,37135/2,37135/2,GV,Invoice,WI,Sale Tax Payable Aug-2149,Wingate Sheboygan WI - 01954,3561,,111.70
SALES_TAX_PAYABLE_AUG25-37135/2,63.5,950,08/31/2025,37135/2,37135/2,GV,Invoice,WI,Sale Tax Payable Aug-2150,Wingate Sheboygan WI - 01954,3561,111.70,
SALES_TAX_PAYABLE_AUG25-37255/4,64,597,08/31/2025,37255/4,37255/4,GV,Invoice,NY,Sale Tax Payable Aug-2151,AFP 108 Corp.,2601,,81.18
SALES_TAX_PAYABLE_AUG25-37255/4,64.5,950,08/31/2025,37255/4,37255/4,GV,Invoice,NY,Sale Tax Payable Aug-2152,AFP 108 Corp.,2601,81.18,
SALES_TAX_PAYABLE_AUG25-37953/2,65,215,08/31/2025,37953/2,37953/2,GV,Invoice,TX,Sale Tax Payable Aug-2153,Monsoon Flower LLC,1720,,2664.09
SALES_TAX_PAYABLE_AUG25-37953/2,65.5,950,08/31/2025,37953/2,37953/2,GV,Invoice,TX,Sale Tax Payable Aug-2154,Monsoon Flower LLC,1720,2664.09,
SALES_TAX_PAYABLE_AUG25-37955/4,66,215,08/31/2025,37955/4,37955/4,GV,Invoice,TX,Sale Tax Payable Aug-2155,Monsoon Flower LLC,1720,,504.40
SALES_TAX_PAYABLE_AUG25-37955/4,66.5,950,08/31/2025,37955/4,37955/4,GV,Invoice,TX,Sale Tax Payable Aug-2156,Monsoon Flower LLC,1720,504.40,
SALES_TAX_PAYABLE_AUG25-37957/4,67,215,08/31/2025,37957/4,37957/4,GV,Invoice,TX,Sale Tax Payable Aug-2157,Monsoon Flower LLC,1720,,2395.43
SALES_TAX_PAYABLE_AUG25-37957/4,67.5,950,08/31/2025,37957/4,37957/4,GV,Invoice,TX,Sale Tax Payable Aug-2158,Monsoon Flower LLC,1720,2395.43,
SALES_TAX_PAYABLE_AUG25-37958/6,68,215,08/31/2025,37958/6,37958/6,GV,Invoice,TX,Sale Tax Payable Aug-2159,Monsoon Flower LLC,1720,,12253.40
SALES_TAX_PAYABLE_AUG25-37958/6,68.5,950,08/31/2025,37958/6,37958/6,GV,Invoice,TX,Sale Tax Payable Aug-2160,Monsoon Flower LLC,1720,12253.40,
SALES_TAX_PAYABLE_AUG25-37960/3,69,215,08/31/2025,37960/3,37960/3,GV,Invoice,TX,Sale Tax Payable Aug-2161,Monsoon Flower LLC,1720,,99.00
SALES_TAX_PAYABLE_AUG25-37960/3,69.5,950,08/31/2025,37960/3,37960/3,GV,Invoice,TX,Sale Tax Payable Aug-2162,Monsoon Flower LLC,1720,99.00,
SALES_TAX_PAYABLE_AUG25-37961/5,70,215,08/31/2025,37961/5,37961/5,GV,Invoice,TX,Sale Tax Payable Aug-2163,Monsoon Flower LLC,1720,,345.09
SALES_TAX_PAYABLE_AUG25-37961/5,70.5,950,08/31/2025,37961/5,37961/5,GV,Invoice,TX,Sale Tax Payable Aug-2164,Monsoon Flower LLC,1720,345.09,
SALES_TAX_PAYABLE_AUG25-38262,71,582,08/31/2025,38262,38262,GV,Invoice,KY,Sale Tax Payable Aug-2165,HOME2 SOMERSET,3526,,168.00
SALES_TAX_PAYABLE_AUG25-38262,71.5,950,08/31/2025,38262,38262,GV,Invoice,KY,Sale Tax Payable Aug-2166,HOME2 SOMERSET,3526,168.00,
SALES_TAX_PAYABLE_AUG25-38264/3,72,582,08/31/2025,38264/3,38264/3,GV,Invoice,KY,Sale Tax Payable Aug-2167,HOME2 SOMERSET,3526,,1379.74
SALES_TAX_PAYABLE_AUG25-38264/3,72.5,950,08/31/2025,38264/3,38264/3,GV,Invoice,KY,Sale Tax Payable Aug-2168,HOME2 SOMERSET,3526,1379.74,
SALES_TAX_PAYABLE_AUG25-38267,73,582,08/31/2025,38267,38267,GV,Invoice,KY,Sale Tax Payable Aug-2169,HOME2 SOMERSET,3526,,443.15
SALES_TAX_PAYABLE_AUG25-38267,73.5,950,08/31/2025,38267,38267,GV,Invoice,KY,Sale Tax Payable Aug-2170,HOME2 SOMERSET,3526,443.15,
SALES_TAX_PAYABLE_AUG25-38473,74,569,08/31/2025,38473,38473,GV,Invoice,CA,Sale Tax Payable Aug-2171,Hestan Winery,2519,,1323.43
SALES_TAX_PAYABLE_AUG25-38473,74.5,950,08/31/2025,38473,38473,GV,Invoice,CA,Sale Tax Payable Aug-2172,Hestan Winery,2519,1323.43,
SALES_TAX_PAYABLE_AUG25-38508/2,75,215,08/31/2025,38508/2,38508/2,GV,Invoice,TX,Sale Tax Payable Aug-2173,Tommy Wong,3563,,47.31
SALES_TAX_PAYABLE_AUG25-38508/2,75.5,950,08/31/2025,38508/2,38508/2,GV,Invoice,TX,Sale Tax Payable Aug-2174,Tommy Wong,3563,47.31,
SALES_TAX_PAYABLE_AUG25-38557,76,215,08/31/2025,38557,38557,GV,Invoice,TX,Sale Tax Payable Aug-2175,Graniti Vicentia,1938,,524.91
SALES_TAX_PAYABLE_AUG25-38557,76.5,950,08/31/2025,38557,38557,GV,Invoice,TX,Sale Tax Payable Aug-2176,Graniti Vicentia,1938,524.91,
SALES_TAX_PAYABLE_AUG25-38603,77,215,08/31/2025,38603,38603,GV,Invoice,TX,Sale Tax Payable Aug-2177,DEVEN BHAKTA PORT ARANSAS HOME,515,,87.15
SALES_TAX_PAYABLE_AUG25-38603,77.5,950,08/31/2025,38603,38603,GV,Invoice,TX,Sale Tax Payable Aug-2178,DEVEN BHAKTA PORT ARANSAS HOME,515,87.15,
SALES_TAX_PAYABLE_AUG25-38621,78,595,08/31/2025,38621,38621,GV,Invoice,NJ,Sale Tax Payable Aug-2179,Two one two,3397,,1607.59
SALES_TAX_PAYABLE_AUG25-38621,78.5,950,08/31/2025,38621,38621,GV,Invoice,NJ,Sale Tax Payable Aug-2180,Two one two,3397,1607.59,
SALES_TAX_PAYABLE_AUG25-38670,79,569,08/31/2025,38670,38670,GV,Invoice,CA,Sale Tax Payable Aug-2181,SKIMS Retail,2597,,13633.33
SALES_TAX_PAYABLE_AUG25-38670,79.5,950,08/31/2025,38670,38670,GV,Invoice,CA,Sale Tax Payable Aug-2182,SKIMS Retail,2597,13633.33,
SALES_TAX_PAYABLE_AUG25-38671,80,215,08/31/2025,38671,38671,GV,Invoice,TX,Sale Tax Payable Aug-2183,Monsoon Flower LLC,1720,,2342.65
SALES_TAX_PAYABLE_AUG25-38671,80.5,950,08/31/2025,38671,38671,GV,Invoice,TX,Sale Tax Payable Aug-2184,Monsoon Flower LLC,1720,2342.65,
SALES_TAX_PAYABLE_AUG25-38671/5,81,215,08/31/2025,38671/5,38671/5,GV,Invoice,TX,Sale Tax Payable Aug-2185,Monsoon Flower LLC,1720,,6889.00
SALES_TAX_PAYABLE_AUG25-38671/5,81.5,950,08/31/2025,38671/5,38671/5,GV,Invoice,TX,Sale Tax Payable Aug-2186,Monsoon Flower LLC,1720,6889.00,
SALES_TAX_PAYABLE_AUG25-38674,82,215,08/31/2025,38674,38674,GV,Invoice,TX,Sale Tax Payable Aug-2187,Didier Nader,3565,,12.83
SALES_TAX_PAYABLE_AUG25-38674,82.5,950,08/31/2025,38674,38674,GV,Invoice,TX,Sale Tax Payable Aug-2188,Didier Nader,3565,12.83,
SALES_TAX_PAYABLE_AUG25-38701,83,215,08/31/2025,38701,38701,GV,Invoice,TX,Sale Tax Payable Aug-2189,AQUATERRA OUTDOORS,454,,215.30
SALES_TAX_PAYABLE_AUG25-38701,83.5,950,08/31/2025,38701,38701,GV,Invoice,TX,Sale Tax Payable Aug-2190,AQUATERRA OUTDOORS,454,215.30,
SALES_TAX_PAYABLE_AUG25-38721,84,215,08/31/2025,38721,38721,GV,Invoice,TX,Sale Tax Payable Aug-2191,Holiday Inn Express and Suites,2159,,16.99
SALES_TAX_PAYABLE_AUG25-38721,84.5,950,08/31/2025,38721,38721,GV,Invoice,TX,Sale Tax Payable Aug-2192,Holiday Inn Express and Suites,2159,16.99,
SALES_TAX_PAYABLE_AUG25-38726,85,215,08/31/2025,38726,38726,GV,Invoice,TX,Sale Tax Payable Aug-2193,Hampton Inn Corpus Christi,1933,,170.20
SALES_TAX_PAYABLE_AUG25-38726,85.5,950,08/31/2025,38726,38726,GV,Invoice,TX,Sale Tax Payable Aug-2194,Hampton Inn Corpus Christi,1933,170.20,
SALES_TAX_PAYABLE_AUG25-38733/3,86,574,08/31/2025,38733/3,38733/3,GV,Invoice,FL,Sale Tax Payable Aug-2195,Marino Construction,2335,,28.19
SALES_TAX_PAYABLE_AUG25-38733/3,86.5,950,08/31/2025,38733/3,38733/3,GV,Invoice,FL,Sale Tax Payable Aug-2196,Marino Construction,2335,28.19,
SALES_TAX_PAYABLE_AUG25-38785,87,215,08/31/2025,38785,38785,GV,Invoice,TX,Sale Tax Payable Aug-2197,Vedi Hospitality LLC,2316,,214.83
SALES_TAX_PAYABLE_AUG25-38785,87.5,950,08/31/2025,38785,38785,GV,Invoice,TX,Sale Tax Payable Aug-2198,Vedi Hospitality LLC,2316,214.83,
SALES_TAX_PAYABLE_AUG25-38793,88,215,08/31/2025,38793,38793,GV,Invoice,TX,Sale Tax Payable Aug-2199,LQ Kingston,2358,,14.00
SALES_TAX_PAYABLE_AUG25-38793,88.5,950,08/31/2025,38793,38793,GV,Invoice,TX,Sale Tax Payable Aug-2200,LQ Kingston,2358,14.00,
SALES_TAX_PAYABLE_AUG25-38795,89,578,08/31/2025,38795,38795,GV,Invoice,IL,Sale Tax Payable Aug-2201,My Grout Guyz Inc,2377,,11.39
SALES_TAX_PAYABLE_AUG25-38795,89.5,950,08/31/2025,38795,38795,GV,Invoice,IL,Sale Tax Payable Aug-2202,My Grout Guyz Inc,2377,11.39,
SALES_TAX_PAYABLE_AUG25-38796,90,572,08/31/2025,38796,38796,GV,Invoice,DE,Sale Tax Payable Aug-2203,Trinity Contract Flooring,2379,,32.55
SALES_TAX_PAYABLE_AUG25-38796,90.5,950,08/31/2025,38796,38796,GV,Invoice,DE,Sale Tax Payable Aug-2204,Trinity Contract Flooring,2379,32.55,
SALES_TAX_PAYABLE_AUG25-38799,91,215,08/31/2025,38799,38799,GV,Invoice,TX,Sale Tax Payable Aug-2205,ASHWIN PATEL,2440,,232.27
SALES_TAX_PAYABLE_AUG25-38799,91.5,950,08/31/2025,38799,38799,GV,Invoice,TX,Sale Tax Payable Aug-2206,ASHWIN PATEL,2440,232.27,
SALES_TAX_PAYABLE_AUG25-38800,92,578,08/31/2025,38800,38800,GV,Invoice,IL,Sale Tax Payable Aug-2207,SSC Construction,2415,,1102.50
SALES_TAX_PAYABLE_AUG25-38800,92.5,950,08/31/2025,38800,38800,GV,Invoice,IL,Sale Tax Payable Aug-2208,SSC Construction,2415,1102.50,
SALES_TAX_PAYABLE_AUG25-38801,93,215,08/31/2025,38801,38801,GV,Invoice,TX,Sale Tax Payable Aug-2209,Southwest Contracting LP,2334,,74.25
SALES_TAX_PAYABLE_AUG25-38801,93.5,950,08/31/2025,38801,38801,GV,Invoice,TX,Sale Tax Payable Aug-2210,Southwest Contracting LP,2334,74.25,
SALES_TAX_PAYABLE_AUG25-38803,94,600,08/31/2025,38803,38803,GV,Invoice,OH,Sale Tax Payable Aug-2211,"La Quinta Inn & Suites-Mansfield, OH",2349,,367.98
SALES_TAX_PAYABLE_AUG25-38803,94.5,950,08/31/2025,38803,38803,GV,Invoice,OH,Sale Tax Payable Aug-2212,"La Quinta Inn & Suites-Mansfield, OH",2349,367.98,
SALES_TAX_PAYABLE_AUG25-38807,95,568,08/31/2025,38807,38807,GV,Invoice,AR,Sale Tax Payable Aug-2213,Double Tree,2329,,941.90
SALES_TAX_PAYABLE_AUG25-38807,95.5,950,08/31/2025,38807,38807,GV,Invoice,AR,Sale Tax Payable Aug-2214,Double Tree,2329,941.90,
SALES_TAX_PAYABLE_AUG25-38809,96,568,08/31/2025,38809,38809,GV,Invoice,AR,Sale Tax Payable Aug-2215,Homewood Suites Fayetteville,2330,,609.40
SALES_TAX_PAYABLE_AUG25-38809,96.5,950,08/31/2025,38809,38809,GV,Invoice,AR,Sale Tax Payable Aug-2216,Homewood Suites Fayetteville,2330,609.40,
SALES_TAX_PAYABLE_AUG25-38815,97,596,08/31/2025,38815,38815,GV,Invoice,NM,Sale Tax Payable Aug-2217,Hampton Inn & Suite - NM,2048,,307.15
SALES_TAX_PAYABLE_AUG25-38815,97.5,950,08/31/2025,38815,38815,GV,Invoice,NM,Sale Tax Payable Aug-2218,Hampton Inn & Suite - NM,2048,307.15,
SALES_TAX_PAYABLE_AUG25-38818,98,215,08/31/2025,38818,38818,GV,Invoice,TX,Sale Tax Payable Aug-2219,ALPHA REMODELING,2386,,63.94
SALES_TAX_PAYABLE_AUG25-38818,98.5,950,08/31/2025,38818,38818,GV,Invoice,TX,Sale Tax Payable Aug-2220,ALPHA REMODELING,2386,63.94,
SALES_TAX_PAYABLE_AUG25-38820,99,215,08/31/2025,38820,38820,GV,Invoice,TX,Sale Tax Payable Aug-2221,Iannacone Residence,2347,,8456.27
SALES_TAX_PAYABLE_AUG25-38820,99.5,950,08/31/2025,38820,38820,GV,Invoice,TX,Sale Tax Payable Aug-2222,Iannacone Residence,2347,8456.27,
SALES_TAX_PAYABLE_AUG25-38820/3,100,215,08/31/2025,38820/3,38820/3,GV,Invoice,TX,Sale Tax Payable Aug-2223,Iannacone Residence,2347,,33.27
SALES_TAX_PAYABLE_AUG25-38820/3,100.5,950,08/31/2025,38820/3,38820/3,GV,Invoice,TX,Sale Tax Payable Aug-2224,Iannacone Residence,2347,33.27,
SALES_TAX_PAYABLE_AUG25-38835,101,575,08/31/2025,38835,38835,GV,Invoice,GA,Sale Tax Payable Aug-2225,Specialty Tile Products Inc.,3566,,122.97
SALES_TAX_PAYABLE_AUG25-38835,101.5,950,08/31/2025,38835,38835,GV,Invoice,GA,Sale Tax Payable Aug-2226,Specialty Tile Products Inc.,3566,122.97,
SALES_TAX_PAYABLE_AUG25-38842,102,586,08/31/2025,38842,38842,GV,Invoice,MA,Sale Tax Payable Aug-2227,Auburn Lodging LLC,2577,,3664.38
SALES_TAX_PAYABLE_AUG25-38842,102.5,950,08/31/2025,38842,38842,GV,Invoice,MA,Sale Tax Payable Aug-2228,Auburn Lodging LLC,2577,3664.38,
SALES_TAX_PAYABLE_AUG25-38852,103,598,08/31/2025,38852,38852,GV,Invoice,NC,Sale Tax Payable Aug-2229,Springhill Greensboro NC,2450,,196.82
SALES_TAX_PAYABLE_AUG25-38852,103.5,950,08/31/2025,38852,38852,GV,Invoice,NC,Sale Tax Payable Aug-2230,Springhill Greensboro NC,2450,196.82,
SALES_TAX_PAYABLE_AUG25-38853,104,608,08/31/2025,38853,38853,GV,Invoice,TN,Sale Tax Payable Aug-2231,"L Peters Construction, Inc.",2524,,117.94
SALES_TAX_PAYABLE_AUG25-38853,104.5,950,08/31/2025,38853,38853,GV,Invoice,TN,Sale Tax Payable Aug-2232,"L Peters Construction, Inc.",2524,117.94,
SALES_TAX_PAYABLE_AUG25-38854,105,215,08/31/2025,38854,38854,GV,Invoice,TX,Sale Tax Payable Aug-2233,Days Inn in Georgetown,2441,,2763.75
SALES_TAX_PAYABLE_AUG25-38854,105.5,950,08/31/2025,38854,38854,GV,Invoice,TX,Sale Tax Payable Aug-2234,Days Inn in Georgetown,2441,2763.75,
SALES_TAX_PAYABLE_AUG25-38856,106,215,08/31/2025,38856,38856,GV,Invoice,TX,Sale Tax Payable Aug-2235,Soma construction,2306,,74.25
SALES_TAX_PAYABLE_AUG25-38856,106.5,950,08/31/2025,38856,38856,GV,Invoice,TX,Sale Tax Payable Aug-2236,Soma construction,2306,74.25,
SALES_TAX_PAYABLE_AUG25-38865,107,215,08/31/2025,38865,38865,GV,Invoice,TX,Sale Tax Payable Aug-2237,PRIME SAY LLC,2455,,28.88
SALES_TAX_PAYABLE_AUG25-38865,107.5,950,08/31/2025,38865,38865,GV,Invoice,TX,Sale Tax Payable Aug-2238,PRIME SAY LLC,2455,28.88,
SALES_TAX_PAYABLE_AUG25-38867,108,215,08/31/2025,38867,38867,GV,Invoice,TX,Sale Tax Payable Aug-2239,CONTEMPO builders,2456,,34.08
SALES_TAX_PAYABLE_AUG25-38867,108.5,950,08/31/2025,38867,38867,GV,Invoice,TX,Sale Tax Payable Aug-2240,CONTEMPO builders,2456,34.08,
SALES_TAX_PAYABLE_AUG25-38873,109,215,08/31/2025,38873,38873,GV,Invoice,TX,Sale Tax Payable Aug-2241,ALPHA REMODELING,2386,,62.64
SALES_TAX_PAYABLE_AUG25-38873,109.5,950,08/31/2025,38873,38873,GV,Invoice,TX,Sale Tax Payable Aug-2242,ALPHA REMODELING,2386,62.64,
SALES_TAX_PAYABLE_AUG25-38880,110,578,08/31/2025,38880,38880,GV,Invoice,IL,Sale Tax Payable Aug-2243,"Holiday Inn Express - Zion, IL",3343,,86.40
SALES_TAX_PAYABLE_AUG25-38880,110.5,950,08/31/2025,38880,38880,GV,Invoice,IL,Sale Tax Payable Aug-2244,"Holiday Inn Express - Zion, IL",3343,86.40,
SALES_TAX_PAYABLE_AUG25-38884,111,215,08/31/2025,38884,38884,GV,Invoice,TX,Sale Tax Payable Aug-2245,Soma construction,2306,,37.13
SALES_TAX_PAYABLE_AUG25-38884,111.5,950,08/31/2025,38884,38884,GV,Invoice,TX,Sale Tax Payable Aug-2246,Soma construction,2306,37.13,
SALES_TAX_PAYABLE_AUG25-38904,112,215,08/31/2025,38904,38904,GV,Invoice,TX,Sale Tax Payable Aug-2247,Davaco - Chilies Restroom remodel Woodlands. TX,3568,,102.94
SALES_TAX_PAYABLE_AUG25-38904,112.5,950,08/31/2025,38904,38904,GV,Invoice,TX,Sale Tax Payable Aug-2248,Davaco - Chilies Restroom remodel Woodlands. TX,3568,102.94,
SALES_TAX_PAYABLE_AUG25-38911,113,215,08/31/2025,38911,38911,GV,Invoice,TX,Sale Tax Payable Aug-2249,Treco Enterprises Inc.,2185,,72.60
SALES_TAX_PAYABLE_AUG25-38911,113.5,950,08/31/2025,38911,38911,GV,Invoice,TX,Sale Tax Payable Aug-2250,Treco Enterprises Inc.,2185,72.60,
SALES_TAX_PAYABLE_AUG25-38913,114,210,08/31/2025,38913,38913,GV,Invoice,AL,Sale Tax Payable Aug-2251,Home 2 Suite by Hilton,2186,,19.21
SALES_TAX_PAYABLE_AUG25-38913,114.5,950,08/31/2025,38913,38913,GV,Invoice,AL,Sale Tax Payable Aug-2252,Home 2 Suite by Hilton,2186,19.21,
SALES_TAX_PAYABLE_AUG25-38915,115,583,08/31/2025,38915,38915,GV,Invoice,LA,Sale Tax Payable Aug-2253,"Gulf Coast Hotel Group,LLC DBA Doubletree by Hilton",2193,,56.13
SALES_TAX_PAYABLE_AUG25-38915,115.5,950,08/31/2025,38915,38915,GV,Invoice,LA,Sale Tax Payable Aug-2254,"Gulf Coast Hotel Group,LLC DBA Doubletree by Hilton",2193,56.13,
SALES_TAX_PAYABLE_AUG25-38916,116,569,08/31/2025,38916,38916,GV,Invoice,CA,Sale Tax Payable Aug-2255,Apex Imaging Services,452,,58.11
SALES_TAX_PAYABLE_AUG25-38916,116.5,950,08/31/2025,38916,38916,GV,Invoice,CA,Sale Tax Payable Aug-2256,Apex Imaging Services,452,58.11,
SALES_TAX_PAYABLE_AUG25-38921,117,578,08/31/2025,38921,38921,GV,Invoice,IL,Sale Tax Payable Aug-2257,Rock River Valley Flooring Inc,2288,,3.80
SALES_TAX_PAYABLE_AUG25-38921,117.5,950,08/31/2025,38921,38921,GV,Invoice,IL,Sale Tax Payable Aug-2258,Rock River Valley Flooring Inc,2288,3.80,
SALES_TAX_PAYABLE_AUG25-38942,118,601,08/31/2025,38942,38942,GV,Invoice,OK,Sale Tax Payable Aug-2259,Anish Patel,2413,,39.91
SALES_TAX_PAYABLE_AUG25-38942,118.5,950,08/31/2025,38942,38942,GV,Invoice,OK,Sale Tax Payable Aug-2260,Anish Patel,2413,39.91,
SALES_TAX_PAYABLE_AUG25-38946,119,590,08/31/2025,38946,38946,GV,Invoice,MO,Sale Tax Payable Aug-2261,Queen City Winnelson,2336,,293.66
SALES_TAX_PAYABLE_AUG25-38946,119.5,950,08/31/2025,38946,38946,GV,Invoice,MO,Sale Tax Payable Aug-2262,Queen City Winnelson,2336,293.66,
SALES_TAX_PAYABLE_AUG25-38957,120,215,08/31/2025,38957,38957,GV,Invoice,TX,Sale Tax Payable Aug-2263,Total Floors,2210,,46.99
SALES_TAX_PAYABLE_AUG25-38957,120.5,950,08/31/2025,38957,38957,GV,Invoice,TX,Sale Tax Payable Aug-2264,Total Floors,2210,46.99,
SALES_TAX_PAYABLE_AUG25-38959,121,215,08/31/2025,38959,38959,GV,Invoice,TX,Sale Tax Payable Aug-2265,Mehr Consultancy,1934,,67.27
SALES_TAX_PAYABLE_AUG25-38959,121.5,950,08/31/2025,38959,38959,GV,Invoice,TX,Sale Tax Payable Aug-2266,Mehr Consultancy,1934,67.27,
SALES_TAX_PAYABLE_AUG25-38962,122,215,08/31/2025,38962,38962,GV,Invoice,TX,Sale Tax Payable Aug-2267,Kevin Sims,577,,7.62
SALES_TAX_PAYABLE_AUG25-38962,122.5,950,08/31/2025,38962,38962,GV,Invoice,TX,Sale Tax Payable Aug-2268,Kevin Sims,577,7.62,
SALES_TAX_PAYABLE_AUG25-38963,123,215,08/31/2025,38963,38963,GV,Invoice,TX,Sale Tax Payable Aug-2269,Contempo Builder,2456,,8.52
SALES_TAX_PAYABLE_AUG25-38963,123.5,950,08/31/2025,38963,38963,GV,Invoice,TX,Sale Tax Payable Aug-2270,Contempo Builder,2456,8.52,
SALES_TAX_PAYABLE_AUG25-38985,124,580,08/31/2025,38985,38985,GV,Invoice,IA,Sale Tax Payable Aug-2271,Apple Investments LLC,453,,98.07
SALES_TAX_PAYABLE_AUG25-38985,124.5,950,08/31/2025,38985,38985,GV,Invoice,IA,Sale Tax Payable Aug-2272,Apple Investments LLC,453,98.07,
SALES_TAX_PAYABLE_AUG25-38987,125,215,08/31/2025,38987,38987,GV,Invoice,TX,Sale Tax Payable Aug-2273,Homewood Suites Beaumont,2348,,42.44
SALES_TAX_PAYABLE_AUG25-38987,125.5,950,08/31/2025,38987,38987,GV,Invoice,TX,Sale Tax Payable Aug-2274,Homewood Suites Beaumont,2348,42.44,
SALES_TAX_PAYABLE_AUG25-38992,126,215,08/31/2025,38992,38992,GV,Invoice,TX,Sale Tax Payable Aug-2275,Nick Platt Construction,2457,,1161.58
SALES_TAX_PAYABLE_AUG25-38992,126.5,950,08/31/2025,38992,38992,GV,Invoice,TX,Sale Tax Payable Aug-2276,Nick Platt Construction,2457,1161.58,
SALES_TAX_PAYABLE_AUG25-38997,127,210,08/31/2025,38997,38997,GV,Invoice,AL,Sale Tax Payable Aug-2277,La Quinta Athens Alabama,2442,,1547.20
SALES_TAX_PAYABLE_AUG25-38997,127.5,950,08/31/2025,38997,38997,GV,Invoice,AL,Sale Tax Payable Aug-2278,La Quinta Athens Alabama,2442,1547.20,
SALES_TAX_PAYABLE_AUG25-39009,128,600,08/31/2025,39009,39009,GV,Invoice,OH,Sale Tax Payable Aug-2279,"Jerry Osborne & Associates, LLC",575,,571.27
SALES_TAX_PAYABLE_AUG25-39009,128.5,950,08/31/2025,39009,39009,GV,Invoice,OH,Sale Tax Payable Aug-2280,"Jerry Osborne & Associates, LLC",575,571.27,
SALES_TAX_PAYABLE_AUG25-39084,129,569,08/31/2025,39084,39084,GV,Invoice,CA,Sale Tax Payable Aug-2281,Two one two,3397,,1477.75
SALES_TAX_PAYABLE_AUG25-39084,129.5,950,08/31/2025,39084,39084,GV,Invoice,CA,Sale Tax Payable Aug-2282,Two one two,3397,1477.75,
SALES_TAX_PAYABLE_AUG25-39088,130,596,08/31/2025,39088,39088,GV,Invoice,NM,Sale Tax Payable Aug-2283,PREDOCK,2162,,489.62
SALES_TAX_PAYABLE_AUG25-39088,130.5,950,08/31/2025,39088,39088,GV,Invoice,NM,Sale Tax Payable Aug-2284,PREDOCK,2162,489.62,
